[debug] [2026-02-20T10:23:10.164Z] ----------------------------------------------------------------------
[debug] [2026-02-20T10:23:10.171Z] Command:       C:\nvm4w\nodejs\node.exe C:\Users\akash\AppData\Roaming\npm\node_modules\firebase-tools\lib\bin\firebase.js deploy --only functions
[debug] [2026-02-20T10:23:10.171Z] CLI Version:   14.24.2
[debug] [2026-02-20T10:23:10.171Z] Platform:      win32
[debug] [2026-02-20T10:23:10.171Z] Node Version:  v20.19.6
[debug] [2026-02-20T10:23:10.171Z] Time:          Fri Feb 20 2026 15:53:10 GMT+0530 (India Standard Time)
[debug] [2026-02-20T10:23:10.171Z] ----------------------------------------------------------------------
[debug] 
[debug] [2026-02-20T10:23:10.329Z] > command requires scopes: ["email","openid","https://www.googleapis.com/auth/cloudplatformprojects.readonly","https://www.googleapis.com/auth/firebase","https://www.googleapis.com/auth/cloud-platform"]
[debug] [2026-02-20T10:23:10.329Z] > authorizing via signed-in user (thevisamanager@gmail.com)
[debug] [2026-02-20T10:23:10.329Z] [iam] checking project thevisamanager-bea80 for permissions ["cloudfunctions.functions.create","cloudfunctions.functions.delete","cloudfunctions.functions.get","cloudfunctions.functions.list","cloudfunctions.functions.update","cloudfunctions.operations.get","firebase.projects.get"]
[debug] [2026-02-20T10:23:10.331Z] Checked if tokens are valid: true, expires at: 1771585909769
[debug] [2026-02-20T10:23:10.331Z] Checked if tokens are valid: true, expires at: 1771585909769
[debug] [2026-02-20T10:23:10.331Z] >>> [apiv2][query] POST https://cloudresourcemanager.googleapis.com/v1/projects/thevisamanager-bea80:testIamPermissions [none]
[debug] [2026-02-20T10:23:10.332Z] >>> [apiv2][(partial)header] POST https://cloudresourcemanager.googleapis.com/v1/projects/thevisamanager-bea80:testIamPermissions x-goog-quota-user=projects/thevisamanager-bea80
[debug] [2026-02-20T10:23:10.332Z] >>> [apiv2][body] POST https://cloudresourcemanager.googleapis.com/v1/projects/thevisamanager-bea80:testIamPermissions {"permissions":["cloudfunctions.functions.create","cloudfunctions.functions.delete","cloudfunctions.functions.get","cloudfunctions.functions.list","cloudfunctions.functions.update","cloudfunctions.operations.get","firebase.projects.get"]}
[debug] [2026-02-20T10:23:12.406Z] <<< [apiv2][status] POST https://cloudresourcemanager.googleapis.com/v1/projects/thevisamanager-bea80:testIamPermissions 200
[debug] [2026-02-20T10:23:12.406Z] <<< [apiv2][body] POST https://cloudresourcemanager.googleapis.com/v1/projects/thevisamanager-bea80:testIamPermissions {"permissions":["cloudfunctions.functions.create","cloudfunctions.functions.delete","cloudfunctions.functions.get","cloudfunctions.functions.list","cloudfunctions.functions.update","cloudfunctions.operations.get","firebase.projects.get"]}
[debug] [2026-02-20T10:23:12.406Z] Checked if tokens are valid: true, expires at: 1771585909769
[debug] [2026-02-20T10:23:12.407Z] Checked if tokens are valid: true, expires at: 1771585909769
[debug] [2026-02-20T10:23:12.407Z] >>> [apiv2][query] POST https://iam.googleapis.com/v1/projects/thevisamanager-bea80/serviceAccounts/thevisamanager-bea80@appspot.gserviceaccount.com:testIamPermissions [none]
[debug] [2026-02-20T10:23:12.407Z] >>> [apiv2][body] POST https://iam.googleapis.com/v1/projects/thevisamanager-bea80/serviceAccounts/thevisamanager-bea80@appspot.gserviceaccount.com:testIamPermissions {"permissions":["iam.serviceAccounts.actAs"]}
[debug] [2026-02-20T10:23:13.002Z] <<< [apiv2][status] POST https://iam.googleapis.com/v1/projects/thevisamanager-bea80/serviceAccounts/thevisamanager-bea80@appspot.gserviceaccount.com:testIamPermissions 200
[debug] [2026-02-20T10:23:13.002Z] <<< [apiv2][body] POST https://iam.googleapis.com/v1/projects/thevisamanager-bea80/serviceAccounts/thevisamanager-bea80@appspot.gserviceaccount.com:testIamPermissions {"permissions":["iam.serviceAccounts.actAs"]}
[info] 
[info] === Deploying to 'thevisamanager-bea80'...
[info] 
[info] i  deploying functions 
[debug] [2026-02-20T10:23:13.009Z] Checked if tokens are valid: true, expires at: 1771585909769
[debug] [2026-02-20T10:23:13.009Z] Checked if tokens are valid: true, expires at: 1771585909769
[debug] [2026-02-20T10:23:13.010Z] >>> [apiv2][query] GET https://cloudresourcemanager.googleapis.com/v1/projects/thevisamanager-bea80 [none]
[debug] [2026-02-20T10:23:13.574Z] <<< [apiv2][status] GET https://cloudresourcemanager.googleapis.com/v1/projects/thevisamanager-bea80 200
[debug] [2026-02-20T10:23:13.574Z] <<< [apiv2][body] GET https://cloudresourcemanager.googleapis.com/v1/projects/thevisamanager-bea80 {"projectNumber":"973458787565","projectId":"thevisamanager-bea80","lifecycleState":"ACTIVE","name":"Thevisamanager","labels":{"firebase":"enabled","firebase-core":"disabled"},"createTime":"2025-10-14T09:31:12.508300Z"}
[info] i  functions: preparing codebase default for deployment 
[info] i  functions: ensuring required API cloudfunctions.googleapis.com is enabled... 
[info] i  functions: ensuring required API cloudbuild.googleapis.com is enabled... 
[info] i  artifactregistry: ensuring required API artifactregistry.googleapis.com is enabled... 
[debug] [2026-02-20T10:23:13.580Z] Checked if tokens are valid: true, expires at: 1771585909769
[debug] [2026-02-20T10:23:13.580Z] Checked if tokens are valid: true, expires at: 1771585909769
[debug] [2026-02-20T10:23:13.580Z] >>> [apiv2][query] GET https://firebase.googleapis.com/v1beta1/projects/thevisamanager-bea80/adminSdkConfig [none]
[debug] [2026-02-20T10:23:14.335Z] <<< [apiv2][status] GET https://firebase.googleapis.com/v1beta1/projects/thevisamanager-bea80/adminSdkConfig 200
[debug] [2026-02-20T10:23:14.335Z] <<< [apiv2][body] GET https://firebase.googleapis.com/v1beta1/projects/thevisamanager-bea80/adminSdkConfig {"projectId":"thevisamanager-bea80","storageBucket":"thevisamanager-bea80.firebasestorage.app"}
[debug] [2026-02-20T10:23:14.336Z] Checked if tokens are valid: true, expires at: 1771585909769
[debug] [2026-02-20T10:23:14.336Z] Checked if tokens are valid: true, expires at: 1771585909769
[debug] [2026-02-20T10:23:14.336Z] >>> [apiv2][query] GET https://runtimeconfig.googleapis.com/v1beta1/projects/thevisamanager-bea80/configs [none]
[debug] [2026-02-20T10:23:15.622Z] <<< [apiv2][status] GET https://runtimeconfig.googleapis.com/v1beta1/projects/thevisamanager-bea80/configs 200
[debug] [2026-02-20T10:23:15.623Z] <<< [apiv2][body] GET https://runtimeconfig.googleapis.com/v1beta1/projects/thevisamanager-bea80/configs {"configs":[{"name":"projects/thevisamanager-bea80/configs/google"},{"name":"projects/thevisamanager-bea80/configs/razorpay"}]}
[debug] [2026-02-20T10:23:15.624Z] Checked if tokens are valid: true, expires at: 1771585909769
[debug] [2026-02-20T10:23:15.624Z] Checked if tokens are valid: true, expires at: 1771585909769
[debug] [2026-02-20T10:23:15.624Z] Checked if tokens are valid: true, expires at: 1771585909769
[debug] [2026-02-20T10:23:15.624Z] Checked if tokens are valid: true, expires at: 1771585909769
[debug] [2026-02-20T10:23:15.624Z] >>> [apiv2][query] GET https://runtimeconfig.googleapis.com/v1beta1/projects/thevisamanager-bea80/configs/google/variables [none]
[debug] [2026-02-20T10:23:15.625Z] >>> [apiv2][query] GET https://runtimeconfig.googleapis.com/v1beta1/projects/thevisamanager-bea80/configs/razorpay/variables [none]
[debug] [2026-02-20T10:23:15.981Z] <<< [apiv2][status] GET https://runtimeconfig.googleapis.com/v1beta1/projects/thevisamanager-bea80/configs/google/variables 200
[debug] [2026-02-20T10:23:15.982Z] <<< [apiv2][body] GET https://runtimeconfig.googleapis.com/v1beta1/projects/thevisamanager-bea80/configs/google/variables {"variables":[{"name":"projects/thevisamanager-bea80/configs/google/variables/places_key","updateTime":"2026-01-06T13:06:24.107446041Z"}]}
[debug] [2026-02-20T10:23:15.982Z] Checked if tokens are valid: true, expires at: 1771585909769
[debug] [2026-02-20T10:23:15.982Z] Checked if tokens are valid: true, expires at: 1771585909769
[debug] [2026-02-20T10:23:15.983Z] >>> [apiv2][query] GET https://runtimeconfig.googleapis.com/v1beta1/projects/thevisamanager-bea80/configs/google/variables/places_key [none]
[debug] [2026-02-20T10:23:15.987Z] <<< [apiv2][status] GET https://runtimeconfig.googleapis.com/v1beta1/projects/thevisamanager-bea80/configs/razorpay/variables 200
[debug] [2026-02-20T10:23:15.988Z] <<< [apiv2][body] GET https://runtimeconfig.googleapis.com/v1beta1/projects/thevisamanager-bea80/configs/razorpay/variables {"variables":[{"name":"projects/thevisamanager-bea80/configs/razorpay/variables/key_id","updateTime":"2025-11-26T12:19:55.975801156Z"},{"name":"projects/thevisamanager-bea80/configs/razorpay/variables/key_secret","updateTime":"2025-11-26T12:19:56.126835641Z"}]}
[debug] [2026-02-20T10:23:15.988Z] Checked if tokens are valid: true, expires at: 1771585909769
[debug] [2026-02-20T10:23:15.988Z] Checked if tokens are valid: true, expires at: 1771585909769
[debug] [2026-02-20T10:23:15.988Z] Checked if tokens are valid: true, expires at: 1771585909769
[debug] [2026-02-20T10:23:15.988Z] Checked if tokens are valid: true, expires at: 1771585909769
[debug] [2026-02-20T10:23:15.989Z] >>> [apiv2][query] GET https://runtimeconfig.googleapis.com/v1beta1/projects/thevisamanager-bea80/configs/razorpay/variables/key_id [none]
[debug] [2026-02-20T10:23:15.990Z] >>> [apiv2][query] GET https://runtimeconfig.googleapis.com/v1beta1/projects/thevisamanager-bea80/configs/razorpay/variables/key_secret [none]
[debug] [2026-02-20T10:23:16.340Z] <<< [apiv2][status] GET https://runtimeconfig.googleapis.com/v1beta1/projects/thevisamanager-bea80/configs/google/variables/places_key 200
[debug] [2026-02-20T10:23:16.340Z] <<< [apiv2][body] GET https://runtimeconfig.googleapis.com/v1beta1/projects/thevisamanager-bea80/configs/google/variables/places_key {"name":"projects/thevisamanager-bea80/configs/google/variables/places_key","updateTime":"2026-01-06T13:06:24.107446041Z","text":"AIzaSyAPNB4o4rSI4XP0m6F83cpRjyB7VLMf0k"}
[debug] [2026-02-20T10:23:16.345Z] <<< [apiv2][status] GET https://runtimeconfig.googleapis.com/v1beta1/projects/thevisamanager-bea80/configs/razorpay/variables/key_secret 200
[debug] [2026-02-20T10:23:16.346Z] <<< [apiv2][body] GET https://runtimeconfig.googleapis.com/v1beta1/projects/thevisamanager-bea80/configs/razorpay/variables/key_secret {"name":"projects/thevisamanager-bea80/configs/razorpay/variables/key_secret","updateTime":"2025-11-26T12:19:56.126835641Z","text":"W2DI1EMxQVFNxmE3A0OvuKeV"}
[debug] [2026-02-20T10:23:17.104Z] <<< [apiv2][status] GET https://runtimeconfig.googleapis.com/v1beta1/projects/thevisamanager-bea80/configs/razorpay/variables/key_id 200
[debug] [2026-02-20T10:23:17.104Z] <<< [apiv2][body] GET https://runtimeconfig.googleapis.com/v1beta1/projects/thevisamanager-bea80/configs/razorpay/variables/key_id {"name":"projects/thevisamanager-bea80/configs/razorpay/variables/key_id","updateTime":"2025-11-26T12:19:55.975801156Z","text":"rzp_live_Raqt382mPwe1Di"}
[debug] [2026-02-20T10:23:17.106Z] Validating nodejs source
[warn] !  functions: Runtime Node.js 20 will be deprecated on 2026-04-30 and will be decommissioned on 2026-10-30, after which you will not be able to deploy without upgrading. Consider upgrading now to avoid disruption. See https://cloud.google.com/functions/docs/runtime-support for full details on the lifecycle policy 
[debug] [2026-02-20T10:23:18.340Z] > [functions] package.json contents: {
  "name": "functions",
  "engines": {
    "node": "20"
  },
  "dependencies": {
    "@google-cloud/storage": "^7.18.0",
    "crypto-js": "^4.2.0",
    "express": "^4.21.2",
    "firebase-admin": "^13.6.0",
    "firebase-functions": "^7.0.5",
    "googleapis": "^171.1.0",
    "pdfkit": "^0.17.2",
    "razorpay": "^2.9.6"
  }
}
[debug] [2026-02-20T10:23:18.340Z] Building nodejs source
[info] i  functions: Loading and analyzing source code for codebase default to determine what to deploy 
[debug] [2026-02-20T10:23:18.344Z] Could not find functions.yaml. Must use http discovery
[debug] [2026-02-20T10:23:18.361Z] Found firebase-functions binary at 'C:\RN\TVMApp\TheVisaManagerApp\functions\node_modules\.bin\firebase-functions'
[info] Serving at port 8502

[debug] [2026-02-20T10:23:24.848Z] Got response from /__/functions.yaml {"endpoints":{"getGoogleReviews":{"availableMemoryMb":null,"timeoutSeconds":null,"minInstances":null,"maxInstances":null,"ingressSettings":null,"concurrency":null,"serviceAccountEmail":null,"vpc":null,"platform":"gcfv2","region":["us-central1"],"secretEnvironmentVariables":[{"key":"GOOGLE_PLACES_KEY"}],"labels":{},"httpsTrigger":{},"entryPoint":"getGoogleReviews"},"generateInvoice":{"availableMemoryMb":null,"timeoutSeconds":null,"minInstances":null,"maxInstances":null,"ingressSettings":null,"concurrency":null,"serviceAccountEmail":null,"vpc":null,"platform":"gcfv2","region":["us-central1"],"secretEnvironmentVariables":[{"key":"RAZORPAY_KEY_ID"},{"key":"RAZORPAY_KEY_SECRET"}],"labels":{},"callableTrigger":{},"entryPoint":"generateInvoice"},"extractTextFromImage":{"availableMemoryMb":null,"timeoutSeconds":null,"minInstances":null,"maxInstances":null,"ingressSettings":null,"concurrency":null,"serviceAccountEmail":null,"vpc":null,"platform":"gcfv2","region":["us-central1"],"secretEnvironmentVariables":[{"key":"VISION_API_KEY"}],"labels":{},"callableTrigger":{},"entryPoint":"extractTextFromImage"},"api":{"availableMemoryMb":null,"timeoutSeconds":null,"minInstances":null,"maxInstances":null,"ingressSettings":null,"concurrency":null,"serviceAccountEmail":null,"vpc":null,"platform":"gcfv2","region":["us-central1"],"secretEnvironmentVariables":[{"key":"RAZORPAY_KEY_ID"},{"key":"RAZORPAY_KEY_SECRET"}],"labels":{},"httpsTrigger":{},"entryPoint":"api"}},"specVersion":"v1alpha1","requiredAPIs":[],"extensions":{},"params":[{"type":"secret","name":"GOOGLE_PLACES_KEY"},{"type":"secret","name":"RAZORPAY_KEY_ID"},{"type":"secret","name":"RAZORPAY_KEY_SECRET"},{"type":"secret","name":"VISION_API_KEY"}]}
[info] i  extensions: ensuring required API firebaseextensions.googleapis.com is enabled... 
[debug] [2026-02-20T10:23:28.902Z] > command requires scopes: ["email","openid","https://www.googleapis.com/auth/cloudplatformprojects.readonly","https://www.googleapis.com/auth/firebase","https://www.googleapis.com/auth/cloud-platform"]
[debug] [2026-02-20T10:23:28.902Z] > authorizing via signed-in user (thevisamanager@gmail.com)
[debug] [2026-02-20T10:23:28.902Z] [iam] checking project thevisamanager-bea80 for permissions ["firebase.projects.get","firebaseextensions.instances.list"]
[debug] [2026-02-20T10:23:28.902Z] Checked if tokens are valid: true, expires at: 1771585909769
[debug] [2026-02-20T10:23:28.902Z] Checked if tokens are valid: true, expires at: 1771585909769
[debug] [2026-02-20T10:23:28.903Z] >>> [apiv2][query] POST https://cloudresourcemanager.googleapis.com/v1/projects/thevisamanager-bea80:testIamPermissions [none]
[debug] [2026-02-20T10:23:28.903Z] >>> [apiv2][(partial)header] POST https://cloudresourcemanager.googleapis.com/v1/projects/thevisamanager-bea80:testIamPermissions x-goog-quota-user=projects/thevisamanager-bea80
[debug] [2026-02-20T10:23:28.903Z] >>> [apiv2][body] POST https://cloudresourcemanager.googleapis.com/v1/projects/thevisamanager-bea80:testIamPermissions {"permissions":["firebase.projects.get","firebaseextensions.instances.list"]}
[debug] [2026-02-20T10:23:29.590Z] <<< [apiv2][status] POST https://cloudresourcemanager.googleapis.com/v1/projects/thevisamanager-bea80:testIamPermissions 200
[debug] [2026-02-20T10:23:29.590Z] <<< [apiv2][body] POST https://cloudresourcemanager.googleapis.com/v1/projects/thevisamanager-bea80:testIamPermissions {"permissions":["firebase.projects.get","firebaseextensions.instances.list"]}
[debug] [2026-02-20T10:23:29.590Z] Checked if tokens are valid: true, expires at: 1771585909769
[debug] [2026-02-20T10:23:29.591Z] Checked if tokens are valid: true, expires at: 1771585909769
[debug] [2026-02-20T10:23:29.596Z] >>> [apiv2][query] GET https://firebaseextensions.googleapis.com/v1beta/projects/thevisamanager-bea80/instances pageSize=100&pageToken=
[debug] [2026-02-20T10:23:31.334Z] <<< [apiv2][status] GET https://firebaseextensions.googleapis.com/v1beta/projects/thevisamanager-bea80/instances 200
[debug] [2026-02-20T10:23:31.334Z] <<< [apiv2][body] GET https://firebaseextensions.googleapis.com/v1beta/projects/thevisamanager-bea80/instances {}
[debug] [2026-02-20T10:23:31.336Z] Checked if tokens are valid: true, expires at: 1771585909769
[debug] [2026-02-20T10:23:31.336Z] Checked if tokens are valid: true, expires at: 1771585909769
[debug] [2026-02-20T10:23:31.336Z] >>> [apiv2][query] GET https://secretmanager.googleapis.com/v1/projects/thevisamanager-bea80/secrets/GOOGLE_PLACES_KEY [none]
[debug] [2026-02-20T10:23:32.253Z] <<< [apiv2][status] GET https://secretmanager.googleapis.com/v1/projects/thevisamanager-bea80/secrets/GOOGLE_PLACES_KEY 200
[debug] [2026-02-20T10:23:32.254Z] <<< [apiv2][body] GET https://secretmanager.googleapis.com/v1/projects/thevisamanager-bea80/secrets/GOOGLE_PLACES_KEY {"name":"projects/973458787565/secrets/GOOGLE_PLACES_KEY","replication":{"automatic":{}},"createTime":"2026-01-08T06:52:39.756541Z","labels":{"firebase-managed":"functions"},"etag":"\"1647dadaf55fb9\""}
[debug] [2026-02-20T10:23:32.254Z] Checked if tokens are valid: true, expires at: 1771585909769
[debug] [2026-02-20T10:23:32.255Z] Checked if tokens are valid: true, expires at: 1771585909769
[debug] [2026-02-20T10:23:32.255Z] >>> [apiv2][query] GET https://secretmanager.googleapis.com/v1/projects/thevisamanager-bea80/secrets/GOOGLE_PLACES_KEY/versions/latest [none]
[debug] [2026-02-20T10:23:32.651Z] <<< [apiv2][status] GET https://secretmanager.googleapis.com/v1/projects/thevisamanager-bea80/secrets/GOOGLE_PLACES_KEY/versions/latest 200
[debug] [2026-02-20T10:23:32.652Z] <<< [apiv2][body] GET https://secretmanager.googleapis.com/v1/projects/thevisamanager-bea80/secrets/GOOGLE_PLACES_KEY/versions/latest {"name":"projects/973458787565/secrets/GOOGLE_PLACES_KEY/versions/5","createTime":"2026-01-17T06:09:16.914872Z","state":"ENABLED","replicationStatus":{"automatic":{}},"etag":"\"16488f4c3df0b8\""}
[debug] [2026-02-20T10:23:32.652Z] Checked if tokens are valid: true, expires at: 1771585909769
[debug] [2026-02-20T10:23:32.652Z] Checked if tokens are valid: true, expires at: 1771585909769
[debug] [2026-02-20T10:23:32.653Z] >>> [apiv2][query] GET https://secretmanager.googleapis.com/v1/projects/thevisamanager-bea80/secrets/RAZORPAY_KEY_ID [none]
[debug] [2026-02-20T10:23:33.074Z] <<< [apiv2][status] GET https://secretmanager.googleapis.com/v1/projects/thevisamanager-bea80/secrets/RAZORPAY_KEY_ID 200
[debug] [2026-02-20T10:23:33.075Z] <<< [apiv2][body] GET https://secretmanager.googleapis.com/v1/projects/thevisamanager-bea80/secrets/RAZORPAY_KEY_ID {"name":"projects/973458787565/secrets/RAZORPAY_KEY_ID","replication":{"automatic":{}},"createTime":"2025-11-26T11:51:52.221676Z","labels":{"firebase-managed":"functions"},"etag":"\"16447e05d5450a\""}
[debug] [2026-02-20T10:23:33.075Z] Checked if tokens are valid: true, expires at: 1771585909769
[debug] [2026-02-20T10:23:33.075Z] Checked if tokens are valid: true, expires at: 1771585909769
[debug] [2026-02-20T10:23:33.075Z] >>> [apiv2][query] GET https://secretmanager.googleapis.com/v1/projects/thevisamanager-bea80/secrets/RAZORPAY_KEY_ID/versions/latest [none]
[debug] [2026-02-20T10:23:33.482Z] <<< [apiv2][status] GET https://secretmanager.googleapis.com/v1/projects/thevisamanager-bea80/secrets/RAZORPAY_KEY_ID/versions/latest 200
[debug] [2026-02-20T10:23:33.482Z] <<< [apiv2][body] GET https://secretmanager.googleapis.com/v1/projects/thevisamanager-bea80/secrets/RAZORPAY_KEY_ID/versions/latest {"name":"projects/973458787565/secrets/RAZORPAY_KEY_ID/versions/13","createTime":"2026-01-30T08:27:41.137701Z","state":"ENABLED","replicationStatus":{"automatic":{}},"etag":"\"164996bf263325\""}
[debug] [2026-02-20T10:23:33.482Z] Checked if tokens are valid: true, expires at: 1771585909769
[debug] [2026-02-20T10:23:33.483Z] Checked if tokens are valid: true, expires at: 1771585909769
[debug] [2026-02-20T10:23:33.483Z] >>> [apiv2][query] GET https://secretmanager.googleapis.com/v1/projects/thevisamanager-bea80/secrets/RAZORPAY_KEY_SECRET [none]
[debug] [2026-02-20T10:23:33.891Z] <<< [apiv2][status] GET https://secretmanager.googleapis.com/v1/projects/thevisamanager-bea80/secrets/RAZORPAY_KEY_SECRET 200
[debug] [2026-02-20T10:23:33.891Z] <<< [apiv2][body] GET https://secretmanager.googleapis.com/v1/projects/thevisamanager-bea80/secrets/RAZORPAY_KEY_SECRET {"name":"projects/973458787565/secrets/RAZORPAY_KEY_SECRET","replication":{"automatic":{}},"createTime":"2025-11-26T11:55:12.547269Z","labels":{"firebase-managed":"functions"},"etag":"\"16447e11ba1417\""}
[debug] [2026-02-20T10:23:33.892Z] Checked if tokens are valid: true, expires at: 1771585909769
[debug] [2026-02-20T10:23:33.892Z] Checked if tokens are valid: true, expires at: 1771585909769
[debug] [2026-02-20T10:23:33.892Z] >>> [apiv2][query] GET https://secretmanager.googleapis.com/v1/projects/thevisamanager-bea80/secrets/RAZORPAY_KEY_SECRET/versions/latest [none]
[debug] [2026-02-20T10:23:34.303Z] <<< [apiv2][status] GET https://secretmanager.googleapis.com/v1/projects/thevisamanager-bea80/secrets/RAZORPAY_KEY_SECRET/versions/latest 200
[debug] [2026-02-20T10:23:34.303Z] <<< [apiv2][body] GET https://secretmanager.googleapis.com/v1/projects/thevisamanager-bea80/secrets/RAZORPAY_KEY_SECRET/versions/latest {"name":"projects/973458787565/secrets/RAZORPAY_KEY_SECRET/versions/14","createTime":"2026-01-30T08:28:23.561496Z","state":"ENABLED","replicationStatus":{"automatic":{}},"etag":"\"164996c1ad8918\""}
[debug] [2026-02-20T10:23:34.303Z] Checked if tokens are valid: true, expires at: 1771585909769
[debug] [2026-02-20T10:23:34.303Z] Checked if tokens are valid: true, expires at: 1771585909769
[debug] [2026-02-20T10:23:34.304Z] >>> [apiv2][query] GET https://secretmanager.googleapis.com/v1/projects/thevisamanager-bea80/secrets/VISION_API_KEY [none]
[debug] [2026-02-20T10:23:34.620Z] <<< [apiv2][status] GET https://secretmanager.googleapis.com/v1/projects/thevisamanager-bea80/secrets/VISION_API_KEY 200
[debug] [2026-02-20T10:23:34.621Z] <<< [apiv2][body] GET https://secretmanager.googleapis.com/v1/projects/thevisamanager-bea80/secrets/VISION_API_KEY {"name":"projects/973458787565/secrets/VISION_API_KEY","replication":{"automatic":{}},"createTime":"2025-12-24T07:57:26.981140Z","labels":{"firebase-managed":"functions"},"etag":"\"1646ae0308bb9d\""}
[debug] [2026-02-20T10:23:34.621Z] Checked if tokens are valid: true, expires at: 1771585909769
[debug] [2026-02-20T10:23:34.621Z] Checked if tokens are valid: true, expires at: 1771585909769
[debug] [2026-02-20T10:23:34.621Z] >>> [apiv2][query] GET https://secretmanager.googleapis.com/v1/projects/thevisamanager-bea80/secrets/VISION_API_KEY/versions/latest [none]
[debug] [2026-02-20T10:23:34.935Z] <<< [apiv2][status] GET https://secretmanager.googleapis.com/v1/projects/thevisamanager-bea80/secrets/VISION_API_KEY/versions/latest 200
[debug] [2026-02-20T10:23:34.935Z] <<< [apiv2][body] GET https://secretmanager.googleapis.com/v1/projects/thevisamanager-bea80/secrets/VISION_API_KEY/versions/latest {"name":"projects/973458787565/secrets/VISION_API_KEY/versions/1","createTime":"2025-12-24T08:00:40.485459Z","state":"ENABLED","replicationStatus":{"automatic":{}},"etag":"\"1646ae0e6c2253\""}
[info] i  functions: preparing functions directory for uploading... 
[info] i  functions: packaged C:\RN\TVMApp\TheVisaManagerApp\functions (171.49 KB) for uploading 
[debug] [2026-02-20T10:23:34.992Z] Checked if tokens are valid: true, expires at: 1771585909769
[debug] [2026-02-20T10:23:34.992Z] Checked if tokens are valid: true, expires at: 1771585909769
[debug] [2026-02-20T10:23:34.992Z] >>> [apiv2][query] GET https://cloudfunctions.googleapis.com/v1/projects/thevisamanager-bea80/locations/-/functions [none]
[debug] [2026-02-20T10:23:36.145Z] <<< [apiv2][status] GET https://cloudfunctions.googleapis.com/v1/projects/thevisamanager-bea80/locations/-/functions 200
[debug] [2026-02-20T10:23:36.146Z] <<< [apiv2][body] GET https://cloudfunctions.googleapis.com/v1/projects/thevisamanager-bea80/locations/-/functions {"functions":[{"name":"projects/thevisamanager-bea80/locations/us-central1/functions/cleanupUserData","eventTrigger":{"eventType":"providers/firebase.auth/eventTypes/user.delete","resource":"projects/thevisamanager-bea80","service":"firebaseauth.googleapis.com","failurePolicy":{}},"status":"ACTIVE","entryPoint":"cleanupUserData","timeout":"60s","availableMemoryMb":256,"serviceAccountEmail":"thevisamanager-bea80@appspot.gserviceaccount.com","updateTime":"2026-02-16T07:24:03.804Z","versionId":"3","labels":{"deployment-tool":"cli-firebase","firebase-functions-hash":"9488dbef206b9c1d79df50a544eea33d7407e97f"},"sourceUploadUrl":"https://storage.googleapis.com/uploads-130105440782.us-central1.cloudfunctions.appspot.com/8cdfafd2-a623-4412-afcd-87d4d8ec9b06.zip","environmentVariables":{"FIREBASE_CONFIG":"{\"projectId\":\"thevisamanager-bea80\",\"storageBucket\":\"thevisamanager-bea80.firebasestorage.app\"}","GCLOUD_PROJECT":"thevisamanager-bea80","EVENTARC_CLOUD_EVENT_SOURCE":"projects/thevisamanager-bea80/locations/us-central1/functions/cleanupUserData"},"runtime":"nodejs20","maxInstances":3000,"ingressSettings":"ALLOW_ALL","buildId":"1355f13f-a211-4de8-a070-b1c1980fb71d","buildEnvironmentVariables":{"GOOGLE_NODE_RUN_SCRIPTS":""},"buildName":"projects/973458787565/locations/us-central1/builds/1355f13f-a211-4de8-a070-b1c1980fb71d","dockerRegistry":"ARTIFACT_REGISTRY","automaticUpdatePolicy":{},"buildServiceAccount":"projects/thevisamanager-bea80/serviceAccounts/973458787565-compute@developer.gserviceaccount.com","satisfiesPzi":true}]}
[debug] [2026-02-20T10:23:36.147Z] Checked if tokens are valid: true, expires at: 1771585909769
[debug] [2026-02-20T10:23:36.147Z] Checked if tokens are valid: true, expires at: 1771585909769
[debug] [2026-02-20T10:23:36.147Z] >>> [apiv2][query] GET https://cloudfunctions.googleapis.com/v2/projects/thevisamanager-bea80/locations/-/functions filter=environment%3D%22GEN_2%22
[debug] [2026-02-20T10:23:36.978Z] <<< [apiv2][status] GET https://cloudfunctions.googleapis.com/v2/projects/thevisamanager-bea80/locations/-/functions 200
[debug] [2026-02-20T10:23:36.978Z] <<< [apiv2][body] GET https://cloudfunctions.googleapis.com/v2/projects/thevisamanager-bea80/locations/-/functions {"functions":[{"name":"projects/thevisamanager-bea80/locations/us-central1/functions/getGoogleReviews","buildConfig":{"build":"projects/973458787565/locations/us-central1/builds/be5c617f-7b25-4f41-b25b-8a3b5d359787","runtime":"nodejs20","entryPoint":"getGoogleReviews","source":{"storageSource":{"bucket":"gcf-v2-sources-973458787565-us-central1","object":"getGoogleReviews/function-source.zip","generation":"1770620936138804"}},"environmentVariables":{"GOOGLE_NODE_RUN_SCRIPTS":""},"dockerRepository":"projects/thevisamanager-bea80/locations/us-central1/repositories/gcf-artifacts","sourceProvenance":{"resolvedStorageSource":{"bucket":"gcf-v2-sources-973458787565-us-central1","object":"getGoogleReviews/function-source.zip","generation":"1770620936138804"}},"dockerRegistry":"ARTIFACT_REGISTRY","serviceAccount":"projects/thevisamanager-bea80/serviceAccounts/973458787565-compute@developer.gserviceaccount.com","automaticUpdatePolicy":{}},"serviceConfig":{"service":"projects/thevisamanager-bea80/locations/us-central1/services/getgooglereviews","timeoutSeconds":60,"environmentVariables":{"FIREBASE_CONFIG":"{\"projectId\":\"thevisamanager-bea80\",\"storageBucket\":\"thevisamanager-bea80.firebasestorage.app\"}","GCLOUD_PROJECT":"thevisamanager-bea80","EVENTARC_CLOUD_EVENT_SOURCE":"projects/thevisamanager-bea80/locations/us-central1/services/getGoogleReviews","FUNCTION_TARGET":"getGoogleReviews","LOG_EXECUTION_ID":"true","FUNCTION_SIGNATURE_TYPE":"http"},"maxInstanceCount":20,"ingressSettings":"ALLOW_ALL","uri":"https://getgooglereviews-fdkefcllsq-uc.a.run.app","serviceAccountEmail":"973458787565-compute@developer.gserviceaccount.com","availableMemory":"256Mi","allTrafficOnLatestRevision":true,"secretEnvironmentVariables":[{"key":"GOOGLE_PLACES_KEY","projectId":"thevisamanager-bea80","secret":"GOOGLE_PLACES_KEY","version":"5"}],"revision":"getgooglereviews-00007-qoz","maxInstanceRequestConcurrency":80,"availableCpu":"1"},"state":"ACTIVE","updateTime":"2026-02-09T07:10:20.051378858Z","labels":{"deployment-tool":"cli-firebase","firebase-functions-hash":"39bd95d836b18d92c2d21b68b038eb56560f3cc2"},"environment":"GEN_2","url":"https://us-central1-thevisamanager-bea80.cloudfunctions.net/getGoogleReviews","createTime":"2026-01-19T07:30:49.765289009Z","satisfiesPzi":true},{"name":"projects/thevisamanager-bea80/locations/us-central1/functions/extractTextFromImage","buildConfig":{"build":"projects/973458787565/locations/us-central1/builds/be5c617f-7b25-4f41-b25b-8a3b5d359787","runtime":"nodejs20","entryPoint":"extractTextFromImage","source":{"storageSource":{"bucket":"gcf-v2-sources-973458787565-us-central1","object":"extractTextFromImage/function-source.zip","generation":"1770621006510739"}},"environmentVariables":{"GOOGLE_NODE_RUN_SCRIPTS":""},"dockerRepository":"projects/thevisamanager-bea80/locations/us-central1/repositories/gcf-artifacts","sourceProvenance":{"resolvedStorageSource":{"bucket":"gcf-v2-sources-973458787565-us-central1","object":"extractTextFromImage/function-source.zip","generation":"1770621006510739"}},"dockerRegistry":"ARTIFACT_REGISTRY","serviceAccount":"projects/thevisamanager-bea80/serviceAccounts/973458787565-compute@developer.gserviceaccount.com","automaticUpdatePolicy":{}},"serviceConfig":{"service":"projects/thevisamanager-bea80/locations/us-central1/services/extracttextfromimage","timeoutSeconds":60,"environmentVariables":{"FIREBASE_CONFIG":"{\"projectId\":\"thevisamanager-bea80\",\"storageBucket\":\"thevisamanager-bea80.firebasestorage.app\"}","GCLOUD_PROJECT":"thevisamanager-bea80","EVENTARC_CLOUD_EVENT_SOURCE":"projects/thevisamanager-bea80/locations/us-central1/services/extractTextFromImage","FUNCTION_TARGET":"extractTextFromImage","LOG_EXECUTION_ID":"true","FUNCTION_SIGNATURE_TYPE":"http"},"maxInstanceCount":20,"ingressSettings":"ALLOW_ALL","uri":"https://extracttextfromimage-fdkefcllsq-uc.a.run.app","serviceAccountEmail":"973458787565-compute@developer.gserviceaccount.com","availableMemory":"256Mi","allTrafficOnLatestRevision":true,"secretEnvironmentVariables":[{"key":"VISION_API_KEY","projectId":"thevisamanager-bea80","secret":"VISION_API_KEY","version":"1"}],"revision":"extracttextfromimage-00025-yuy","maxInstanceRequestConcurrency":80,"availableCpu":"1"},"state":"ACTIVE","updateTime":"2026-02-09T07:10:19.872571977Z","labels":{"deployment-callable":"true","firebase-functions-hash":"27c4d6607c2d65836b2288d504ceb5ef96fffb2f","deployment-tool":"cli-firebase"},"environment":"GEN_2","url":"https://us-central1-thevisamanager-bea80.cloudfunctions.net/extractTextFromImage","createTime":"2025-12-24T08:01:57.548917481Z","satisfiesPzi":true},{"name":"projects/thevisamanager-bea80/locations/us-central1/functions/generateInvoice","buildConfig":{"build":"projects/973458787565/locations/us-central1/builds/5adb3361-994b-446f-887c-f61b83ff8408","runtime":"nodejs20","entryPoint":"generateInvoice","source":{"storageSource":{"bucket":"gcf-v2-sources-973458787565-us-central1","object":"generateInvoice/function-source.zip","generation":"1771506316885853"}},"environmentVariables":{"GOOGLE_NODE_RUN_SCRIPTS":""},"dockerRepository":"projects/thevisamanager-bea80/locations/us-central1/repositories/gcf-artifacts","sourceProvenance":{"resolvedStorageSource":{"bucket":"gcf-v2-sources-973458787565-us-central1","object":"generateInvoice/function-source.zip","generation":"1771506316885853"}},"dockerRegistry":"ARTIFACT_REGISTRY","serviceAccount":"projects/thevisamanager-bea80/serviceAccounts/973458787565-compute@developer.gserviceaccount.com","automaticUpdatePolicy":{}},"serviceConfig":{"service":"projects/thevisamanager-bea80/locations/us-central1/services/generateinvoice","timeoutSeconds":60,"environmentVariables":{"FIREBASE_CONFIG":"{\"projectId\":\"thevisamanager-bea80\",\"storageBucket\":\"thevisamanager-bea80.firebasestorage.app\"}","GCLOUD_PROJECT":"thevisamanager-bea80","EVENTARC_CLOUD_EVENT_SOURCE":"projects/thevisamanager-bea80/locations/us-central1/services/generateInvoice","FUNCTION_TARGET":"generateInvoice","LOG_EXECUTION_ID":"true"},"maxInstanceCount":10,"ingressSettings":"ALLOW_ALL","uri":"https://generateinvoice-fdkefcllsq-uc.a.run.app","serviceAccountEmail":"973458787565-compute@developer.gserviceaccount.com","availableMemory":"256Mi","allTrafficOnLatestRevision":true,"secretEnvironmentVariables":[{"key":"RAZORPAY_KEY_ID","projectId":"thevisamanager-bea80","secret":"RAZORPAY_KEY_ID","version":"13"},{"key":"RAZORPAY_KEY_SECRET","projectId":"thevisamanager-bea80","secret":"RAZORPAY_KEY_SECRET","version":"14"}],"revision":"generateinvoice-00118-nag","maxInstanceRequestConcurrency":80,"availableCpu":"1"},"state":"ACTIVE","updateTime":"2026-02-19T13:06:28.784153406Z","labels":{"firebase-functions-hash":"9488dbef206b9c1d79df50a544eea33d7407e97f","deployment-tool":"cli-firebase","deployment-callable":"true"},"environment":"GEN_2","url":"https://us-central1-thevisamanager-bea80.cloudfunctions.net/generateInvoice","createTime":"2025-12-08T05:32:33.790052946Z","satisfiesPzi":true},{"name":"projects/thevisamanager-bea80/locations/us-central1/functions/api","buildConfig":{"build":"projects/973458787565/locations/us-central1/builds/ca222763-625f-4c92-a8b4-83ea58ab46be","runtime":"nodejs20","entryPoint":"api","source":{"storageSource":{"bucket":"gcf-v2-sources-973458787565-us-central1","object":"api/function-source.zip","generation":"1771506316383213"}},"environmentVariables":{"GOOGLE_NODE_RUN_SCRIPTS":""},"dockerRepository":"projects/thevisamanager-bea80/locations/us-central1/repositories/gcf-artifacts","sourceProvenance":{"resolvedStorageSource":{"bucket":"gcf-v2-sources-973458787565-us-central1","object":"api/function-source.zip","generation":"1771506316383213"}},"dockerRegistry":"ARTIFACT_REGISTRY","serviceAccount":"projects/thevisamanager-bea80/serviceAccounts/973458787565-compute@developer.gserviceaccount.com","automaticUpdatePolicy":{}},"serviceConfig":{"service":"projects/thevisamanager-bea80/locations/us-central1/services/api","timeoutSeconds":60,"environmentVariables":{"FIREBASE_CONFIG":"{\"projectId\":\"thevisamanager-bea80\",\"storageBucket\":\"thevisamanager-bea80.firebasestorage.app\"}","GCLOUD_PROJECT":"thevisamanager-bea80","EVENTARC_CLOUD_EVENT_SOURCE":"projects/thevisamanager-bea80/locations/us-central1/services/api","FUNCTION_TARGET":"api","LOG_EXECUTION_ID":"true"},"maxInstanceCount":10,"ingressSettings":"ALLOW_ALL","uri":"https://api-fdkefcllsq-uc.a.run.app","serviceAccountEmail":"973458787565-compute@developer.gserviceaccount.com","availableMemory":"256Mi","allTrafficOnLatestRevision":true,"secretEnvironmentVariables":[{"key":"RAZORPAY_KEY_ID","projectId":"thevisamanager-bea80","secret":"RAZORPAY_KEY_ID","version":"13"},{"key":"RAZORPAY_KEY_SECRET","projectId":"thevisamanager-bea80","secret":"RAZORPAY_KEY_SECRET","version":"14"}],"revision":"api-00014-ruh","maxInstanceRequestConcurrency":80,"availableCpu":"1"},"state":"ACTIVE","updateTime":"2026-02-19T13:06:29.048335225Z","labels":{"firebase-functions-hash":"fe872a1185e6832a7e51a954eba50e88482bac0d","deployment-tool":"cli-firebase"},"environment":"GEN_2","url":"https://us-central1-thevisamanager-bea80.cloudfunctions.net/api","createTime":"2026-01-31T12:45:04.761056249Z","satisfiesPzi":true}]}
[info] i  functions: ensuring required API run.googleapis.com is enabled... 
[info] i  functions: ensuring required API eventarc.googleapis.com is enabled... 
[info] i  functions: ensuring required API pubsub.googleapis.com is enabled... 
[info] i  functions: ensuring required API storage.googleapis.com is enabled... 
[info] i  functions: generating the service identity for pubsub.googleapis.com... 
[debug] [2026-02-20T10:23:36.985Z] Checked if tokens are valid: true, expires at: 1771585909769
[debug] [2026-02-20T10:23:36.985Z] Checked if tokens are valid: true, expires at: 1771585909769
[info] i  functions: generating the service identity for eventarc.googleapis.com... 
[debug] [2026-02-20T10:23:36.985Z] Checked if tokens are valid: true, expires at: 1771585909769
[debug] [2026-02-20T10:23:36.985Z] Checked if tokens are valid: true, expires at: 1771585909769
[debug] [2026-02-20T10:23:36.985Z] >>> [apiv2][query] POST https://serviceusage.googleapis.com/v1beta1/projects/973458787565/services/pubsub.googleapis.com:generateServiceIdentity [none]
[debug] [2026-02-20T10:23:36.985Z] >>> [apiv2][(partial)header] POST https://serviceusage.googleapis.com/v1beta1/projects/973458787565/services/pubsub.googleapis.com:generateServiceIdentity x-goog-quota-user=projects/973458787565
[debug] [2026-02-20T10:23:36.985Z] >>> [apiv2][body] POST https://serviceusage.googleapis.com/v1beta1/projects/973458787565/services/pubsub.googleapis.com:generateServiceIdentity {}
[debug] [2026-02-20T10:23:36.986Z] >>> [apiv2][query] POST https://serviceusage.googleapis.com/v1beta1/projects/973458787565/services/eventarc.googleapis.com:generateServiceIdentity [none]
[debug] [2026-02-20T10:23:36.986Z] >>> [apiv2][(partial)header] POST https://serviceusage.googleapis.com/v1beta1/projects/973458787565/services/eventarc.googleapis.com:generateServiceIdentity x-goog-quota-user=projects/973458787565
[debug] [2026-02-20T10:23:36.986Z] >>> [apiv2][body] POST https://serviceusage.googleapis.com/v1beta1/projects/973458787565/services/eventarc.googleapis.com:generateServiceIdentity {}
[debug] [2026-02-20T10:23:38.968Z] <<< [apiv2][status] POST https://serviceusage.googleapis.com/v1beta1/projects/973458787565/services/pubsub.googleapis.com:generateServiceIdentity 200
[debug] [2026-02-20T10:23:38.968Z] <<< [apiv2][body] POST https://serviceusage.googleapis.com/v1beta1/projects/973458787565/services/pubsub.googleapis.com:generateServiceIdentity {"name":"operations/finished.DONE_OPERATION","done":true,"response":{"@type":"type.googleapis.com/google.api.serviceusage.v1beta1.ServiceIdentity","email":"service-973458787565@gcp-sa-pubsub.iam.gserviceaccount.com","uniqueId":"116864293427088685004"}}
[debug] [2026-02-20T10:23:39.144Z] <<< [apiv2][status] POST https://serviceusage.googleapis.com/v1beta1/projects/973458787565/services/eventarc.googleapis.com:generateServiceIdentity 200
[debug] [2026-02-20T10:23:39.144Z] <<< [apiv2][body] POST https://serviceusage.googleapis.com/v1beta1/projects/973458787565/services/eventarc.googleapis.com:generateServiceIdentity {"name":"operations/finished.DONE_OPERATION","done":true,"response":{"@type":"type.googleapis.com/google.api.serviceusage.v1beta1.ServiceIdentity","email":"service-973458787565@gcp-sa-eventarc.iam.gserviceaccount.com","uniqueId":"101508158388143710418"}}
[info] i  functions: ensuring required API secretmanager.googleapis.com is enabled... 
[debug] [2026-02-20T10:23:39.146Z] Checked if tokens are valid: true, expires at: 1771585909769
[debug] [2026-02-20T10:23:39.146Z] Checked if tokens are valid: true, expires at: 1771585909769
[debug] [2026-02-20T10:23:39.146Z] Checked if tokens are valid: true, expires at: 1771585909769
[debug] [2026-02-20T10:23:39.146Z] Checked if tokens are valid: true, expires at: 1771585909769
[debug] [2026-02-20T10:23:39.146Z] Checked if tokens are valid: true, expires at: 1771585909769
[debug] [2026-02-20T10:23:39.146Z] Checked if tokens are valid: true, expires at: 1771585909769
[debug] [2026-02-20T10:23:39.146Z] Checked if tokens are valid: true, expires at: 1771585909769
[debug] [2026-02-20T10:23:39.146Z] Checked if tokens are valid: true, expires at: 1771585909769
[debug] [2026-02-20T10:23:39.147Z] >>> [apiv2][query] GET https://secretmanager.googleapis.com/v1/projects/thevisamanager-bea80/secrets/GOOGLE_PLACES_KEY/versions/latest [none]
[debug] [2026-02-20T10:23:39.147Z] >>> [apiv2][query] GET https://secretmanager.googleapis.com/v1/projects/thevisamanager-bea80/secrets/RAZORPAY_KEY_ID/versions/latest [none]
[debug] [2026-02-20T10:23:39.148Z] >>> [apiv2][query] GET https://secretmanager.googleapis.com/v1/projects/thevisamanager-bea80/secrets/RAZORPAY_KEY_SECRET/versions/latest [none]
[debug] [2026-02-20T10:23:39.148Z] >>> [apiv2][query] GET https://secretmanager.googleapis.com/v1/projects/thevisamanager-bea80/secrets/VISION_API_KEY/versions/latest [none]
[debug] [2026-02-20T10:23:39.464Z] <<< [apiv2][status] GET https://secretmanager.googleapis.com/v1/projects/thevisamanager-bea80/secrets/GOOGLE_PLACES_KEY/versions/latest 200
[debug] [2026-02-20T10:23:39.465Z] <<< [apiv2][body] GET https://secretmanager.googleapis.com/v1/projects/thevisamanager-bea80/secrets/GOOGLE_PLACES_KEY/versions/latest {"name":"projects/973458787565/secrets/GOOGLE_PLACES_KEY/versions/5","createTime":"2026-01-17T06:09:16.914872Z","state":"ENABLED","replicationStatus":{"automatic":{}},"etag":"\"16488f4c3df0b8\""}
[debug] [2026-02-20T10:23:39.465Z] Resolved secret version of GOOGLE_PLACES_KEY to 5.
[debug] [2026-02-20T10:23:39.737Z] <<< [apiv2][status] GET https://secretmanager.googleapis.com/v1/projects/thevisamanager-bea80/secrets/RAZORPAY_KEY_SECRET/versions/latest 200
[debug] [2026-02-20T10:23:39.737Z] <<< [apiv2][body] GET https://secretmanager.googleapis.com/v1/projects/thevisamanager-bea80/secrets/RAZORPAY_KEY_SECRET/versions/latest {"name":"projects/973458787565/secrets/RAZORPAY_KEY_SECRET/versions/14","createTime":"2026-01-30T08:28:23.561496Z","state":"ENABLED","replicationStatus":{"automatic":{}},"etag":"\"164996c1ad8918\""}
[debug] [2026-02-20T10:23:39.737Z] Resolved secret version of RAZORPAY_KEY_SECRET to 14.
[debug] [2026-02-20T10:23:39.738Z] <<< [apiv2][status] GET https://secretmanager.googleapis.com/v1/projects/thevisamanager-bea80/secrets/RAZORPAY_KEY_ID/versions/latest 200
[debug] [2026-02-20T10:23:39.739Z] <<< [apiv2][body] GET https://secretmanager.googleapis.com/v1/projects/thevisamanager-bea80/secrets/RAZORPAY_KEY_ID/versions/latest {"name":"projects/973458787565/secrets/RAZORPAY_KEY_ID/versions/13","createTime":"2026-01-30T08:27:41.137701Z","state":"ENABLED","replicationStatus":{"automatic":{}},"etag":"\"164996bf263325\""}
[debug] [2026-02-20T10:23:39.739Z] Resolved secret version of RAZORPAY_KEY_ID to 13.
[debug] [2026-02-20T10:23:40.447Z] <<< [apiv2][status] GET https://secretmanager.googleapis.com/v1/projects/thevisamanager-bea80/secrets/VISION_API_KEY/versions/latest 200
[debug] [2026-02-20T10:23:40.447Z] <<< [apiv2][body] GET https://secretmanager.googleapis.com/v1/projects/thevisamanager-bea80/secrets/VISION_API_KEY/versions/latest {"name":"projects/973458787565/secrets/VISION_API_KEY/versions/1","createTime":"2025-12-24T08:00:40.485459Z","state":"ENABLED","replicationStatus":{"automatic":{}},"etag":"\"1646ae0e6c2253\""}
[debug] [2026-02-20T10:23:40.447Z] Resolved secret version of VISION_API_KEY to 1.
[debug] [2026-02-20T10:23:40.449Z] Checked if tokens are valid: true, expires at: 1771585909769
[debug] [2026-02-20T10:23:40.449Z] Checked if tokens are valid: true, expires at: 1771585909769
[debug] [2026-02-20T10:23:40.449Z] >>> [apiv2][query] GET https://cloudresourcemanager.googleapis.com/v1/projects/thevisamanager-bea80 [none]
[debug] [2026-02-20T10:23:42.142Z] <<< [apiv2][status] GET https://cloudresourcemanager.googleapis.com/v1/projects/thevisamanager-bea80 200
[debug] [2026-02-20T10:23:42.142Z] <<< [apiv2][body] GET https://cloudresourcemanager.googleapis.com/v1/projects/thevisamanager-bea80 {"projectNumber":"973458787565","projectId":"thevisamanager-bea80","lifecycleState":"ACTIVE","name":"Thevisamanager","labels":{"firebase":"enabled","firebase-core":"disabled"},"createTime":"2025-10-14T09:31:12.508300Z"}
[debug] [2026-02-20T10:23:42.143Z] Checked if tokens are valid: true, expires at: 1771585909769
[debug] [2026-02-20T10:23:42.143Z] Checked if tokens are valid: true, expires at: 1771585909769
[debug] [2026-02-20T10:23:42.143Z] >>> [apiv2][query] GET https://compute.googleapis.com/compute/v1/projects/973458787565 [none]
[debug] [2026-02-20T10:23:42.835Z] <<< [apiv2][status] GET https://compute.googleapis.com/compute/v1/projects/973458787565 403
[debug] [2026-02-20T10:23:42.835Z] <<< [apiv2][body] GET https://compute.googleapis.com/compute/v1/projects/973458787565 {"error":{"code":403,"message":"Compute Engine API has not been used in project 973458787565 before or it is disabled. Enable it by visiting https://console.developers.google.com/apis/api/compute.googleapis.com/overview?project=973458787565 then retry. If you enabled this API recently, wait a few minutes for the action to propagate to our systems and retry.","errors":[{"message":"Compute Engine API has not been used in project 973458787565 before or it is disabled. Enable it by visiting https://console.developers.google.com/apis/api/compute.googleapis.com/overview?project=973458787565 then retry. If you enabled this API recently, wait a few minutes for the action to propagate to our systems and retry.","domain":"usageLimits","reason":"accessNotConfigured","extendedHelp":"https://console.developers.google.com"}],"status":"PERMISSION_DENIED","details":[{"@type":"type.googleapis.com/google.rpc.ErrorInfo","reason":"SERVICE_DISABLED","domain":"googleapis.com","metadata":{"activationUrl":"https://console.developers.google.com/apis/api/compute.googleapis.com/overview?project=973458787565","containerInfo":"973458787565","service":"compute.googleapis.com","consumer":"projects/973458787565","serviceTitle":"Compute Engine API"}},{"@type":"type.googleapis.com/google.rpc.LocalizedMessage","locale":"en-US","message":"Compute Engine API has not been used in project 973458787565 before or it is disabled. Enable it by visiting https://console.developers.google.com/apis/api/compute.googleapis.com/overview?project=973458787565 then retry. If you enabled this API recently, wait a few minutes for the action to propagate to our systems and retry."},{"@type":"type.googleapis.com/google.rpc.Help","links":[{"description":"Google developers console API activation","url":"https://console.developers.google.com/apis/api/compute.googleapis.com/overview?project=973458787565"}]}]}}
[debug] [2026-02-20T10:23:42.836Z] unable to look up default compute service account. Falling back to 973458787565-compute@developer.gserviceaccount.com. Error: {"name":"FirebaseError","children":[],"context":{"body":{"error":{"code":403,"message":"Compute Engine API has not been used in project 973458787565 before or it is disabled. Enable it by visiting https://console.developers.google.com/apis/api/compute.googleapis.com/overview?project=973458787565 then retry. If you enabled this API recently, wait a few minutes for the action to propagate to our systems and retry.","errors":[{"message":"Compute Engine API has not been used in project 973458787565 before or it is disabled. Enable it by visiting https://console.developers.google.com/apis/api/compute.googleapis.com/overview?project=973458787565 then retry. If you enabled this API recently, wait a few minutes for the action to propagate to our systems and retry.","domain":"usageLimits","reason":"accessNotConfigured","extendedHelp":"https://console.developers.google.com"}],"status":"PERMISSION_DENIED","details":[{"@type":"type.googleapis.com/google.rpc.ErrorInfo","reason":"SERVICE_DISABLED","domain":"googleapis.com","metadata":{"activationUrl":"https://console.developers.google.com/apis/api/compute.googleapis.com/overview?project=973458787565","containerInfo":"973458787565","service":"compute.googleapis.com","consumer":"projects/973458787565","serviceTitle":"Compute Engine API"}},{"@type":"type.googleapis.com/google.rpc.LocalizedMessage","locale":"en-US","message":"Compute Engine API has not been used in project 973458787565 before or it is disabled. Enable it by visiting https://console.developers.google.com/apis/api/compute.googleapis.com/overview?project=973458787565 then retry. If you enabled this API recently, wait a few minutes for the action to propagate to our systems and retry."},{"@type":"type.googleapis.com/google.rpc.Help","links":[{"description":"Google developers console API activation","url":"https://console.developers.google.com/apis/api/compute.googleapis.com/overview?project=973458787565"}]}]}},"response":{"statusCode":403}},"exit":1,"message":"Request to https://compute.googleapis.com/compute/v1/projects/973458787565 had HTTP Error: 403, Compute Engine API has not been used in project 973458787565 before or it is disabled. Enable it by visiting https://console.developers.google.com/apis/api/compute.googleapis.com/overview?project=973458787565 then retry. If you enabled this API recently, wait a few minutes for the action to propagate to our systems and retry.","status":403}
[debug] [2026-02-20T10:23:42.837Z] Checked if tokens are valid: true, expires at: 1771585909769
[debug] [2026-02-20T10:23:42.837Z] Checked if tokens are valid: true, expires at: 1771585909769
[debug] [2026-02-20T10:23:42.837Z] >>> [apiv2][query] GET https://compute.googleapis.com/compute/v1/projects/973458787565 [none]
[debug] [2026-02-20T10:23:43.134Z] <<< [apiv2][status] GET https://compute.googleapis.com/compute/v1/projects/973458787565 403
[debug] [2026-02-20T10:23:43.135Z] <<< [apiv2][body] GET https://compute.googleapis.com/compute/v1/projects/973458787565 {"error":{"code":403,"message":"Compute Engine API has not been used in project 973458787565 before or it is disabled. Enable it by visiting https://console.developers.google.com/apis/api/compute.googleapis.com/overview?project=973458787565 then retry. If you enabled this API recently, wait a few minutes for the action to propagate to our systems and retry.","errors":[{"message":"Compute Engine API has not been used in project 973458787565 before or it is disabled. Enable it by visiting https://console.developers.google.com/apis/api/compute.googleapis.com/overview?project=973458787565 then retry. If you enabled this API recently, wait a few minutes for the action to propagate to our systems and retry.","domain":"usageLimits","reason":"accessNotConfigured","extendedHelp":"https://console.developers.google.com"}],"status":"PERMISSION_DENIED","details":[{"@type":"type.googleapis.com/google.rpc.ErrorInfo","reason":"SERVICE_DISABLED","domain":"googleapis.com","metadata":{"consumer":"projects/973458787565","containerInfo":"973458787565","serviceTitle":"Compute Engine API","activationUrl":"https://console.developers.google.com/apis/api/compute.googleapis.com/overview?project=973458787565","service":"compute.googleapis.com"}},{"@type":"type.googleapis.com/google.rpc.LocalizedMessage","locale":"en-US","message":"Compute Engine API has not been used in project 973458787565 before or it is disabled. Enable it by visiting https://console.developers.google.com/apis/api/compute.googleapis.com/overview?project=973458787565 then retry. If you enabled this API recently, wait a few minutes for the action to propagate to our systems and retry."},{"@type":"type.googleapis.com/google.rpc.Help","links":[{"description":"Google developers console API activation","url":"https://console.developers.google.com/apis/api/compute.googleapis.com/overview?project=973458787565"}]}]}}
[debug] [2026-02-20T10:23:43.137Z] unable to look up default compute service account. Falling back to 973458787565-compute@developer.gserviceaccount.com. Error: {"name":"FirebaseError","children":[],"context":{"body":{"error":{"code":403,"message":"Compute Engine API has not been used in project 973458787565 before or it is disabled. Enable it by visiting https://console.developers.google.com/apis/api/compute.googleapis.com/overview?project=973458787565 then retry. If you enabled this API recently, wait a few minutes for the action to propagate to our systems and retry.","errors":[{"message":"Compute Engine API has not been used in project 973458787565 before or it is disabled. Enable it by visiting https://console.developers.google.com/apis/api/compute.googleapis.com/overview?project=973458787565 then retry. If you enabled this API recently, wait a few minutes for the action to propagate to our systems and retry.","domain":"usageLimits","reason":"accessNotConfigured","extendedHelp":"https://console.developers.google.com"}],"status":"PERMISSION_DENIED","details":[{"@type":"type.googleapis.com/google.rpc.ErrorInfo","reason":"SERVICE_DISABLED","domain":"googleapis.com","metadata":{"consumer":"projects/973458787565","containerInfo":"973458787565","serviceTitle":"Compute Engine API","activationUrl":"https://console.developers.google.com/apis/api/compute.googleapis.com/overview?project=973458787565","service":"compute.googleapis.com"}},{"@type":"type.googleapis.com/google.rpc.LocalizedMessage","locale":"en-US","message":"Compute Engine API has not been used in project 973458787565 before or it is disabled. Enable it by visiting https://console.developers.google.com/apis/api/compute.googleapis.com/overview?project=973458787565 then retry. If you enabled this API recently, wait a few minutes for the action to propagate to our systems and retry."},{"@type":"type.googleapis.com/google.rpc.Help","links":[{"description":"Google developers console API activation","url":"https://console.developers.google.com/apis/api/compute.googleapis.com/overview?project=973458787565"}]}]}},"response":{"statusCode":403}},"exit":1,"message":"Request to https://compute.googleapis.com/compute/v1/projects/973458787565 had HTTP Error: 403, Compute Engine API has not been used in project 973458787565 before or it is disabled. Enable it by visiting https://console.developers.google.com/apis/api/compute.googleapis.com/overview?project=973458787565 then retry. If you enabled this API recently, wait a few minutes for the action to propagate to our systems and retry.","status":403}
[debug] [2026-02-20T10:23:43.137Z] Checked if tokens are valid: true, expires at: 1771585909769
[debug] [2026-02-20T10:23:43.137Z] Checked if tokens are valid: true, expires at: 1771585909769
[debug] [2026-02-20T10:23:43.137Z] >>> [apiv2][query] GET https://compute.googleapis.com/compute/v1/projects/973458787565 [none]
[debug] [2026-02-20T10:23:43.472Z] <<< [apiv2][status] GET https://compute.googleapis.com/compute/v1/projects/973458787565 403
[debug] [2026-02-20T10:23:43.472Z] <<< [apiv2][body] GET https://compute.googleapis.com/compute/v1/projects/973458787565 {"error":{"code":403,"message":"Compute Engine API has not been used in project 973458787565 before or it is disabled. Enable it by visiting https://console.developers.google.com/apis/api/compute.googleapis.com/overview?project=973458787565 then retry. If you enabled this API recently, wait a few minutes for the action to propagate to our systems and retry.","errors":[{"message":"Compute Engine API has not been used in project 973458787565 before or it is disabled. Enable it by visiting https://console.developers.google.com/apis/api/compute.googleapis.com/overview?project=973458787565 then retry. If you enabled this API recently, wait a few minutes for the action to propagate to our systems and retry.","domain":"usageLimits","reason":"accessNotConfigured","extendedHelp":"https://console.developers.google.com"}],"status":"PERMISSION_DENIED","details":[{"@type":"type.googleapis.com/google.rpc.ErrorInfo","reason":"SERVICE_DISABLED","domain":"googleapis.com","metadata":{"activationUrl":"https://console.developers.google.com/apis/api/compute.googleapis.com/overview?project=973458787565","consumer":"projects/973458787565","service":"compute.googleapis.com","serviceTitle":"Compute Engine API","containerInfo":"973458787565"}},{"@type":"type.googleapis.com/google.rpc.LocalizedMessage","locale":"en-US","message":"Compute Engine API has not been used in project 973458787565 before or it is disabled. Enable it by visiting https://console.developers.google.com/apis/api/compute.googleapis.com/overview?project=973458787565 then retry. If you enabled this API recently, wait a few minutes for the action to propagate to our systems and retry."},{"@type":"type.googleapis.com/google.rpc.Help","links":[{"description":"Google developers console API activation","url":"https://console.developers.google.com/apis/api/compute.googleapis.com/overview?project=973458787565"}]}]}}
[debug] [2026-02-20T10:23:43.472Z] unable to look up default compute service account. Falling back to 973458787565-compute@developer.gserviceaccount.com. Error: {"name":"FirebaseError","children":[],"context":{"body":{"error":{"code":403,"message":"Compute Engine API has not been used in project 973458787565 before or it is disabled. Enable it by visiting https://console.developers.google.com/apis/api/compute.googleapis.com/overview?project=973458787565 then retry. If you enabled this API recently, wait a few minutes for the action to propagate to our systems and retry.","errors":[{"message":"Compute Engine API has not been used in project 973458787565 before or it is disabled. Enable it by visiting https://console.developers.google.com/apis/api/compute.googleapis.com/overview?project=973458787565 then retry. If you enabled this API recently, wait a few minutes for the action to propagate to our systems and retry.","domain":"usageLimits","reason":"accessNotConfigured","extendedHelp":"https://console.developers.google.com"}],"status":"PERMISSION_DENIED","details":[{"@type":"type.googleapis.com/google.rpc.ErrorInfo","reason":"SERVICE_DISABLED","domain":"googleapis.com","metadata":{"activationUrl":"https://console.developers.google.com/apis/api/compute.googleapis.com/overview?project=973458787565","consumer":"projects/973458787565","service":"compute.googleapis.com","serviceTitle":"Compute Engine API","containerInfo":"973458787565"}},{"@type":"type.googleapis.com/google.rpc.LocalizedMessage","locale":"en-US","message":"Compute Engine API has not been used in project 973458787565 before or it is disabled. Enable it by visiting https://console.developers.google.com/apis/api/compute.googleapis.com/overview?project=973458787565 then retry. If you enabled this API recently, wait a few minutes for the action to propagate to our systems and retry."},{"@type":"type.googleapis.com/google.rpc.Help","links":[{"description":"Google developers console API activation","url":"https://console.developers.google.com/apis/api/compute.googleapis.com/overview?project=973458787565"}]}]}},"response":{"statusCode":403}},"exit":1,"message":"Request to https://compute.googleapis.com/compute/v1/projects/973458787565 had HTTP Error: 403, Compute Engine API has not been used in project 973458787565 before or it is disabled. Enable it by visiting https://console.developers.google.com/apis/api/compute.googleapis.com/overview?project=973458787565 then retry. If you enabled this API recently, wait a few minutes for the action to propagate to our systems and retry.","status":403}
[debug] [2026-02-20T10:23:43.473Z] Checked if tokens are valid: true, expires at: 1771585909769
[debug] [2026-02-20T10:23:43.473Z] Checked if tokens are valid: true, expires at: 1771585909769
[debug] [2026-02-20T10:23:43.473Z] >>> [apiv2][query] GET https://compute.googleapis.com/compute/v1/projects/973458787565 [none]
[debug] [2026-02-20T10:23:43.800Z] <<< [apiv2][status] GET https://compute.googleapis.com/compute/v1/projects/973458787565 403
[debug] [2026-02-20T10:23:43.801Z] <<< [apiv2][body] GET https://compute.googleapis.com/compute/v1/projects/973458787565 {"error":{"code":403,"message":"Compute Engine API has not been used in project 973458787565 before or it is disabled. Enable it by visiting https://console.developers.google.com/apis/api/compute.googleapis.com/overview?project=973458787565 then retry. If you enabled this API recently, wait a few minutes for the action to propagate to our systems and retry.","errors":[{"message":"Compute Engine API has not been used in project 973458787565 before or it is disabled. Enable it by visiting https://console.developers.google.com/apis/api/compute.googleapis.com/overview?project=973458787565 then retry. If you enabled this API recently, wait a few minutes for the action to propagate to our systems and retry.","domain":"usageLimits","reason":"accessNotConfigured","extendedHelp":"https://console.developers.google.com"}],"status":"PERMISSION_DENIED","details":[{"@type":"type.googleapis.com/google.rpc.ErrorInfo","reason":"SERVICE_DISABLED","domain":"googleapis.com","metadata":{"consumer":"projects/973458787565","serviceTitle":"Compute Engine API","containerInfo":"973458787565","activationUrl":"https://console.developers.google.com/apis/api/compute.googleapis.com/overview?project=973458787565","service":"compute.googleapis.com"}},{"@type":"type.googleapis.com/google.rpc.LocalizedMessage","locale":"en-US","message":"Compute Engine API has not been used in project 973458787565 before or it is disabled. Enable it by visiting https://console.developers.google.com/apis/api/compute.googleapis.com/overview?project=973458787565 then retry. If you enabled this API recently, wait a few minutes for the action to propagate to our systems and retry."},{"@type":"type.googleapis.com/google.rpc.Help","links":[{"description":"Google developers console API activation","url":"https://console.developers.google.com/apis/api/compute.googleapis.com/overview?project=973458787565"}]}]}}
[debug] [2026-02-20T10:23:43.801Z] unable to look up default compute service account. Falling back to 973458787565-compute@developer.gserviceaccount.com. Error: {"name":"FirebaseError","children":[],"context":{"body":{"error":{"code":403,"message":"Compute Engine API has not been used in project 973458787565 before or it is disabled. Enable it by visiting https://console.developers.google.com/apis/api/compute.googleapis.com/overview?project=973458787565 then retry. If you enabled this API recently, wait a few minutes for the action to propagate to our systems and retry.","errors":[{"message":"Compute Engine API has not been used in project 973458787565 before or it is disabled. Enable it by visiting https://console.developers.google.com/apis/api/compute.googleapis.com/overview?project=973458787565 then retry. If you enabled this API recently, wait a few minutes for the action to propagate to our systems and retry.","domain":"usageLimits","reason":"accessNotConfigured","extendedHelp":"https://console.developers.google.com"}],"status":"PERMISSION_DENIED","details":[{"@type":"type.googleapis.com/google.rpc.ErrorInfo","reason":"SERVICE_DISABLED","domain":"googleapis.com","metadata":{"consumer":"projects/973458787565","serviceTitle":"Compute Engine API","containerInfo":"973458787565","activationUrl":"https://console.developers.google.com/apis/api/compute.googleapis.com/overview?project=973458787565","service":"compute.googleapis.com"}},{"@type":"type.googleapis.com/google.rpc.LocalizedMessage","locale":"en-US","message":"Compute Engine API has not been used in project 973458787565 before or it is disabled. Enable it by visiting https://console.developers.google.com/apis/api/compute.googleapis.com/overview?project=973458787565 then retry. If you enabled this API recently, wait a few minutes for the action to propagate to our systems and retry."},{"@type":"type.googleapis.com/google.rpc.Help","links":[{"description":"Google developers console API activation","url":"https://console.developers.google.com/apis/api/compute.googleapis.com/overview?project=973458787565"}]}]}},"response":{"statusCode":403}},"exit":1,"message":"Request to https://compute.googleapis.com/compute/v1/projects/973458787565 had HTTP Error: 403, Compute Engine API has not been used in project 973458787565 before or it is disabled. Enable it by visiting https://console.developers.google.com/apis/api/compute.googleapis.com/overview?project=973458787565 then retry. If you enabled this API recently, wait a few minutes for the action to propagate to our systems and retry.","status":403}
[debug] [2026-02-20T10:23:43.803Z] Checked if tokens are valid: true, expires at: 1771585909769
[debug] [2026-02-20T10:23:43.803Z] Checked if tokens are valid: true, expires at: 1771585909769
[debug] [2026-02-20T10:23:43.803Z] >>> [apiv2][query] GET https://cloudbilling.googleapis.com/v1/projects/thevisamanager-bea80/billingInfo [none]
[debug] [2026-02-20T10:23:45.462Z] <<< [apiv2][status] GET https://cloudbilling.googleapis.com/v1/projects/thevisamanager-bea80/billingInfo 200
[debug] [2026-02-20T10:23:45.462Z] <<< [apiv2][body] GET https://cloudbilling.googleapis.com/v1/projects/thevisamanager-bea80/billingInfo {"name":"projects/thevisamanager-bea80/billingInfo","projectId":"thevisamanager-bea80","billingAccountName":"billingAccounts/01FF61-6872C1-161478","billingEnabled":true}
[debug] [2026-02-20T10:23:45.465Z] Checked if tokens are valid: true, expires at: 1771585909769
[debug] [2026-02-20T10:23:45.465Z] Checked if tokens are valid: true, expires at: 1771585909769
[debug] [2026-02-20T10:23:45.465Z] >>> [apiv2][query] POST https://cloudfunctions.googleapis.com/v2/projects/thevisamanager-bea80/locations/us-central1/functions:generateUploadUrl [none]
[debug] [2026-02-20T10:23:47.165Z] <<< [apiv2][status] POST https://cloudfunctions.googleapis.com/v2/projects/thevisamanager-bea80/locations/us-central1/functions:generateUploadUrl 200
[debug] [2026-02-20T10:23:47.165Z] <<< [apiv2][body] POST https://cloudfunctions.googleapis.com/v2/projects/thevisamanager-bea80/locations/us-central1/functions:generateUploadUrl {"uploadUrl":"https://storage.googleapis.com/gcf-v2-uploads-973458787565.us-central1.cloudfunctions.appspot.com/fc61a7bd-3495-4643-b5d5-842304d92ad7.zip?GoogleAccessId=service-973458787565@gcf-admin-robot.iam.gserviceaccount.com&Expires=1771584827&Signature=a7yZNivmpxY%2B4AYLF0BgcUZuOvqzVyKKwWkoBVK8SHyWvwJ%2FBil9GO%2BS5LMz%2BWmv9K7RXjJwEPuiTbki3vTB%2B8GplsristnF%2FCTC7XWFtdDweuaYCboNtX2MZygLUYz8G6oTYkApZ5LaAoM73uo4DmLsEdDtOCSSNTno0JJF2sAiL70Va2IyyDhrlnb%2F2xEAAlTZFUMVzTMwUue%2Fk%2F1GM1B44ZY1ENYpZYKO%2Fb6gHubWZ%2BYny2xY3w7vuIOPZ1SLBJI4NI0k60kV7YUYNZBfoDdOn%2F9Le6Q%2BzIKWrkl%2FLqgasfc6kBIEsGtWoll1qpi93AgVuIObLH0CrCmwspSULQ%3D%3D","storageSource":{"bucket":"gcf-v2-uploads-973458787565.us-central1.cloudfunctions.appspot.com","object":"fc61a7bd-3495-4643-b5d5-842304d92ad7.zip"}}
[debug] [2026-02-20T10:23:47.172Z] >>> [apiv2][query] PUT https://storage.googleapis.com/gcf-v2-uploads-973458787565.us-central1.cloudfunctions.appspot.com/fc61a7bd-3495-4643-b5d5-842304d92ad7.zip GoogleAccessId=service-973458787565%40gcf-admin-robot.iam.gserviceaccount.com&Expires=1771584827&Signature=a7yZNivmpxY%2B4AYLF0BgcUZuOvqzVyKKwWkoBVK8SHyWvwJ%2FBil9GO%2BS5LMz%2BWmv9K7RXjJwEPuiTbki3vTB%2B8GplsristnF%2FCTC7XWFtdDweuaYCboNtX2MZygLUYz8G6oTYkApZ5LaAoM73uo4DmLsEdDtOCSSNTno0JJF2sAiL70Va2IyyDhrlnb%2F2xEAAlTZFUMVzTMwUue%2Fk%2F1GM1B44ZY1ENYpZYKO%2Fb6gHubWZ%2BYny2xY3w7vuIOPZ1SLBJI4NI0k60kV7YUYNZBfoDdOn%2F9Le6Q%2BzIKWrkl%2FLqgasfc6kBIEsGtWoll1qpi93AgVuIObLH0CrCmwspSULQ%3D%3D
[debug] [2026-02-20T10:23:47.172Z] >>> [apiv2][body] PUT https://storage.googleapis.com/gcf-v2-uploads-973458787565.us-central1.cloudfunctions.appspot.com/fc61a7bd-3495-4643-b5d5-842304d92ad7.zip [stream]
[debug] [2026-02-20T10:23:48.943Z] <<< [apiv2][status] PUT https://storage.googleapis.com/gcf-v2-uploads-973458787565.us-central1.cloudfunctions.appspot.com/fc61a7bd-3495-4643-b5d5-842304d92ad7.zip 200
[debug] [2026-02-20T10:23:48.943Z] <<< [apiv2][body] PUT https://storage.googleapis.com/gcf-v2-uploads-973458787565.us-central1.cloudfunctions.appspot.com/fc61a7bd-3495-4643-b5d5-842304d92ad7.zip [omitted]
[info] +  functions: functions source uploaded successfully 
[info] 
The following functions are found in your project but do not exist in your local source code:
	cleanupUserData(us-central1)

If you are renaming a function or changing its region, it is recommended that you create the new function first before deleting the old one to prevent event loss. For more info, visit https://firebase.google.com/docs/functions/manage-functions#modify

[info] i  functions: updating Node.js 20 (2nd Gen) function getGoogleReviews(us-central1)... 
[info] i  functions: updating Node.js 20 (2nd Gen) function generateInvoice(us-central1)... 
[info] i  functions: updating Node.js 20 (2nd Gen) function extractTextFromImage(us-central1)... 
[info] i  functions: updating Node.js 20 (2nd Gen) function api(us-central1)... 
[info] i  functions: deleting Node.js 20 (1st Gen) function cleanupUserData(us-central1)... 
[debug] [2026-02-20T10:23:55.533Z] Checked if tokens are valid: true, expires at: 1771585909769
[debug] [2026-02-20T10:23:55.533Z] Checked if tokens are valid: true, expires at: 1771585909769
[debug] [2026-02-20T10:23:55.533Z] Checked if tokens are valid: true, expires at: 1771585909769
[debug] [2026-02-20T10:23:55.533Z] Checked if tokens are valid: true, expires at: 1771585909769
[debug] [2026-02-20T10:23:55.533Z] >>> [apiv2][query] PATCH https://cloudfunctions.googleapis.com/v2/projects/thevisamanager-bea80/locations/us-central1/functions/getGoogleReviews updateMask=name%2CbuildConfig.runtime%2CbuildConfig.entryPoint%2CbuildConfig.source.storageSource.bucket%2CbuildConfig.source.storageSource.object%2CbuildConfig.environmentVariables%2CbuildConfig.sourceToken%2CserviceConfig.environmentVariables%2CserviceConfig.secretEnvironmentVariables%2CserviceConfig.ingressSettings%2CserviceConfig.timeoutSeconds%2CserviceConfig.serviceAccountEmail%2CserviceConfig.availableMemory%2CserviceConfig.minInstanceCount%2CserviceConfig.maxInstanceCount%2CserviceConfig.maxInstanceRequestConcurrency%2CserviceConfig.availableCpu%2CserviceConfig.vpcConnector%2CserviceConfig.vpcConnectorEgressSettings%2Clabels
[debug] [2026-02-20T10:23:55.534Z] >>> [apiv2][body] PATCH https://cloudfunctions.googleapis.com/v2/projects/thevisamanager-bea80/locations/us-central1/functions/getGoogleReviews {"name":"projects/thevisamanager-bea80/locations/us-central1/functions/getGoogleReviews","buildConfig":{"runtime":"nodejs20","entryPoint":"getGoogleReviews","source":{"storageSource":{"bucket":"gcf-v2-uploads-973458787565.us-central1.cloudfunctions.appspot.com","object":"fc61a7bd-3495-4643-b5d5-842304d92ad7.zip"}},"environmentVariables":{"GOOGLE_NODE_RUN_SCRIPTS":""}},"serviceConfig":{"environmentVariables":{"FIREBASE_CONFIG":"{\"projectId\":\"thevisamanager-bea80\",\"storageBucket\":\"thevisamanager-bea80.firebasestorage.app\"}","GCLOUD_PROJECT":"thevisamanager-bea80","EVENTARC_CLOUD_EVENT_SOURCE":"projects/thevisamanager-bea80/locations/us-central1/services/getGoogleReviews","FUNCTION_TARGET":"getGoogleReviews","LOG_EXECUTION_ID":"true","FUNCTION_SIGNATURE_TYPE":"http"},"secretEnvironmentVariables":[{"key":"GOOGLE_PLACES_KEY","secret":"GOOGLE_PLACES_KEY","projectId":"thevisamanager-bea80","version":"5"}],"ingressSettings":null,"timeoutSeconds":null,"serviceAccountEmail":null,"availableMemory":"256Mi","minInstanceCount":null,"maxInstanceCount":null,"maxInstanceRequestConcurrency":80,"availableCpu":"1","vpcConnector":null,"vpcConnectorEgressSettings":null},"labels":{"deployment-tool":"cli-firebase","firebase-functions-hash":"327b007ef8f69a9ac7fd4a676c0d9ee91665a95f"}}
[debug] [2026-02-20T10:23:55.536Z] >>> [apiv2][query] DELETE https://cloudfunctions.googleapis.com/v1/projects/thevisamanager-bea80/locations/us-central1/functions/cleanupUserData [none]
[debug] [2026-02-20T10:23:56.625Z] <<< [apiv2][status] DELETE https://cloudfunctions.googleapis.com/v1/projects/thevisamanager-bea80/locations/us-central1/functions/cleanupUserData 200
[debug] [2026-02-20T10:23:56.625Z] <<< [apiv2][body] DELETE https://cloudfunctions.googleapis.com/v1/projects/thevisamanager-bea80/locations/us-central1/functions/cleanupUserData {"name":"operations/cHJvamVjdHMvdGhldmlzYW1hbmFnZXItYmVhODAvbG9jYXRpb25zL3VzLWNlbnRyYWwxL29wZXJhdGlvbnMvb3BlcmF0aW9uLTE3NzE1ODMwMzY0NTktNjRiM2VkMTk0MGJhNC1iZThhMDc1MS1mMGFjYTYyOA","metadata":{"@type":"type.googleapis.com/google.cloud.functions.v1.OperationMetadataV1","target":"projects/thevisamanager-bea80/locations/us-central1/functions/cleanupUserData","updateTime":"2026-02-20T10:23:56.541273886Z"}}
[debug] [2026-02-20T10:23:56.626Z] Checked if tokens are valid: true, expires at: 1771585909769
[debug] [2026-02-20T10:23:56.626Z] Checked if tokens are valid: true, expires at: 1771585909769
[debug] [2026-02-20T10:23:56.627Z] >>> [apiv2][query] GET https://cloudfunctions.googleapis.com/v1/operations/cHJvamVjdHMvdGhldmlzYW1hbmFnZXItYmVhODAvbG9jYXRpb25zL3VzLWNlbnRyYWwxL29wZXJhdGlvbnMvb3BlcmF0aW9uLTE3NzE1ODMwMzY0NTktNjRiM2VkMTk0MGJhNC1iZThhMDc1MS1mMGFjYTYyOA [none]
[debug] [2026-02-20T10:23:57.138Z] <<< [apiv2][status] GET https://cloudfunctions.googleapis.com/v1/operations/cHJvamVjdHMvdGhldmlzYW1hbmFnZXItYmVhODAvbG9jYXRpb25zL3VzLWNlbnRyYWwxL29wZXJhdGlvbnMvb3BlcmF0aW9uLTE3NzE1ODMwMzY0NTktNjRiM2VkMTk0MGJhNC1iZThhMDc1MS1mMGFjYTYyOA 200
[debug] [2026-02-20T10:23:57.138Z] <<< [apiv2][body] GET https://cloudfunctions.googleapis.com/v1/operations/cHJvamVjdHMvdGhldmlzYW1hbmFnZXItYmVhODAvbG9jYXRpb25zL3VzLWNlbnRyYWwxL29wZXJhdGlvbnMvb3BlcmF0aW9uLTE3NzE1ODMwMzY0NTktNjRiM2VkMTk0MGJhNC1iZThhMDc1MS1mMGFjYTYyOA {"name":"operations/cHJvamVjdHMvdGhldmlzYW1hbmFnZXItYmVhODAvbG9jYXRpb25zL3VzLWNlbnRyYWwxL29wZXJhdGlvbnMvb3BlcmF0aW9uLTE3NzE1ODMwMzY0NTktNjRiM2VkMTk0MGJhNC1iZThhMDc1MS1mMGFjYTYyOA","metadata":{"@type":"type.googleapis.com/google.cloud.functions.v1.OperationMetadataV1","target":"projects/thevisamanager-bea80/locations/us-central1/functions/cleanupUserData","type":"DELETE_FUNCTION","request":{"@type":"type.googleapis.com/google.cloud.functions.v1.CloudFunction","name":"projects/thevisamanager-bea80/locations/us-central1/functions/cleanupUserData","httpsTrigger":{},"updateTime":"1970-01-01T00:00:00Z"},"updateTime":"2026-02-20T10:23:56.541273886Z"}}
[debug] [2026-02-20T10:23:57.652Z] [delete-default-us-central1-cleanupUserData] Retrying task index 0
[debug] [2026-02-20T10:23:57.652Z] Checked if tokens are valid: true, expires at: 1771585909769
[debug] [2026-02-20T10:23:57.652Z] Checked if tokens are valid: true, expires at: 1771585909769
[debug] [2026-02-20T10:23:57.652Z] >>> [apiv2][query] GET https://cloudfunctions.googleapis.com/v1/operations/cHJvamVjdHMvdGhldmlzYW1hbmFnZXItYmVhODAvbG9jYXRpb25zL3VzLWNlbnRyYWwxL29wZXJhdGlvbnMvb3BlcmF0aW9uLTE3NzE1ODMwMzY0NTktNjRiM2VkMTk0MGJhNC1iZThhMDc1MS1mMGFjYTYyOA [none]
[debug] [2026-02-20T10:23:57.984Z] <<< [apiv2][status] PATCH https://cloudfunctions.googleapis.com/v2/projects/thevisamanager-bea80/locations/us-central1/functions/getGoogleReviews 200
[debug] [2026-02-20T10:23:57.985Z] <<< [apiv2][body] PATCH https://cloudfunctions.googleapis.com/v2/projects/thevisamanager-bea80/locations/us-central1/functions/getGoogleReviews {"name":"projects/thevisamanager-bea80/locations/us-central1/operations/operation-1771583037078-64b3ed19d7ac3-8430cd1d-10e2b539","metadata":{"@type":"type.googleapis.com/google.cloud.functions.v2.OperationMetadata","createTime":"2026-02-20T10:23:57.950202037Z","target":"projects/thevisamanager-bea80/locations/us-central1/functions/getGoogleReviews","verb":"update","cancelRequested":false,"apiVersion":"v2"},"done":false}
[debug] [2026-02-20T10:23:57.985Z] Checked if tokens are valid: true, expires at: 1771585909769
[debug] [2026-02-20T10:23:57.985Z] Checked if tokens are valid: true, expires at: 1771585909769
[debug] [2026-02-20T10:23:57.986Z] >>> [apiv2][query] GET https://cloudfunctions.googleapis.com/v2/projects/thevisamanager-bea80/locations/us-central1/operations/operation-1771583037078-64b3ed19d7ac3-8430cd1d-10e2b539 [none]
[debug] [2026-02-20T10:23:58.092Z] <<< [apiv2][status] GET https://cloudfunctions.googleapis.com/v1/operations/cHJvamVjdHMvdGhldmlzYW1hbmFnZXItYmVhODAvbG9jYXRpb25zL3VzLWNlbnRyYWwxL29wZXJhdGlvbnMvb3BlcmF0aW9uLTE3NzE1ODMwMzY0NTktNjRiM2VkMTk0MGJhNC1iZThhMDc1MS1mMGFjYTYyOA 200
[debug] [2026-02-20T10:23:58.092Z] <<< [apiv2][body] GET https://cloudfunctions.googleapis.com/v1/operations/cHJvamVjdHMvdGhldmlzYW1hbmFnZXItYmVhODAvbG9jYXRpb25zL3VzLWNlbnRyYWwxL29wZXJhdGlvbnMvb3BlcmF0aW9uLTE3NzE1ODMwMzY0NTktNjRiM2VkMTk0MGJhNC1iZThhMDc1MS1mMGFjYTYyOA {"name":"operations/cHJvamVjdHMvdGhldmlzYW1hbmFnZXItYmVhODAvbG9jYXRpb25zL3VzLWNlbnRyYWwxL29wZXJhdGlvbnMvb3BlcmF0aW9uLTE3NzE1ODMwMzY0NTktNjRiM2VkMTk0MGJhNC1iZThhMDc1MS1mMGFjYTYyOA","metadata":{"@type":"type.googleapis.com/google.cloud.functions.v1.OperationMetadataV1","target":"projects/thevisamanager-bea80/locations/us-central1/functions/cleanupUserData","type":"DELETE_FUNCTION","request":{"@type":"type.googleapis.com/google.cloud.functions.v1.CloudFunction","name":"projects/thevisamanager-bea80/locations/us-central1/functions/cleanupUserData","httpsTrigger":{},"updateTime":"1970-01-01T00:00:00Z"},"updateTime":"2026-02-20T10:23:56.541273886Z"}}
[debug] [2026-02-20T10:23:59.107Z] [delete-default-us-central1-cleanupUserData] Retrying task index 0
[debug] [2026-02-20T10:23:59.108Z] Checked if tokens are valid: true, expires at: 1771585909769
[debug] [2026-02-20T10:23:59.108Z] Checked if tokens are valid: true, expires at: 1771585909769
[debug] [2026-02-20T10:23:59.109Z] >>> [apiv2][query] GET https://cloudfunctions.googleapis.com/v1/operations/cHJvamVjdHMvdGhldmlzYW1hbmFnZXItYmVhODAvbG9jYXRpb25zL3VzLWNlbnRyYWwxL29wZXJhdGlvbnMvb3BlcmF0aW9uLTE3NzE1ODMwMzY0NTktNjRiM2VkMTk0MGJhNC1iZThhMDc1MS1mMGFjYTYyOA [none]
[debug] [2026-02-20T10:23:59.279Z] <<< [apiv2][status] GET https://cloudfunctions.googleapis.com/v2/projects/thevisamanager-bea80/locations/us-central1/operations/operation-1771583037078-64b3ed19d7ac3-8430cd1d-10e2b539 200
[debug] [2026-02-20T10:23:59.279Z] <<< [apiv2][body] GET https://cloudfunctions.googleapis.com/v2/projects/thevisamanager-bea80/locations/us-central1/operations/operation-1771583037078-64b3ed19d7ac3-8430cd1d-10e2b539 {"name":"projects/thevisamanager-bea80/locations/us-central1/operations/operation-1771583037078-64b3ed19d7ac3-8430cd1d-10e2b539","metadata":{"@type":"type.googleapis.com/google.cloud.functions.v2.OperationMetadata","createTime":"2026-02-20T10:23:57.950202037Z","target":"projects/thevisamanager-bea80/locations/us-central1/functions/getGoogleReviews","verb":"update","cancelRequested":false,"apiVersion":"v2","requestResource":{"@type":"type.googleapis.com/google.cloud.functions.v2.Function","name":"projects/thevisamanager-bea80/locations/us-central1/functions/getGoogleReviews","buildConfig":{"runtime":"nodejs20","entryPoint":"getGoogleReviews","source":{"storageSource":{"bucket":"gcf-v2-sources-973458787565-us-central1","object":"getGoogleReviews/function-source.zip","generation":"1771583037909598"}},"environmentVariables":{"GOOGLE_NODE_RUN_SCRIPTS":""},"dockerRepository":"projects/thevisamanager-bea80/locations/us-central1/repositories/gcf-artifacts","sourceProvenance":{"resolvedStorageSource":{"bucket":"gcf-v2-sources-973458787565-us-central1","object":"getGoogleReviews/function-source.zip","generation":"1770620936138804"}},"dockerRegistry":"ARTIFACT_REGISTRY","serviceAccount":"projects/thevisamanager-bea80/serviceAccounts/973458787565-compute@developer.gserviceaccount.com","automaticUpdatePolicy":{}},"serviceConfig":{"service":"projects/thevisamanager-bea80/locations/us-central1/services/getgooglereviews","timeoutSeconds":60,"environmentVariables":{"FIREBASE_CONFIG":"{\"projectId\":\"thevisamanager-bea80\",\"storageBucket\":\"thevisamanager-bea80.firebasestorage.app\"}","GCLOUD_PROJECT":"thevisamanager-bea80","EVENTARC_CLOUD_EVENT_SOURCE":"projects/thevisamanager-bea80/locations/us-central1/services/getGoogleReviews","FUNCTION_TARGET":"getGoogleReviews","LOG_EXECUTION_ID":"true","FUNCTION_SIGNATURE_TYPE":"http"},"ingressSettings":"ALLOW_ALL","uri":"https://getgooglereviews-fdkefcllsq-uc.a.run.app","serviceAccountEmail":"973458787565-compute@developer.gserviceaccount.com","availableMemory":"256Mi","allTrafficOnLatestRevision":true,"secretEnvironmentVariables":[{"key":"GOOGLE_PLACES_KEY","projectId":"thevisamanager-bea80","secret":"GOOGLE_PLACES_KEY","version":"5"}],"revision":"getgooglereviews-00007-qoz","maxInstanceRequestConcurrency":80,"availableCpu":"1"},"state":"ACTIVE","labels":{"deployment-tool":"cli-firebase","firebase-functions-hash":"327b007ef8f69a9ac7fd4a676c0d9ee91665a95f"},"environment":"GEN_2","url":"https://us-central1-thevisamanager-bea80.cloudfunctions.net/getGoogleReviews","satisfiesPzi":true},"stages":[{"name":"BUILD","message":"Build in progress","state":"IN_PROGRESS","resource":"projects/973458787565/locations/us-central1/builds/be7264f0-8f10-4e61-b9dc-fa5c7ccdcc8d","resourceUri":"https://console.cloud.google.com/cloud-build/builds;region=us-central1/be7264f0-8f10-4e61-b9dc-fa5c7ccdcc8d?project=973458787565"},{"name":"SERVICE","state":"NOT_STARTED"}],"operationType":"UPDATE_FUNCTION","buildName":"projects/973458787565/locations/us-central1/builds/be7264f0-8f10-4e61-b9dc-fa5c7ccdcc8d"},"done":false}
[debug] [2026-02-20T10:23:59.557Z] <<< [apiv2][status] GET https://cloudfunctions.googleapis.com/v1/operations/cHJvamVjdHMvdGhldmlzYW1hbmFnZXItYmVhODAvbG9jYXRpb25zL3VzLWNlbnRyYWwxL29wZXJhdGlvbnMvb3BlcmF0aW9uLTE3NzE1ODMwMzY0NTktNjRiM2VkMTk0MGJhNC1iZThhMDc1MS1mMGFjYTYyOA 200
[debug] [2026-02-20T10:23:59.557Z] <<< [apiv2][body] GET https://cloudfunctions.googleapis.com/v1/operations/cHJvamVjdHMvdGhldmlzYW1hbmFnZXItYmVhODAvbG9jYXRpb25zL3VzLWNlbnRyYWwxL29wZXJhdGlvbnMvb3BlcmF0aW9uLTE3NzE1ODMwMzY0NTktNjRiM2VkMTk0MGJhNC1iZThhMDc1MS1mMGFjYTYyOA {"name":"operations/cHJvamVjdHMvdGhldmlzYW1hbmFnZXItYmVhODAvbG9jYXRpb25zL3VzLWNlbnRyYWwxL29wZXJhdGlvbnMvb3BlcmF0aW9uLTE3NzE1ODMwMzY0NTktNjRiM2VkMTk0MGJhNC1iZThhMDc1MS1mMGFjYTYyOA","metadata":{"@type":"type.googleapis.com/google.cloud.functions.v1.OperationMetadataV1","target":"projects/thevisamanager-bea80/locations/us-central1/functions/cleanupUserData","type":"DELETE_FUNCTION","request":{"@type":"type.googleapis.com/google.cloud.functions.v1.CloudFunction","name":"projects/thevisamanager-bea80/locations/us-central1/functions/cleanupUserData","httpsTrigger":{},"updateTime":"1970-01-01T00:00:00Z"},"updateTime":"2026-02-20T10:23:56.541273886Z"}}
[debug] [2026-02-20T10:23:59.792Z] [update-default-us-central1-getGoogleReviews] Retrying task index 0
[debug] [2026-02-20T10:23:59.793Z] Checked if tokens are valid: true, expires at: 1771585909769
[debug] [2026-02-20T10:23:59.794Z] Checked if tokens are valid: true, expires at: 1771585909769
[debug] [2026-02-20T10:23:59.794Z] >>> [apiv2][query] GET https://cloudfunctions.googleapis.com/v2/projects/thevisamanager-bea80/locations/us-central1/operations/operation-1771583037078-64b3ed19d7ac3-8430cd1d-10e2b539 [none]
[debug] [2026-02-20T10:24:01.233Z] <<< [apiv2][status] GET https://cloudfunctions.googleapis.com/v2/projects/thevisamanager-bea80/locations/us-central1/operations/operation-1771583037078-64b3ed19d7ac3-8430cd1d-10e2b539 200
[debug] [2026-02-20T10:24:01.234Z] <<< [apiv2][body] GET https://cloudfunctions.googleapis.com/v2/projects/thevisamanager-bea80/locations/us-central1/operations/operation-1771583037078-64b3ed19d7ac3-8430cd1d-10e2b539 {"name":"projects/thevisamanager-bea80/locations/us-central1/operations/operation-1771583037078-64b3ed19d7ac3-8430cd1d-10e2b539","metadata":{"@type":"type.googleapis.com/google.cloud.functions.v2.OperationMetadata","createTime":"2026-02-20T10:23:57.950202037Z","target":"projects/thevisamanager-bea80/locations/us-central1/functions/getGoogleReviews","verb":"update","cancelRequested":false,"apiVersion":"v2","requestResource":{"@type":"type.googleapis.com/google.cloud.functions.v2.Function","name":"projects/thevisamanager-bea80/locations/us-central1/functions/getGoogleReviews","buildConfig":{"runtime":"nodejs20","entryPoint":"getGoogleReviews","source":{"storageSource":{"bucket":"gcf-v2-sources-973458787565-us-central1","object":"getGoogleReviews/function-source.zip","generation":"1771583037909598"}},"environmentVariables":{"GOOGLE_NODE_RUN_SCRIPTS":""},"dockerRepository":"projects/thevisamanager-bea80/locations/us-central1/repositories/gcf-artifacts","sourceProvenance":{"resolvedStorageSource":{"bucket":"gcf-v2-sources-973458787565-us-central1","object":"getGoogleReviews/function-source.zip","generation":"1770620936138804"}},"dockerRegistry":"ARTIFACT_REGISTRY","serviceAccount":"projects/thevisamanager-bea80/serviceAccounts/973458787565-compute@developer.gserviceaccount.com","automaticUpdatePolicy":{}},"serviceConfig":{"service":"projects/thevisamanager-bea80/locations/us-central1/services/getgooglereviews","timeoutSeconds":60,"environmentVariables":{"FIREBASE_CONFIG":"{\"projectId\":\"thevisamanager-bea80\",\"storageBucket\":\"thevisamanager-bea80.firebasestorage.app\"}","GCLOUD_PROJECT":"thevisamanager-bea80","EVENTARC_CLOUD_EVENT_SOURCE":"projects/thevisamanager-bea80/locations/us-central1/services/getGoogleReviews","FUNCTION_TARGET":"getGoogleReviews","LOG_EXECUTION_ID":"true","FUNCTION_SIGNATURE_TYPE":"http"},"ingressSettings":"ALLOW_ALL","uri":"https://getgooglereviews-fdkefcllsq-uc.a.run.app","serviceAccountEmail":"973458787565-compute@developer.gserviceaccount.com","availableMemory":"256Mi","allTrafficOnLatestRevision":true,"secretEnvironmentVariables":[{"key":"GOOGLE_PLACES_KEY","projectId":"thevisamanager-bea80","secret":"GOOGLE_PLACES_KEY","version":"5"}],"revision":"getgooglereviews-00007-qoz","maxInstanceRequestConcurrency":80,"availableCpu":"1"},"state":"ACTIVE","labels":{"deployment-tool":"cli-firebase","firebase-functions-hash":"327b007ef8f69a9ac7fd4a676c0d9ee91665a95f"},"environment":"GEN_2","url":"https://us-central1-thevisamanager-bea80.cloudfunctions.net/getGoogleReviews","satisfiesPzi":true},"stages":[{"name":"BUILD","message":"Build in progress","state":"IN_PROGRESS","resource":"projects/973458787565/locations/us-central1/builds/be7264f0-8f10-4e61-b9dc-fa5c7ccdcc8d","resourceUri":"https://console.cloud.google.com/cloud-build/builds;region=us-central1/be7264f0-8f10-4e61-b9dc-fa5c7ccdcc8d?project=973458787565"},{"name":"SERVICE","state":"NOT_STARTED"}],"operationType":"UPDATE_FUNCTION","buildName":"projects/973458787565/locations/us-central1/builds/be7264f0-8f10-4e61-b9dc-fa5c7ccdcc8d"},"done":false}
[debug] [2026-02-20T10:24:01.568Z] [delete-default-us-central1-cleanupUserData] Retrying task index 0
[debug] [2026-02-20T10:24:01.569Z] Checked if tokens are valid: true, expires at: 1771585909769
[debug] [2026-02-20T10:24:01.569Z] Checked if tokens are valid: true, expires at: 1771585909769
[debug] [2026-02-20T10:24:01.569Z] >>> [apiv2][query] GET https://cloudfunctions.googleapis.com/v1/operations/cHJvamVjdHMvdGhldmlzYW1hbmFnZXItYmVhODAvbG9jYXRpb25zL3VzLWNlbnRyYWwxL29wZXJhdGlvbnMvb3BlcmF0aW9uLTE3NzE1ODMwMzY0NTktNjRiM2VkMTk0MGJhNC1iZThhMDc1MS1mMGFjYTYyOA [none]
[debug] [2026-02-20T10:24:02.048Z] <<< [apiv2][status] GET https://cloudfunctions.googleapis.com/v1/operations/cHJvamVjdHMvdGhldmlzYW1hbmFnZXItYmVhODAvbG9jYXRpb25zL3VzLWNlbnRyYWwxL29wZXJhdGlvbnMvb3BlcmF0aW9uLTE3NzE1ODMwMzY0NTktNjRiM2VkMTk0MGJhNC1iZThhMDc1MS1mMGFjYTYyOA 200
[debug] [2026-02-20T10:24:02.048Z] <<< [apiv2][body] GET https://cloudfunctions.googleapis.com/v1/operations/cHJvamVjdHMvdGhldmlzYW1hbmFnZXItYmVhODAvbG9jYXRpb25zL3VzLWNlbnRyYWwxL29wZXJhdGlvbnMvb3BlcmF0aW9uLTE3NzE1ODMwMzY0NTktNjRiM2VkMTk0MGJhNC1iZThhMDc1MS1mMGFjYTYyOA {"name":"operations/cHJvamVjdHMvdGhldmlzYW1hbmFnZXItYmVhODAvbG9jYXRpb25zL3VzLWNlbnRyYWwxL29wZXJhdGlvbnMvb3BlcmF0aW9uLTE3NzE1ODMwMzY0NTktNjRiM2VkMTk0MGJhNC1iZThhMDc1MS1mMGFjYTYyOA","metadata":{"@type":"type.googleapis.com/google.cloud.functions.v1.OperationMetadataV1","target":"projects/thevisamanager-bea80/locations/us-central1/functions/cleanupUserData","type":"DELETE_FUNCTION","request":{"@type":"type.googleapis.com/google.cloud.functions.v1.CloudFunction","name":"projects/thevisamanager-bea80/locations/us-central1/functions/cleanupUserData","httpsTrigger":{},"updateTime":"1970-01-01T00:00:00Z"},"updateTime":"2026-02-20T10:23:56.541273886Z"}}
[debug] [2026-02-20T10:24:02.241Z] [update-default-us-central1-getGoogleReviews] Retrying task index 0
[debug] [2026-02-20T10:24:02.242Z] Checked if tokens are valid: true, expires at: 1771585909769
[debug] [2026-02-20T10:24:02.242Z] Checked if tokens are valid: true, expires at: 1771585909769
[debug] [2026-02-20T10:24:02.242Z] >>> [apiv2][query] GET https://cloudfunctions.googleapis.com/v2/projects/thevisamanager-bea80/locations/us-central1/operations/operation-1771583037078-64b3ed19d7ac3-8430cd1d-10e2b539 [none]
[debug] [2026-02-20T10:24:03.585Z] <<< [apiv2][status] GET https://cloudfunctions.googleapis.com/v2/projects/thevisamanager-bea80/locations/us-central1/operations/operation-1771583037078-64b3ed19d7ac3-8430cd1d-10e2b539 200
[debug] [2026-02-20T10:24:03.585Z] <<< [apiv2][body] GET https://cloudfunctions.googleapis.com/v2/projects/thevisamanager-bea80/locations/us-central1/operations/operation-1771583037078-64b3ed19d7ac3-8430cd1d-10e2b539 {"name":"projects/thevisamanager-bea80/locations/us-central1/operations/operation-1771583037078-64b3ed19d7ac3-8430cd1d-10e2b539","metadata":{"@type":"type.googleapis.com/google.cloud.functions.v2.OperationMetadata","createTime":"2026-02-20T10:23:57.950202037Z","target":"projects/thevisamanager-bea80/locations/us-central1/functions/getGoogleReviews","verb":"update","cancelRequested":false,"apiVersion":"v2","requestResource":{"@type":"type.googleapis.com/google.cloud.functions.v2.Function","name":"projects/thevisamanager-bea80/locations/us-central1/functions/getGoogleReviews","buildConfig":{"runtime":"nodejs20","entryPoint":"getGoogleReviews","source":{"storageSource":{"bucket":"gcf-v2-sources-973458787565-us-central1","object":"getGoogleReviews/function-source.zip","generation":"1771583037909598"}},"environmentVariables":{"GOOGLE_NODE_RUN_SCRIPTS":""},"dockerRepository":"projects/thevisamanager-bea80/locations/us-central1/repositories/gcf-artifacts","sourceProvenance":{"resolvedStorageSource":{"bucket":"gcf-v2-sources-973458787565-us-central1","object":"getGoogleReviews/function-source.zip","generation":"1770620936138804"}},"dockerRegistry":"ARTIFACT_REGISTRY","serviceAccount":"projects/thevisamanager-bea80/serviceAccounts/973458787565-compute@developer.gserviceaccount.com","automaticUpdatePolicy":{}},"serviceConfig":{"service":"projects/thevisamanager-bea80/locations/us-central1/services/getgooglereviews","timeoutSeconds":60,"environmentVariables":{"FIREBASE_CONFIG":"{\"projectId\":\"thevisamanager-bea80\",\"storageBucket\":\"thevisamanager-bea80.firebasestorage.app\"}","GCLOUD_PROJECT":"thevisamanager-bea80","EVENTARC_CLOUD_EVENT_SOURCE":"projects/thevisamanager-bea80/locations/us-central1/services/getGoogleReviews","FUNCTION_TARGET":"getGoogleReviews","LOG_EXECUTION_ID":"true","FUNCTION_SIGNATURE_TYPE":"http"},"ingressSettings":"ALLOW_ALL","uri":"https://getgooglereviews-fdkefcllsq-uc.a.run.app","serviceAccountEmail":"973458787565-compute@developer.gserviceaccount.com","availableMemory":"256Mi","allTrafficOnLatestRevision":true,"secretEnvironmentVariables":[{"key":"GOOGLE_PLACES_KEY","projectId":"thevisamanager-bea80","secret":"GOOGLE_PLACES_KEY","version":"5"}],"revision":"getgooglereviews-00007-qoz","maxInstanceRequestConcurrency":80,"availableCpu":"1"},"state":"ACTIVE","labels":{"deployment-tool":"cli-firebase","firebase-functions-hash":"327b007ef8f69a9ac7fd4a676c0d9ee91665a95f"},"environment":"GEN_2","url":"https://us-central1-thevisamanager-bea80.cloudfunctions.net/getGoogleReviews","satisfiesPzi":true},"stages":[{"name":"BUILD","message":"Build in progress","state":"IN_PROGRESS","resource":"projects/973458787565/locations/us-central1/builds/be7264f0-8f10-4e61-b9dc-fa5c7ccdcc8d","resourceUri":"https://console.cloud.google.com/cloud-build/builds;region=us-central1/be7264f0-8f10-4e61-b9dc-fa5c7ccdcc8d?project=973458787565"},{"name":"SERVICE","state":"NOT_STARTED"}],"operationType":"UPDATE_FUNCTION","buildName":"projects/973458787565/locations/us-central1/builds/be7264f0-8f10-4e61-b9dc-fa5c7ccdcc8d"},"done":false}
[debug] [2026-02-20T10:24:05.586Z] [update-default-us-central1-getGoogleReviews] Retrying task index 0
[debug] [2026-02-20T10:24:05.587Z] Checked if tokens are valid: true, expires at: 1771585909769
[debug] [2026-02-20T10:24:05.588Z] Checked if tokens are valid: true, expires at: 1771585909769
[debug] [2026-02-20T10:24:05.588Z] >>> [apiv2][query] GET https://cloudfunctions.googleapis.com/v2/projects/thevisamanager-bea80/locations/us-central1/operations/operation-1771583037078-64b3ed19d7ac3-8430cd1d-10e2b539 [none]
[debug] [2026-02-20T10:24:06.055Z] [delete-default-us-central1-cleanupUserData] Retrying task index 0
[debug] [2026-02-20T10:24:06.056Z] Checked if tokens are valid: true, expires at: 1771585909769
[debug] [2026-02-20T10:24:06.056Z] Checked if tokens are valid: true, expires at: 1771585909769
[debug] [2026-02-20T10:24:06.056Z] >>> [apiv2][query] GET https://cloudfunctions.googleapis.com/v1/operations/cHJvamVjdHMvdGhldmlzYW1hbmFnZXItYmVhODAvbG9jYXRpb25zL3VzLWNlbnRyYWwxL29wZXJhdGlvbnMvb3BlcmF0aW9uLTE3NzE1ODMwMzY0NTktNjRiM2VkMTk0MGJhNC1iZThhMDc1MS1mMGFjYTYyOA [none]
[debug] [2026-02-20T10:24:06.794Z] <<< [apiv2][status] GET https://cloudfunctions.googleapis.com/v1/operations/cHJvamVjdHMvdGhldmlzYW1hbmFnZXItYmVhODAvbG9jYXRpb25zL3VzLWNlbnRyYWwxL29wZXJhdGlvbnMvb3BlcmF0aW9uLTE3NzE1ODMwMzY0NTktNjRiM2VkMTk0MGJhNC1iZThhMDc1MS1mMGFjYTYyOA 200
[debug] [2026-02-20T10:24:06.794Z] <<< [apiv2][body] GET https://cloudfunctions.googleapis.com/v1/operations/cHJvamVjdHMvdGhldmlzYW1hbmFnZXItYmVhODAvbG9jYXRpb25zL3VzLWNlbnRyYWwxL29wZXJhdGlvbnMvb3BlcmF0aW9uLTE3NzE1ODMwMzY0NTktNjRiM2VkMTk0MGJhNC1iZThhMDc1MS1mMGFjYTYyOA {"name":"operations/cHJvamVjdHMvdGhldmlzYW1hbmFnZXItYmVhODAvbG9jYXRpb25zL3VzLWNlbnRyYWwxL29wZXJhdGlvbnMvb3BlcmF0aW9uLTE3NzE1ODMwMzY0NTktNjRiM2VkMTk0MGJhNC1iZThhMDc1MS1mMGFjYTYyOA","metadata":{"@type":"type.googleapis.com/google.cloud.functions.v1.OperationMetadataV1","target":"projects/thevisamanager-bea80/locations/us-central1/functions/cleanupUserData","type":"DELETE_FUNCTION","request":{"@type":"type.googleapis.com/google.cloud.functions.v1.CloudFunction","name":"projects/thevisamanager-bea80/locations/us-central1/functions/cleanupUserData","httpsTrigger":{},"updateTime":"1970-01-01T00:00:00Z"},"updateTime":"2026-02-20T10:23:56.541273886Z"}}
[debug] [2026-02-20T10:24:06.967Z] <<< [apiv2][status] GET https://cloudfunctions.googleapis.com/v2/projects/thevisamanager-bea80/locations/us-central1/operations/operation-1771583037078-64b3ed19d7ac3-8430cd1d-10e2b539 200
[debug] [2026-02-20T10:24:06.967Z] <<< [apiv2][body] GET https://cloudfunctions.googleapis.com/v2/projects/thevisamanager-bea80/locations/us-central1/operations/operation-1771583037078-64b3ed19d7ac3-8430cd1d-10e2b539 {"name":"projects/thevisamanager-bea80/locations/us-central1/operations/operation-1771583037078-64b3ed19d7ac3-8430cd1d-10e2b539","metadata":{"@type":"type.googleapis.com/google.cloud.functions.v2.OperationMetadata","createTime":"2026-02-20T10:23:57.950202037Z","target":"projects/thevisamanager-bea80/locations/us-central1/functions/getGoogleReviews","verb":"update","cancelRequested":false,"apiVersion":"v2","requestResource":{"@type":"type.googleapis.com/google.cloud.functions.v2.Function","name":"projects/thevisamanager-bea80/locations/us-central1/functions/getGoogleReviews","buildConfig":{"runtime":"nodejs20","entryPoint":"getGoogleReviews","source":{"storageSource":{"bucket":"gcf-v2-sources-973458787565-us-central1","object":"getGoogleReviews/function-source.zip","generation":"1771583037909598"}},"environmentVariables":{"GOOGLE_NODE_RUN_SCRIPTS":""},"dockerRepository":"projects/thevisamanager-bea80/locations/us-central1/repositories/gcf-artifacts","sourceProvenance":{"resolvedStorageSource":{"bucket":"gcf-v2-sources-973458787565-us-central1","object":"getGoogleReviews/function-source.zip","generation":"1770620936138804"}},"dockerRegistry":"ARTIFACT_REGISTRY","serviceAccount":"projects/thevisamanager-bea80/serviceAccounts/973458787565-compute@developer.gserviceaccount.com","automaticUpdatePolicy":{}},"serviceConfig":{"service":"projects/thevisamanager-bea80/locations/us-central1/services/getgooglereviews","timeoutSeconds":60,"environmentVariables":{"FIREBASE_CONFIG":"{\"projectId\":\"thevisamanager-bea80\",\"storageBucket\":\"thevisamanager-bea80.firebasestorage.app\"}","GCLOUD_PROJECT":"thevisamanager-bea80","EVENTARC_CLOUD_EVENT_SOURCE":"projects/thevisamanager-bea80/locations/us-central1/services/getGoogleReviews","FUNCTION_TARGET":"getGoogleReviews","LOG_EXECUTION_ID":"true","FUNCTION_SIGNATURE_TYPE":"http"},"ingressSettings":"ALLOW_ALL","uri":"https://getgooglereviews-fdkefcllsq-uc.a.run.app","serviceAccountEmail":"973458787565-compute@developer.gserviceaccount.com","availableMemory":"256Mi","allTrafficOnLatestRevision":true,"secretEnvironmentVariables":[{"key":"GOOGLE_PLACES_KEY","projectId":"thevisamanager-bea80","secret":"GOOGLE_PLACES_KEY","version":"5"}],"revision":"getgooglereviews-00007-qoz","maxInstanceRequestConcurrency":80,"availableCpu":"1"},"state":"ACTIVE","labels":{"deployment-tool":"cli-firebase","firebase-functions-hash":"327b007ef8f69a9ac7fd4a676c0d9ee91665a95f"},"environment":"GEN_2","url":"https://us-central1-thevisamanager-bea80.cloudfunctions.net/getGoogleReviews","satisfiesPzi":true},"stages":[{"name":"BUILD","message":"Build in progress","state":"IN_PROGRESS","resource":"projects/973458787565/locations/us-central1/builds/be7264f0-8f10-4e61-b9dc-fa5c7ccdcc8d","resourceUri":"https://console.cloud.google.com/cloud-build/builds;region=us-central1/be7264f0-8f10-4e61-b9dc-fa5c7ccdcc8d?project=973458787565"},{"name":"SERVICE","state":"NOT_STARTED"}],"operationType":"UPDATE_FUNCTION","buildName":"projects/973458787565/locations/us-central1/builds/be7264f0-8f10-4e61-b9dc-fa5c7ccdcc8d"},"done":false}
[debug] [2026-02-20T10:24:10.980Z] [update-default-us-central1-getGoogleReviews] Retrying task index 0
[debug] [2026-02-20T10:24:10.981Z] Checked if tokens are valid: true, expires at: 1771585909769
[debug] [2026-02-20T10:24:10.981Z] Checked if tokens are valid: true, expires at: 1771585909769
[debug] [2026-02-20T10:24:10.981Z] >>> [apiv2][query] GET https://cloudfunctions.googleapis.com/v2/projects/thevisamanager-bea80/locations/us-central1/operations/operation-1771583037078-64b3ed19d7ac3-8430cd1d-10e2b539 [none]
[debug] [2026-02-20T10:24:12.277Z] <<< [apiv2][status] GET https://cloudfunctions.googleapis.com/v2/projects/thevisamanager-bea80/locations/us-central1/operations/operation-1771583037078-64b3ed19d7ac3-8430cd1d-10e2b539 200
[debug] [2026-02-20T10:24:12.278Z] <<< [apiv2][body] GET https://cloudfunctions.googleapis.com/v2/projects/thevisamanager-bea80/locations/us-central1/operations/operation-1771583037078-64b3ed19d7ac3-8430cd1d-10e2b539 {"name":"projects/thevisamanager-bea80/locations/us-central1/operations/operation-1771583037078-64b3ed19d7ac3-8430cd1d-10e2b539","metadata":{"@type":"type.googleapis.com/google.cloud.functions.v2.OperationMetadata","createTime":"2026-02-20T10:23:57.950202037Z","target":"projects/thevisamanager-bea80/locations/us-central1/functions/getGoogleReviews","verb":"update","cancelRequested":false,"apiVersion":"v2","requestResource":{"@type":"type.googleapis.com/google.cloud.functions.v2.Function","name":"projects/thevisamanager-bea80/locations/us-central1/functions/getGoogleReviews","buildConfig":{"runtime":"nodejs20","entryPoint":"getGoogleReviews","source":{"storageSource":{"bucket":"gcf-v2-sources-973458787565-us-central1","object":"getGoogleReviews/function-source.zip","generation":"1771583037909598"}},"environmentVariables":{"GOOGLE_NODE_RUN_SCRIPTS":""},"dockerRepository":"projects/thevisamanager-bea80/locations/us-central1/repositories/gcf-artifacts","sourceProvenance":{"resolvedStorageSource":{"bucket":"gcf-v2-sources-973458787565-us-central1","object":"getGoogleReviews/function-source.zip","generation":"1770620936138804"}},"dockerRegistry":"ARTIFACT_REGISTRY","serviceAccount":"projects/thevisamanager-bea80/serviceAccounts/973458787565-compute@developer.gserviceaccount.com","automaticUpdatePolicy":{}},"serviceConfig":{"service":"projects/thevisamanager-bea80/locations/us-central1/services/getgooglereviews","timeoutSeconds":60,"environmentVariables":{"FIREBASE_CONFIG":"{\"projectId\":\"thevisamanager-bea80\",\"storageBucket\":\"thevisamanager-bea80.firebasestorage.app\"}","GCLOUD_PROJECT":"thevisamanager-bea80","EVENTARC_CLOUD_EVENT_SOURCE":"projects/thevisamanager-bea80/locations/us-central1/services/getGoogleReviews","FUNCTION_TARGET":"getGoogleReviews","LOG_EXECUTION_ID":"true","FUNCTION_SIGNATURE_TYPE":"http"},"ingressSettings":"ALLOW_ALL","uri":"https://getgooglereviews-fdkefcllsq-uc.a.run.app","serviceAccountEmail":"973458787565-compute@developer.gserviceaccount.com","availableMemory":"256Mi","allTrafficOnLatestRevision":true,"secretEnvironmentVariables":[{"key":"GOOGLE_PLACES_KEY","projectId":"thevisamanager-bea80","secret":"GOOGLE_PLACES_KEY","version":"5"}],"revision":"getgooglereviews-00007-qoz","maxInstanceRequestConcurrency":80,"availableCpu":"1"},"state":"ACTIVE","labels":{"deployment-tool":"cli-firebase","firebase-functions-hash":"327b007ef8f69a9ac7fd4a676c0d9ee91665a95f"},"environment":"GEN_2","url":"https://us-central1-thevisamanager-bea80.cloudfunctions.net/getGoogleReviews","satisfiesPzi":true},"stages":[{"name":"BUILD","message":"Build in progress","state":"IN_PROGRESS","resource":"projects/973458787565/locations/us-central1/builds/be7264f0-8f10-4e61-b9dc-fa5c7ccdcc8d","resourceUri":"https://console.cloud.google.com/cloud-build/builds;region=us-central1/be7264f0-8f10-4e61-b9dc-fa5c7ccdcc8d?project=973458787565"},{"name":"SERVICE","state":"NOT_STARTED"}],"operationType":"UPDATE_FUNCTION","buildName":"projects/973458787565/locations/us-central1/builds/be7264f0-8f10-4e61-b9dc-fa5c7ccdcc8d"},"done":false}
[debug] [2026-02-20T10:24:14.806Z] [delete-default-us-central1-cleanupUserData] Retrying task index 0
[debug] [2026-02-20T10:24:14.807Z] Checked if tokens are valid: true, expires at: 1771585909769
[debug] [2026-02-20T10:24:14.807Z] Checked if tokens are valid: true, expires at: 1771585909769
[debug] [2026-02-20T10:24:14.807Z] >>> [apiv2][query] GET https://cloudfunctions.googleapis.com/v1/operations/cHJvamVjdHMvdGhldmlzYW1hbmFnZXItYmVhODAvbG9jYXRpb25zL3VzLWNlbnRyYWwxL29wZXJhdGlvbnMvb3BlcmF0aW9uLTE3NzE1ODMwMzY0NTktNjRiM2VkMTk0MGJhNC1iZThhMDc1MS1mMGFjYTYyOA [none]
[debug] [2026-02-20T10:24:15.273Z] <<< [apiv2][status] GET https://cloudfunctions.googleapis.com/v1/operations/cHJvamVjdHMvdGhldmlzYW1hbmFnZXItYmVhODAvbG9jYXRpb25zL3VzLWNlbnRyYWwxL29wZXJhdGlvbnMvb3BlcmF0aW9uLTE3NzE1ODMwMzY0NTktNjRiM2VkMTk0MGJhNC1iZThhMDc1MS1mMGFjYTYyOA 200
[debug] [2026-02-20T10:24:15.273Z] <<< [apiv2][body] GET https://cloudfunctions.googleapis.com/v1/operations/cHJvamVjdHMvdGhldmlzYW1hbmFnZXItYmVhODAvbG9jYXRpb25zL3VzLWNlbnRyYWwxL29wZXJhdGlvbnMvb3BlcmF0aW9uLTE3NzE1ODMwMzY0NTktNjRiM2VkMTk0MGJhNC1iZThhMDc1MS1mMGFjYTYyOA {"name":"operations/cHJvamVjdHMvdGhldmlzYW1hbmFnZXItYmVhODAvbG9jYXRpb25zL3VzLWNlbnRyYWwxL29wZXJhdGlvbnMvb3BlcmF0aW9uLTE3NzE1ODMwMzY0NTktNjRiM2VkMTk0MGJhNC1iZThhMDc1MS1mMGFjYTYyOA","metadata":{"@type":"type.googleapis.com/google.cloud.functions.v1.OperationMetadataV1","target":"projects/thevisamanager-bea80/locations/us-central1/functions/cleanupUserData","type":"DELETE_FUNCTION","request":{"@type":"type.googleapis.com/google.cloud.functions.v1.CloudFunction","name":"projects/thevisamanager-bea80/locations/us-central1/functions/cleanupUserData","httpsTrigger":{},"updateTime":"1970-01-01T00:00:00Z"},"updateTime":"2026-02-20T10:23:56.541273886Z"}}
[debug] [2026-02-20T10:24:20.285Z] [update-default-us-central1-getGoogleReviews] Retrying task index 0
[debug] [2026-02-20T10:24:20.285Z] Checked if tokens are valid: true, expires at: 1771585909769
[debug] [2026-02-20T10:24:20.285Z] Checked if tokens are valid: true, expires at: 1771585909769
[debug] [2026-02-20T10:24:20.285Z] >>> [apiv2][query] GET https://cloudfunctions.googleapis.com/v2/projects/thevisamanager-bea80/locations/us-central1/operations/operation-1771583037078-64b3ed19d7ac3-8430cd1d-10e2b539 [none]
[debug] [2026-02-20T10:24:21.926Z] <<< [apiv2][status] GET https://cloudfunctions.googleapis.com/v2/projects/thevisamanager-bea80/locations/us-central1/operations/operation-1771583037078-64b3ed19d7ac3-8430cd1d-10e2b539 200
[debug] [2026-02-20T10:24:21.926Z] <<< [apiv2][body] GET https://cloudfunctions.googleapis.com/v2/projects/thevisamanager-bea80/locations/us-central1/operations/operation-1771583037078-64b3ed19d7ac3-8430cd1d-10e2b539 {"name":"projects/thevisamanager-bea80/locations/us-central1/operations/operation-1771583037078-64b3ed19d7ac3-8430cd1d-10e2b539","metadata":{"@type":"type.googleapis.com/google.cloud.functions.v2.OperationMetadata","createTime":"2026-02-20T10:23:57.950202037Z","target":"projects/thevisamanager-bea80/locations/us-central1/functions/getGoogleReviews","verb":"update","cancelRequested":false,"apiVersion":"v2","requestResource":{"@type":"type.googleapis.com/google.cloud.functions.v2.Function","name":"projects/thevisamanager-bea80/locations/us-central1/functions/getGoogleReviews","buildConfig":{"runtime":"nodejs20","entryPoint":"getGoogleReviews","source":{"storageSource":{"bucket":"gcf-v2-sources-973458787565-us-central1","object":"getGoogleReviews/function-source.zip","generation":"1771583037909598"}},"environmentVariables":{"GOOGLE_NODE_RUN_SCRIPTS":""},"dockerRepository":"projects/thevisamanager-bea80/locations/us-central1/repositories/gcf-artifacts","sourceProvenance":{"resolvedStorageSource":{"bucket":"gcf-v2-sources-973458787565-us-central1","object":"getGoogleReviews/function-source.zip","generation":"1770620936138804"}},"dockerRegistry":"ARTIFACT_REGISTRY","serviceAccount":"projects/thevisamanager-bea80/serviceAccounts/973458787565-compute@developer.gserviceaccount.com","automaticUpdatePolicy":{}},"serviceConfig":{"service":"projects/thevisamanager-bea80/locations/us-central1/services/getgooglereviews","timeoutSeconds":60,"environmentVariables":{"FIREBASE_CONFIG":"{\"projectId\":\"thevisamanager-bea80\",\"storageBucket\":\"thevisamanager-bea80.firebasestorage.app\"}","GCLOUD_PROJECT":"thevisamanager-bea80","EVENTARC_CLOUD_EVENT_SOURCE":"projects/thevisamanager-bea80/locations/us-central1/services/getGoogleReviews","FUNCTION_TARGET":"getGoogleReviews","LOG_EXECUTION_ID":"true","FUNCTION_SIGNATURE_TYPE":"http"},"ingressSettings":"ALLOW_ALL","uri":"https://getgooglereviews-fdkefcllsq-uc.a.run.app","serviceAccountEmail":"973458787565-compute@developer.gserviceaccount.com","availableMemory":"256Mi","allTrafficOnLatestRevision":true,"secretEnvironmentVariables":[{"key":"GOOGLE_PLACES_KEY","projectId":"thevisamanager-bea80","secret":"GOOGLE_PLACES_KEY","version":"5"}],"revision":"getgooglereviews-00007-qoz","maxInstanceRequestConcurrency":80,"availableCpu":"1"},"state":"ACTIVE","labels":{"deployment-tool":"cli-firebase","firebase-functions-hash":"327b007ef8f69a9ac7fd4a676c0d9ee91665a95f"},"environment":"GEN_2","url":"https://us-central1-thevisamanager-bea80.cloudfunctions.net/getGoogleReviews","satisfiesPzi":true},"stages":[{"name":"BUILD","message":"Build in progress","state":"IN_PROGRESS","resource":"projects/973458787565/locations/us-central1/builds/be7264f0-8f10-4e61-b9dc-fa5c7ccdcc8d","resourceUri":"https://console.cloud.google.com/cloud-build/builds;region=us-central1/be7264f0-8f10-4e61-b9dc-fa5c7ccdcc8d?project=973458787565"},{"name":"SERVICE","state":"NOT_STARTED"}],"operationType":"UPDATE_FUNCTION","buildName":"projects/973458787565/locations/us-central1/builds/be7264f0-8f10-4e61-b9dc-fa5c7ccdcc8d"},"done":false}
[debug] [2026-02-20T10:24:25.277Z] [delete-default-us-central1-cleanupUserData] Retrying task index 0
[debug] [2026-02-20T10:24:25.278Z] Checked if tokens are valid: true, expires at: 1771585909769
[debug] [2026-02-20T10:24:25.278Z] Checked if tokens are valid: true, expires at: 1771585909769
[debug] [2026-02-20T10:24:25.278Z] >>> [apiv2][query] GET https://cloudfunctions.googleapis.com/v1/operations/cHJvamVjdHMvdGhldmlzYW1hbmFnZXItYmVhODAvbG9jYXRpb25zL3VzLWNlbnRyYWwxL29wZXJhdGlvbnMvb3BlcmF0aW9uLTE3NzE1ODMwMzY0NTktNjRiM2VkMTk0MGJhNC1iZThhMDc1MS1mMGFjYTYyOA [none]
[debug] [2026-02-20T10:24:25.984Z] <<< [apiv2][status] GET https://cloudfunctions.googleapis.com/v1/operations/cHJvamVjdHMvdGhldmlzYW1hbmFnZXItYmVhODAvbG9jYXRpb25zL3VzLWNlbnRyYWwxL29wZXJhdGlvbnMvb3BlcmF0aW9uLTE3NzE1ODMwMzY0NTktNjRiM2VkMTk0MGJhNC1iZThhMDc1MS1mMGFjYTYyOA 200
[debug] [2026-02-20T10:24:25.984Z] <<< [apiv2][body] GET https://cloudfunctions.googleapis.com/v1/operations/cHJvamVjdHMvdGhldmlzYW1hbmFnZXItYmVhODAvbG9jYXRpb25zL3VzLWNlbnRyYWwxL29wZXJhdGlvbnMvb3BlcmF0aW9uLTE3NzE1ODMwMzY0NTktNjRiM2VkMTk0MGJhNC1iZThhMDc1MS1mMGFjYTYyOA {"name":"operations/cHJvamVjdHMvdGhldmlzYW1hbmFnZXItYmVhODAvbG9jYXRpb25zL3VzLWNlbnRyYWwxL29wZXJhdGlvbnMvb3BlcmF0aW9uLTE3NzE1ODMwMzY0NTktNjRiM2VkMTk0MGJhNC1iZThhMDc1MS1mMGFjYTYyOA","metadata":{"@type":"type.googleapis.com/google.cloud.functions.v1.OperationMetadataV1","target":"projects/thevisamanager-bea80/locations/us-central1/functions/cleanupUserData","type":"DELETE_FUNCTION","request":{"@type":"type.googleapis.com/google.cloud.functions.v1.CloudFunction","name":"projects/thevisamanager-bea80/locations/us-central1/functions/cleanupUserData","httpsTrigger":{},"updateTime":"1970-01-01T00:00:00Z"},"updateTime":"2026-02-20T10:23:56.541273886Z"}}
[debug] [2026-02-20T10:24:31.936Z] [update-default-us-central1-getGoogleReviews] Retrying task index 0
[debug] [2026-02-20T10:24:31.937Z] Checked if tokens are valid: true, expires at: 1771585909769
[debug] [2026-02-20T10:24:31.938Z] Checked if tokens are valid: true, expires at: 1771585909769
[debug] [2026-02-20T10:24:31.938Z] >>> [apiv2][query] GET https://cloudfunctions.googleapis.com/v2/projects/thevisamanager-bea80/locations/us-central1/operations/operation-1771583037078-64b3ed19d7ac3-8430cd1d-10e2b539 [none]
[debug] [2026-02-20T10:24:33.605Z] <<< [apiv2][status] GET https://cloudfunctions.googleapis.com/v2/projects/thevisamanager-bea80/locations/us-central1/operations/operation-1771583037078-64b3ed19d7ac3-8430cd1d-10e2b539 200
[debug] [2026-02-20T10:24:33.605Z] <<< [apiv2][body] GET https://cloudfunctions.googleapis.com/v2/projects/thevisamanager-bea80/locations/us-central1/operations/operation-1771583037078-64b3ed19d7ac3-8430cd1d-10e2b539 {"name":"projects/thevisamanager-bea80/locations/us-central1/operations/operation-1771583037078-64b3ed19d7ac3-8430cd1d-10e2b539","metadata":{"@type":"type.googleapis.com/google.cloud.functions.v2.OperationMetadata","createTime":"2026-02-20T10:23:57.950202037Z","target":"projects/thevisamanager-bea80/locations/us-central1/functions/getGoogleReviews","verb":"update","cancelRequested":false,"apiVersion":"v2","requestResource":{"@type":"type.googleapis.com/google.cloud.functions.v2.Function","name":"projects/thevisamanager-bea80/locations/us-central1/functions/getGoogleReviews","buildConfig":{"runtime":"nodejs20","entryPoint":"getGoogleReviews","source":{"storageSource":{"bucket":"gcf-v2-sources-973458787565-us-central1","object":"getGoogleReviews/function-source.zip","generation":"1771583037909598"}},"environmentVariables":{"GOOGLE_NODE_RUN_SCRIPTS":""},"dockerRepository":"projects/thevisamanager-bea80/locations/us-central1/repositories/gcf-artifacts","sourceProvenance":{"resolvedStorageSource":{"bucket":"gcf-v2-sources-973458787565-us-central1","object":"getGoogleReviews/function-source.zip","generation":"1770620936138804"}},"dockerRegistry":"ARTIFACT_REGISTRY","serviceAccount":"projects/thevisamanager-bea80/serviceAccounts/973458787565-compute@developer.gserviceaccount.com","automaticUpdatePolicy":{}},"serviceConfig":{"service":"projects/thevisamanager-bea80/locations/us-central1/services/getgooglereviews","timeoutSeconds":60,"environmentVariables":{"FIREBASE_CONFIG":"{\"projectId\":\"thevisamanager-bea80\",\"storageBucket\":\"thevisamanager-bea80.firebasestorage.app\"}","GCLOUD_PROJECT":"thevisamanager-bea80","EVENTARC_CLOUD_EVENT_SOURCE":"projects/thevisamanager-bea80/locations/us-central1/services/getGoogleReviews","FUNCTION_TARGET":"getGoogleReviews","LOG_EXECUTION_ID":"true","FUNCTION_SIGNATURE_TYPE":"http"},"ingressSettings":"ALLOW_ALL","uri":"https://getgooglereviews-fdkefcllsq-uc.a.run.app","serviceAccountEmail":"973458787565-compute@developer.gserviceaccount.com","availableMemory":"256Mi","allTrafficOnLatestRevision":true,"secretEnvironmentVariables":[{"key":"GOOGLE_PLACES_KEY","projectId":"thevisamanager-bea80","secret":"GOOGLE_PLACES_KEY","version":"5"}],"revision":"getgooglereviews-00007-qoz","maxInstanceRequestConcurrency":80,"availableCpu":"1"},"state":"ACTIVE","labels":{"deployment-tool":"cli-firebase","firebase-functions-hash":"327b007ef8f69a9ac7fd4a676c0d9ee91665a95f"},"environment":"GEN_2","url":"https://us-central1-thevisamanager-bea80.cloudfunctions.net/getGoogleReviews","satisfiesPzi":true},"stages":[{"name":"BUILD","message":"Build in progress","state":"IN_PROGRESS","resource":"projects/973458787565/locations/us-central1/builds/be7264f0-8f10-4e61-b9dc-fa5c7ccdcc8d","resourceUri":"https://console.cloud.google.com/cloud-build/builds;region=us-central1/be7264f0-8f10-4e61-b9dc-fa5c7ccdcc8d?project=973458787565"},{"name":"SERVICE","state":"NOT_STARTED"}],"operationType":"UPDATE_FUNCTION","buildName":"projects/973458787565/locations/us-central1/builds/be7264f0-8f10-4e61-b9dc-fa5c7ccdcc8d"},"done":false}
[debug] [2026-02-20T10:24:35.992Z] [delete-default-us-central1-cleanupUserData] Retrying task index 0
[debug] [2026-02-20T10:24:35.993Z] Checked if tokens are valid: true, expires at: 1771585909769
[debug] [2026-02-20T10:24:35.993Z] Checked if tokens are valid: true, expires at: 1771585909769
[debug] [2026-02-20T10:24:35.993Z] >>> [apiv2][query] GET https://cloudfunctions.googleapis.com/v1/operations/cHJvamVjdHMvdGhldmlzYW1hbmFnZXItYmVhODAvbG9jYXRpb25zL3VzLWNlbnRyYWwxL29wZXJhdGlvbnMvb3BlcmF0aW9uLTE3NzE1ODMwMzY0NTktNjRiM2VkMTk0MGJhNC1iZThhMDc1MS1mMGFjYTYyOA [none]
[debug] [2026-02-20T10:24:36.471Z] <<< [apiv2][status] GET https://cloudfunctions.googleapis.com/v1/operations/cHJvamVjdHMvdGhldmlzYW1hbmFnZXItYmVhODAvbG9jYXRpb25zL3VzLWNlbnRyYWwxL29wZXJhdGlvbnMvb3BlcmF0aW9uLTE3NzE1ODMwMzY0NTktNjRiM2VkMTk0MGJhNC1iZThhMDc1MS1mMGFjYTYyOA 200
[debug] [2026-02-20T10:24:36.472Z] <<< [apiv2][body] GET https://cloudfunctions.googleapis.com/v1/operations/cHJvamVjdHMvdGhldmlzYW1hbmFnZXItYmVhODAvbG9jYXRpb25zL3VzLWNlbnRyYWwxL29wZXJhdGlvbnMvb3BlcmF0aW9uLTE3NzE1ODMwMzY0NTktNjRiM2VkMTk0MGJhNC1iZThhMDc1MS1mMGFjYTYyOA {"name":"operations/cHJvamVjdHMvdGhldmlzYW1hbmFnZXItYmVhODAvbG9jYXRpb25zL3VzLWNlbnRyYWwxL29wZXJhdGlvbnMvb3BlcmF0aW9uLTE3NzE1ODMwMzY0NTktNjRiM2VkMTk0MGJhNC1iZThhMDc1MS1mMGFjYTYyOA","metadata":{"@type":"type.googleapis.com/google.cloud.functions.v1.OperationMetadataV1","target":"projects/thevisamanager-bea80/locations/us-central1/functions/cleanupUserData","type":"DELETE_FUNCTION","request":{"@type":"type.googleapis.com/google.cloud.functions.v1.CloudFunction","name":"projects/thevisamanager-bea80/locations/us-central1/functions/cleanupUserData","httpsTrigger":{},"updateTime":"1970-01-01T00:00:00Z"},"updateTime":"2026-02-20T10:23:56.541273886Z"}}
[debug] [2026-02-20T10:24:43.619Z] [update-default-us-central1-getGoogleReviews] Retrying task index 0
[debug] [2026-02-20T10:24:43.619Z] Checked if tokens are valid: true, expires at: 1771585909769
[debug] [2026-02-20T10:24:43.620Z] Checked if tokens are valid: true, expires at: 1771585909769
[debug] [2026-02-20T10:24:43.620Z] >>> [apiv2][query] GET https://cloudfunctions.googleapis.com/v2/projects/thevisamanager-bea80/locations/us-central1/operations/operation-1771583037078-64b3ed19d7ac3-8430cd1d-10e2b539 [none]
[debug] [2026-02-20T10:24:45.273Z] <<< [apiv2][status] GET https://cloudfunctions.googleapis.com/v2/projects/thevisamanager-bea80/locations/us-central1/operations/operation-1771583037078-64b3ed19d7ac3-8430cd1d-10e2b539 200
[debug] [2026-02-20T10:24:45.273Z] <<< [apiv2][body] GET https://cloudfunctions.googleapis.com/v2/projects/thevisamanager-bea80/locations/us-central1/operations/operation-1771583037078-64b3ed19d7ac3-8430cd1d-10e2b539 {"name":"projects/thevisamanager-bea80/locations/us-central1/operations/operation-1771583037078-64b3ed19d7ac3-8430cd1d-10e2b539","metadata":{"@type":"type.googleapis.com/google.cloud.functions.v2.OperationMetadata","createTime":"2026-02-20T10:23:57.950202037Z","target":"projects/thevisamanager-bea80/locations/us-central1/functions/getGoogleReviews","verb":"update","cancelRequested":false,"apiVersion":"v2","requestResource":{"@type":"type.googleapis.com/google.cloud.functions.v2.Function","name":"projects/thevisamanager-bea80/locations/us-central1/functions/getGoogleReviews","buildConfig":{"runtime":"nodejs20","entryPoint":"getGoogleReviews","source":{"storageSource":{"bucket":"gcf-v2-sources-973458787565-us-central1","object":"getGoogleReviews/function-source.zip","generation":"1771583037909598"}},"environmentVariables":{"GOOGLE_NODE_RUN_SCRIPTS":""},"dockerRepository":"projects/thevisamanager-bea80/locations/us-central1/repositories/gcf-artifacts","sourceProvenance":{"resolvedStorageSource":{"bucket":"gcf-v2-sources-973458787565-us-central1","object":"getGoogleReviews/function-source.zip","generation":"1770620936138804"}},"dockerRegistry":"ARTIFACT_REGISTRY","serviceAccount":"projects/thevisamanager-bea80/serviceAccounts/973458787565-compute@developer.gserviceaccount.com","automaticUpdatePolicy":{}},"serviceConfig":{"service":"projects/thevisamanager-bea80/locations/us-central1/services/getgooglereviews","timeoutSeconds":60,"environmentVariables":{"FIREBASE_CONFIG":"{\"projectId\":\"thevisamanager-bea80\",\"storageBucket\":\"thevisamanager-bea80.firebasestorage.app\"}","GCLOUD_PROJECT":"thevisamanager-bea80","EVENTARC_CLOUD_EVENT_SOURCE":"projects/thevisamanager-bea80/locations/us-central1/services/getGoogleReviews","FUNCTION_TARGET":"getGoogleReviews","LOG_EXECUTION_ID":"true","FUNCTION_SIGNATURE_TYPE":"http"},"ingressSettings":"ALLOW_ALL","uri":"https://getgooglereviews-fdkefcllsq-uc.a.run.app","serviceAccountEmail":"973458787565-compute@developer.gserviceaccount.com","availableMemory":"256Mi","allTrafficOnLatestRevision":true,"secretEnvironmentVariables":[{"key":"GOOGLE_PLACES_KEY","projectId":"thevisamanager-bea80","secret":"GOOGLE_PLACES_KEY","version":"5"}],"revision":"getgooglereviews-00007-qoz","maxInstanceRequestConcurrency":80,"availableCpu":"1"},"state":"ACTIVE","labels":{"deployment-tool":"cli-firebase","firebase-functions-hash":"327b007ef8f69a9ac7fd4a676c0d9ee91665a95f"},"environment":"GEN_2","url":"https://us-central1-thevisamanager-bea80.cloudfunctions.net/getGoogleReviews","satisfiesPzi":true},"stages":[{"name":"BUILD","message":"Build finished","state":"COMPLETE","resource":"projects/973458787565/locations/us-central1/builds/be7264f0-8f10-4e61-b9dc-fa5c7ccdcc8d","resourceUri":"https://console.cloud.google.com/cloud-build/builds;region=us-central1/be7264f0-8f10-4e61-b9dc-fa5c7ccdcc8d?project=973458787565"},{"name":"SERVICE","state":"NOT_STARTED"}],"sourceToken":"Cldwcm9qZWN0cy85NzM0NTg3ODc1NjUvbG9jYXRpb25zL3VzLWNlbnRyYWwxL2J1aWxkcy9iZTcyNjRmMC04ZjEwLTRlNjEtYjlkYy1mYTVjN2NjZGNjOGQSf3VzLWNlbnRyYWwxLWRvY2tlci5wa2cuZGV2L3RoZXZpc2FtYW5hZ2VyLWJlYTgwL2djZi1hcnRpZmFjdHMvdGhldmlzYW1hbmFnZXItLWJlYTgwX191cy0tY2VudHJhbDFfX2dldF9nb29nbGVfcmV2aWV3czp2ZXJzaW9uXzEY7ZmptaocIk5wcm9qZWN0cy90aGV2aXNhbWFuYWdlci1iZWE4MC9sb2NhdGlvbnMvdXMtY2VudHJhbDEvZnVuY3Rpb25zL2dldEdvb2dsZVJldmlld3MqCwjt7ODMBhCA17YOMghub2RlanMyMDp2CiNnY3IuaW8vZ2FlLXJ1bnRpbWVzL25vZGVqczIwOnN0YWJsZRJPdXMtY2VudHJhbDEtZG9ja2VyLnBrZy5kZXYvc2VydmVybGVzcy1ydW50aW1lcy9nb29nbGUtMjItZnVsbC9ydW50aW1lcy9ub2RlanMyMEAB","operationType":"UPDATE_FUNCTION","buildName":"projects/973458787565/locations/us-central1/builds/be7264f0-8f10-4e61-b9dc-fa5c7ccdcc8d"},"done":false}
[debug] [2026-02-20T10:24:45.273Z] Got source token Cldwcm9qZWN0cy85NzM0NTg3ODc1NjUvbG9jYXRpb25zL3VzLWNlbnRyYWwxL2J1aWxkcy9iZTcyNjRmMC04ZjEwLTRlNjEtYjlkYy1mYTVjN2NjZGNjOGQSf3VzLWNlbnRyYWwxLWRvY2tlci5wa2cuZGV2L3RoZXZpc2FtYW5hZ2VyLWJlYTgwL2djZi1hcnRpZmFjdHMvdGhldmlzYW1hbmFnZXItLWJlYTgwX191cy0tY2VudHJhbDFfX2dldF9nb29nbGVfcmV2aWV3czp2ZXJzaW9uXzEY7ZmptaocIk5wcm9qZWN0cy90aGV2aXNhbWFuYWdlci1iZWE4MC9sb2NhdGlvbnMvdXMtY2VudHJhbDEvZnVuY3Rpb25zL2dldEdvb2dsZVJldmlld3MqCwjt7ODMBhCA17YOMghub2RlanMyMDp2CiNnY3IuaW8vZ2FlLXJ1bnRpbWVzL25vZGVqczIwOnN0YWJsZRJPdXMtY2VudHJhbDEtZG9ja2VyLnBrZy5kZXYvc2VydmVybGVzcy1ydW50aW1lcy9nb29nbGUtMjItZnVsbC9ydW50aW1lcy9ub2RlanMyMEAB for region us-central1
[debug] [2026-02-20T10:24:45.274Z] Checked if tokens are valid: true, expires at: 1771585909769
[debug] [2026-02-20T10:24:45.274Z] Checked if tokens are valid: true, expires at: 1771585909769
[debug] [2026-02-20T10:24:45.274Z] Checked if tokens are valid: true, expires at: 1771585909769
[debug] [2026-02-20T10:24:45.274Z] Checked if tokens are valid: true, expires at: 1771585909769
[debug] [2026-02-20T10:24:45.274Z] Checked if tokens are valid: true, expires at: 1771585909769
[debug] [2026-02-20T10:24:45.274Z] Checked if tokens are valid: true, expires at: 1771585909769
[debug] [2026-02-20T10:24:45.274Z] >>> [apiv2][query] PATCH https://cloudfunctions.googleapis.com/v2/projects/thevisamanager-bea80/locations/us-central1/functions/generateInvoice updateMask=name%2CbuildConfig.runtime%2CbuildConfig.entryPoint%2CbuildConfig.source.storageSource.bucket%2CbuildConfig.source.storageSource.object%2CbuildConfig.environmentVariables%2CbuildConfig.sourceToken%2CserviceConfig.environmentVariables%2CserviceConfig.secretEnvironmentVariables%2CserviceConfig.ingressSettings%2CserviceConfig.timeoutSeconds%2CserviceConfig.serviceAccountEmail%2CserviceConfig.availableMemory%2CserviceConfig.minInstanceCount%2CserviceConfig.maxInstanceCount%2CserviceConfig.maxInstanceRequestConcurrency%2CserviceConfig.availableCpu%2CserviceConfig.vpcConnector%2CserviceConfig.vpcConnectorEgressSettings%2Clabels
[debug] [2026-02-20T10:24:45.274Z] >>> [apiv2][body] PATCH https://cloudfunctions.googleapis.com/v2/projects/thevisamanager-bea80/locations/us-central1/functions/generateInvoice {"name":"projects/thevisamanager-bea80/locations/us-central1/functions/generateInvoice","buildConfig":{"runtime":"nodejs20","entryPoint":"generateInvoice","source":{"storageSource":{"bucket":"gcf-v2-uploads-973458787565.us-central1.cloudfunctions.appspot.com","object":"fc61a7bd-3495-4643-b5d5-842304d92ad7.zip"}},"environmentVariables":{"GOOGLE_NODE_RUN_SCRIPTS":""},"sourceToken":"Cldwcm9qZWN0cy85NzM0NTg3ODc1NjUvbG9jYXRpb25zL3VzLWNlbnRyYWwxL2J1aWxkcy9iZTcyNjRmMC04ZjEwLTRlNjEtYjlkYy1mYTVjN2NjZGNjOGQSf3VzLWNlbnRyYWwxLWRvY2tlci5wa2cuZGV2L3RoZXZpc2FtYW5hZ2VyLWJlYTgwL2djZi1hcnRpZmFjdHMvdGhldmlzYW1hbmFnZXItLWJlYTgwX191cy0tY2VudHJhbDFfX2dldF9nb29nbGVfcmV2aWV3czp2ZXJzaW9uXzEY7ZmptaocIk5wcm9qZWN0cy90aGV2aXNhbWFuYWdlci1iZWE4MC9sb2NhdGlvbnMvdXMtY2VudHJhbDEvZnVuY3Rpb25zL2dldEdvb2dsZVJldmlld3MqCwjt7ODMBhCA17YOMghub2RlanMyMDp2CiNnY3IuaW8vZ2FlLXJ1bnRpbWVzL25vZGVqczIwOnN0YWJsZRJPdXMtY2VudHJhbDEtZG9ja2VyLnBrZy5kZXYvc2VydmVybGVzcy1ydW50aW1lcy9nb29nbGUtMjItZnVsbC9ydW50aW1lcy9ub2RlanMyMEAB"},"serviceConfig":{"environmentVariables":{"FIREBASE_CONFIG":"{\"projectId\":\"thevisamanager-bea80\",\"storageBucket\":\"thevisamanager-bea80.firebasestorage.app\"}","GCLOUD_PROJECT":"thevisamanager-bea80","EVENTARC_CLOUD_EVENT_SOURCE":"projects/thevisamanager-bea80/locations/us-central1/services/generateInvoice","FUNCTION_TARGET":"generateInvoice","LOG_EXECUTION_ID":"true"},"secretEnvironmentVariables":[{"key":"RAZORPAY_KEY_ID","secret":"RAZORPAY_KEY_ID","projectId":"thevisamanager-bea80","version":"13"},{"key":"RAZORPAY_KEY_SECRET","secret":"RAZORPAY_KEY_SECRET","projectId":"thevisamanager-bea80","version":"14"}],"ingressSettings":null,"timeoutSeconds":null,"serviceAccountEmail":null,"availableMemory":"256Mi","minInstanceCount":null,"maxInstanceCount":null,"maxInstanceRequestConcurrency":80,"availableCpu":"1","vpcConnector":null,"vpcConnectorEgressSettings":null},"labels":{"deployment-tool":"cli-firebase","deployment-callable":"true","firebase-functions-hash":"3be6f66445462f7a4f52be17e2686a758ca186b1"}}
[debug] [2026-02-20T10:24:45.275Z] >>> [apiv2][query] PATCH https://cloudfunctions.googleapis.com/v2/projects/thevisamanager-bea80/locations/us-central1/functions/extractTextFromImage updateMask=name%2CbuildConfig.runtime%2CbuildConfig.entryPoint%2CbuildConfig.source.storageSource.bucket%2CbuildConfig.source.storageSource.object%2CbuildConfig.environmentVariables%2CbuildConfig.sourceToken%2CserviceConfig.environmentVariables%2CserviceConfig.secretEnvironmentVariables%2CserviceConfig.ingressSettings%2CserviceConfig.timeoutSeconds%2CserviceConfig.serviceAccountEmail%2CserviceConfig.availableMemory%2CserviceConfig.minInstanceCount%2CserviceConfig.maxInstanceCount%2CserviceConfig.maxInstanceRequestConcurrency%2CserviceConfig.availableCpu%2CserviceConfig.vpcConnector%2CserviceConfig.vpcConnectorEgressSettings%2Clabels
[debug] [2026-02-20T10:24:45.275Z] >>> [apiv2][body] PATCH https://cloudfunctions.googleapis.com/v2/projects/thevisamanager-bea80/locations/us-central1/functions/extractTextFromImage {"name":"projects/thevisamanager-bea80/locations/us-central1/functions/extractTextFromImage","buildConfig":{"runtime":"nodejs20","entryPoint":"extractTextFromImage","source":{"storageSource":{"bucket":"gcf-v2-uploads-973458787565.us-central1.cloudfunctions.appspot.com","object":"fc61a7bd-3495-4643-b5d5-842304d92ad7.zip"}},"environmentVariables":{"GOOGLE_NODE_RUN_SCRIPTS":""},"sourceToken":"Cldwcm9qZWN0cy85NzM0NTg3ODc1NjUvbG9jYXRpb25zL3VzLWNlbnRyYWwxL2J1aWxkcy9iZTcyNjRmMC04ZjEwLTRlNjEtYjlkYy1mYTVjN2NjZGNjOGQSf3VzLWNlbnRyYWwxLWRvY2tlci5wa2cuZGV2L3RoZXZpc2FtYW5hZ2VyLWJlYTgwL2djZi1hcnRpZmFjdHMvdGhldmlzYW1hbmFnZXItLWJlYTgwX191cy0tY2VudHJhbDFfX2dldF9nb29nbGVfcmV2aWV3czp2ZXJzaW9uXzEY7ZmptaocIk5wcm9qZWN0cy90aGV2aXNhbWFuYWdlci1iZWE4MC9sb2NhdGlvbnMvdXMtY2VudHJhbDEvZnVuY3Rpb25zL2dldEdvb2dsZVJldmlld3MqCwjt7ODMBhCA17YOMghub2RlanMyMDp2CiNnY3IuaW8vZ2FlLXJ1bnRpbWVzL25vZGVqczIwOnN0YWJsZRJPdXMtY2VudHJhbDEtZG9ja2VyLnBrZy5kZXYvc2VydmVybGVzcy1ydW50aW1lcy9nb29nbGUtMjItZnVsbC9ydW50aW1lcy9ub2RlanMyMEAB"},"serviceConfig":{"environmentVariables":{"FIREBASE_CONFIG":"{\"projectId\":\"thevisamanager-bea80\",\"storageBucket\":\"thevisamanager-bea80.firebasestorage.app\"}","GCLOUD_PROJECT":"thevisamanager-bea80","EVENTARC_CLOUD_EVENT_SOURCE":"projects/thevisamanager-bea80/locations/us-central1/services/extractTextFromImage","FUNCTION_TARGET":"extractTextFromImage","LOG_EXECUTION_ID":"true","FUNCTION_SIGNATURE_TYPE":"http"},"secretEnvironmentVariables":[{"key":"VISION_API_KEY","secret":"VISION_API_KEY","projectId":"thevisamanager-bea80","version":"1"}],"ingressSettings":null,"timeoutSeconds":null,"serviceAccountEmail":null,"availableMemory":"256Mi","minInstanceCount":null,"maxInstanceCount":null,"maxInstanceRequestConcurrency":80,"availableCpu":"1","vpcConnector":null,"vpcConnectorEgressSettings":null},"labels":{"deployment-tool":"cli-firebase","deployment-callable":"true","firebase-functions-hash":"6aa1c31b5d9894d6fa6cd089d652242d9ed3c40f"}}
[debug] [2026-02-20T10:24:45.276Z] >>> [apiv2][query] PATCH https://cloudfunctions.googleapis.com/v2/projects/thevisamanager-bea80/locations/us-central1/functions/api updateMask=name%2CbuildConfig.runtime%2CbuildConfig.entryPoint%2CbuildConfig.source.storageSource.bucket%2CbuildConfig.source.storageSource.object%2CbuildConfig.environmentVariables%2CbuildConfig.sourceToken%2CserviceConfig.environmentVariables%2CserviceConfig.secretEnvironmentVariables%2CserviceConfig.ingressSettings%2CserviceConfig.timeoutSeconds%2CserviceConfig.serviceAccountEmail%2CserviceConfig.availableMemory%2CserviceConfig.minInstanceCount%2CserviceConfig.maxInstanceCount%2CserviceConfig.maxInstanceRequestConcurrency%2CserviceConfig.availableCpu%2CserviceConfig.vpcConnector%2CserviceConfig.vpcConnectorEgressSettings%2Clabels
[debug] [2026-02-20T10:24:45.276Z] >>> [apiv2][body] PATCH https://cloudfunctions.googleapis.com/v2/projects/thevisamanager-bea80/locations/us-central1/functions/api {"name":"projects/thevisamanager-bea80/locations/us-central1/functions/api","buildConfig":{"runtime":"nodejs20","entryPoint":"api","source":{"storageSource":{"bucket":"gcf-v2-uploads-973458787565.us-central1.cloudfunctions.appspot.com","object":"fc61a7bd-3495-4643-b5d5-842304d92ad7.zip"}},"environmentVariables":{"GOOGLE_NODE_RUN_SCRIPTS":""},"sourceToken":"Cldwcm9qZWN0cy85NzM0NTg3ODc1NjUvbG9jYXRpb25zL3VzLWNlbnRyYWwxL2J1aWxkcy9iZTcyNjRmMC04ZjEwLTRlNjEtYjlkYy1mYTVjN2NjZGNjOGQSf3VzLWNlbnRyYWwxLWRvY2tlci5wa2cuZGV2L3RoZXZpc2FtYW5hZ2VyLWJlYTgwL2djZi1hcnRpZmFjdHMvdGhldmlzYW1hbmFnZXItLWJlYTgwX191cy0tY2VudHJhbDFfX2dldF9nb29nbGVfcmV2aWV3czp2ZXJzaW9uXzEY7ZmptaocIk5wcm9qZWN0cy90aGV2aXNhbWFuYWdlci1iZWE4MC9sb2NhdGlvbnMvdXMtY2VudHJhbDEvZnVuY3Rpb25zL2dldEdvb2dsZVJldmlld3MqCwjt7ODMBhCA17YOMghub2RlanMyMDp2CiNnY3IuaW8vZ2FlLXJ1bnRpbWVzL25vZGVqczIwOnN0YWJsZRJPdXMtY2VudHJhbDEtZG9ja2VyLnBrZy5kZXYvc2VydmVybGVzcy1ydW50aW1lcy9nb29nbGUtMjItZnVsbC9ydW50aW1lcy9ub2RlanMyMEAB"},"serviceConfig":{"environmentVariables":{"FIREBASE_CONFIG":"{\"projectId\":\"thevisamanager-bea80\",\"storageBucket\":\"thevisamanager-bea80.firebasestorage.app\"}","GCLOUD_PROJECT":"thevisamanager-bea80","EVENTARC_CLOUD_EVENT_SOURCE":"projects/thevisamanager-bea80/locations/us-central1/services/api","FUNCTION_TARGET":"api","LOG_EXECUTION_ID":"true"},"secretEnvironmentVariables":[{"key":"RAZORPAY_KEY_ID","secret":"RAZORPAY_KEY_ID","projectId":"thevisamanager-bea80","version":"13"},{"key":"RAZORPAY_KEY_SECRET","secret":"RAZORPAY_KEY_SECRET","projectId":"thevisamanager-bea80","version":"14"}],"ingressSettings":null,"timeoutSeconds":null,"serviceAccountEmail":null,"availableMemory":"256Mi","minInstanceCount":null,"maxInstanceCount":null,"maxInstanceRequestConcurrency":80,"availableCpu":"1","vpcConnector":null,"vpcConnectorEgressSettings":null},"labels":{"deployment-tool":"cli-firebase","firebase-functions-hash":"3be6f66445462f7a4f52be17e2686a758ca186b1"}}
[debug] [2026-02-20T10:24:46.476Z] [delete-default-us-central1-cleanupUserData] Retrying task index 0
[debug] [2026-02-20T10:24:46.477Z] Checked if tokens are valid: true, expires at: 1771585909769
[debug] [2026-02-20T10:24:46.477Z] Checked if tokens are valid: true, expires at: 1771585909769
[debug] [2026-02-20T10:24:46.477Z] >>> [apiv2][query] GET https://cloudfunctions.googleapis.com/v1/operations/cHJvamVjdHMvdGhldmlzYW1hbmFnZXItYmVhODAvbG9jYXRpb25zL3VzLWNlbnRyYWwxL29wZXJhdGlvbnMvb3BlcmF0aW9uLTE3NzE1ODMwMzY0NTktNjRiM2VkMTk0MGJhNC1iZThhMDc1MS1mMGFjYTYyOA [none]
[debug] [2026-02-20T10:24:47.181Z] <<< [apiv2][status] GET https://cloudfunctions.googleapis.com/v1/operations/cHJvamVjdHMvdGhldmlzYW1hbmFnZXItYmVhODAvbG9jYXRpb25zL3VzLWNlbnRyYWwxL29wZXJhdGlvbnMvb3BlcmF0aW9uLTE3NzE1ODMwMzY0NTktNjRiM2VkMTk0MGJhNC1iZThhMDc1MS1mMGFjYTYyOA 200
[debug] [2026-02-20T10:24:47.181Z] <<< [apiv2][body] GET https://cloudfunctions.googleapis.com/v1/operations/cHJvamVjdHMvdGhldmlzYW1hbmFnZXItYmVhODAvbG9jYXRpb25zL3VzLWNlbnRyYWwxL29wZXJhdGlvbnMvb3BlcmF0aW9uLTE3NzE1ODMwMzY0NTktNjRiM2VkMTk0MGJhNC1iZThhMDc1MS1mMGFjYTYyOA {"name":"operations/cHJvamVjdHMvdGhldmlzYW1hbmFnZXItYmVhODAvbG9jYXRpb25zL3VzLWNlbnRyYWwxL29wZXJhdGlvbnMvb3BlcmF0aW9uLTE3NzE1ODMwMzY0NTktNjRiM2VkMTk0MGJhNC1iZThhMDc1MS1mMGFjYTYyOA","metadata":{"@type":"type.googleapis.com/google.cloud.functions.v1.OperationMetadataV1","target":"projects/thevisamanager-bea80/locations/us-central1/functions/cleanupUserData","type":"DELETE_FUNCTION","request":{"@type":"type.googleapis.com/google.cloud.functions.v1.CloudFunction","name":"projects/thevisamanager-bea80/locations/us-central1/functions/cleanupUserData","httpsTrigger":{},"updateTime":"1970-01-01T00:00:00Z"},"updateTime":"2026-02-20T10:23:56.541273886Z"}}
[debug] [2026-02-20T10:24:47.326Z] <<< [apiv2][status] PATCH https://cloudfunctions.googleapis.com/v2/projects/thevisamanager-bea80/locations/us-central1/functions/generateInvoice 200
[debug] [2026-02-20T10:24:47.326Z] <<< [apiv2][body] PATCH https://cloudfunctions.googleapis.com/v2/projects/thevisamanager-bea80/locations/us-central1/functions/generateInvoice {"name":"projects/thevisamanager-bea80/locations/us-central1/operations/operation-1771583086574-64b3ed490bb0e-a789a0fc-71d68833","metadata":{"@type":"type.googleapis.com/google.cloud.functions.v2.OperationMetadata","createTime":"2026-02-20T10:24:47.271709039Z","target":"projects/thevisamanager-bea80/locations/us-central1/functions/generateInvoice","verb":"update","cancelRequested":false,"apiVersion":"v2"},"done":false}
[debug] [2026-02-20T10:24:47.326Z] Checked if tokens are valid: true, expires at: 1771585909769
[debug] [2026-02-20T10:24:47.326Z] Checked if tokens are valid: true, expires at: 1771585909769
[debug] [2026-02-20T10:24:47.327Z] >>> [apiv2][query] GET https://cloudfunctions.googleapis.com/v2/projects/thevisamanager-bea80/locations/us-central1/operations/operation-1771583086574-64b3ed490bb0e-a789a0fc-71d68833 [none]
[debug] [2026-02-20T10:24:47.645Z] <<< [apiv2][status] GET https://cloudfunctions.googleapis.com/v2/projects/thevisamanager-bea80/locations/us-central1/operations/operation-1771583086574-64b3ed490bb0e-a789a0fc-71d68833 200
[debug] [2026-02-20T10:24:47.645Z] <<< [apiv2][body] GET https://cloudfunctions.googleapis.com/v2/projects/thevisamanager-bea80/locations/us-central1/operations/operation-1771583086574-64b3ed490bb0e-a789a0fc-71d68833 {"name":"projects/thevisamanager-bea80/locations/us-central1/operations/operation-1771583086574-64b3ed490bb0e-a789a0fc-71d68833","metadata":{"@type":"type.googleapis.com/google.cloud.functions.v2.OperationMetadata","createTime":"2026-02-20T10:24:47.271709039Z","target":"projects/thevisamanager-bea80/locations/us-central1/functions/generateInvoice","verb":"update","cancelRequested":false,"apiVersion":"v2","requestResource":{"@type":"type.googleapis.com/google.cloud.functions.v2.Function","name":"projects/thevisamanager-bea80/locations/us-central1/functions/generateInvoice","buildConfig":{"runtime":"nodejs20","entryPoint":"generateInvoice","source":{"storageSource":{"bucket":"gcf-v2-sources-973458787565-us-central1","object":"generateInvoice/function-source.zip","generation":"1771583087229665"}},"environmentVariables":{"GOOGLE_NODE_RUN_SCRIPTS":""},"dockerRepository":"projects/thevisamanager-bea80/locations/us-central1/repositories/gcf-artifacts","sourceProvenance":{"resolvedStorageSource":{"bucket":"gcf-v2-sources-973458787565-us-central1","object":"generateInvoice/function-source.zip","generation":"1771506316885853"}},"dockerRegistry":"ARTIFACT_REGISTRY","sourceToken":"Cldwcm9qZWN0cy85NzM0NTg3ODc1NjUvbG9jYXRpb25zL3VzLWNlbnRyYWwxL2J1aWxkcy9iZTcyNjRmMC04ZjEwLTRlNjEtYjlkYy1mYTVjN2NjZGNjOGQSf3VzLWNlbnRyYWwxLWRvY2tlci5wa2cuZGV2L3RoZXZpc2FtYW5hZ2VyLWJlYTgwL2djZi1hcnRpZmFjdHMvdGhldmlzYW1hbmFnZXItLWJlYTgwX191cy0tY2VudHJhbDFfX2dldF9nb29nbGVfcmV2aWV3czp2ZXJzaW9uXzEY7ZmptaocIk5wcm9qZWN0cy90aGV2aXNhbWFuYWdlci1iZWE4MC9sb2NhdGlvbnMvdXMtY2VudHJhbDEvZnVuY3Rpb25zL2dldEdvb2dsZVJldmlld3MqCwjt7ODMBhCA17YOMghub2RlanMyMDp2CiNnY3IuaW8vZ2FlLXJ1bnRpbWVzL25vZGVqczIwOnN0YWJsZRJPdXMtY2VudHJhbDEtZG9ja2VyLnBrZy5kZXYvc2VydmVybGVzcy1ydW50aW1lcy9nb29nbGUtMjItZnVsbC9ydW50aW1lcy9ub2RlanMyMEAB","serviceAccount":"projects/thevisamanager-bea80/serviceAccounts/973458787565-compute@developer.gserviceaccount.com","automaticUpdatePolicy":{}},"serviceConfig":{"service":"projects/thevisamanager-bea80/locations/us-central1/services/generateinvoice","timeoutSeconds":60,"environmentVariables":{"FIREBASE_CONFIG":"{\"projectId\":\"thevisamanager-bea80\",\"storageBucket\":\"thevisamanager-bea80.firebasestorage.app\"}","GCLOUD_PROJECT":"thevisamanager-bea80","EVENTARC_CLOUD_EVENT_SOURCE":"projects/thevisamanager-bea80/locations/us-central1/services/generateInvoice","FUNCTION_TARGET":"generateInvoice","LOG_EXECUTION_ID":"true","FUNCTION_SIGNATURE_TYPE":"http"},"ingressSettings":"ALLOW_ALL","uri":"https://generateinvoice-fdkefcllsq-uc.a.run.app","serviceAccountEmail":"973458787565-compute@developer.gserviceaccount.com","availableMemory":"256Mi","allTrafficOnLatestRevision":true,"secretEnvironmentVariables":[{"key":"RAZORPAY_KEY_ID","projectId":"thevisamanager-bea80","secret":"RAZORPAY_KEY_ID","version":"13"},{"key":"RAZORPAY_KEY_SECRET","projectId":"thevisamanager-bea80","secret":"RAZORPAY_KEY_SECRET","version":"14"}],"revision":"generateinvoice-00118-nag","maxInstanceRequestConcurrency":80,"availableCpu":"1"},"state":"ACTIVE","labels":{"deployment-tool":"cli-firebase","deployment-callable":"true","firebase-functions-hash":"3be6f66445462f7a4f52be17e2686a758ca186b1"},"environment":"GEN_2","url":"https://us-central1-thevisamanager-bea80.cloudfunctions.net/generateInvoice","satisfiesPzi":true},"stages":[{"name":"BUILD","message":"Reusing build","state":"COMPLETE","resource":"projects/973458787565/locations/us-central1/builds/be7264f0-8f10-4e61-b9dc-fa5c7ccdcc8d","stateMessages":[{"severity":"WARNING","type":"BuildAnalysisWarning","message":"Node.js 20 is no longer supported by the Node.js community as of 30 April, 2026. Node.js 20 will be deprecated on 2026-04-30. We recommend you to upgrade to the latest version of Node.js as soon as possible."}]},{"name":"SERVICE","state":"NOT_STARTED"}],"sourceToken":"Cldwcm9qZWN0cy85NzM0NTg3ODc1NjUvbG9jYXRpb25zL3VzLWNlbnRyYWwxL2J1aWxkcy9iZTcyNjRmMC04ZjEwLTRlNjEtYjlkYy1mYTVjN2NjZGNjOGQSf3VzLWNlbnRyYWwxLWRvY2tlci5wa2cuZGV2L3RoZXZpc2FtYW5hZ2VyLWJlYTgwL2djZi1hcnRpZmFjdHMvdGhldmlzYW1hbmFnZXItLWJlYTgwX191cy0tY2VudHJhbDFfX2dldF9nb29nbGVfcmV2aWV3czp2ZXJzaW9uXzEY7ZmptaocIk5wcm9qZWN0cy90aGV2aXNhbWFuYWdlci1iZWE4MC9sb2NhdGlvbnMvdXMtY2VudHJhbDEvZnVuY3Rpb25zL2dldEdvb2dsZVJldmlld3MqCwjt7ODMBhCA17YOMghub2RlanMyMDp2CiNnY3IuaW8vZ2FlLXJ1bnRpbWVzL25vZGVqczIwOnN0YWJsZRJPdXMtY2VudHJhbDEtZG9ja2VyLnBrZy5kZXYvc2VydmVybGVzcy1ydW50aW1lcy9nb29nbGUtMjItZnVsbC9ydW50aW1lcy9ub2RlanMyMEAB","operationType":"UPDATE_FUNCTION","buildName":"projects/973458787565/locations/us-central1/builds/be7264f0-8f10-4e61-b9dc-fa5c7ccdcc8d"},"done":false}
[debug] [2026-02-20T10:24:47.646Z] Got source token Cldwcm9qZWN0cy85NzM0NTg3ODc1NjUvbG9jYXRpb25zL3VzLWNlbnRyYWwxL2J1aWxkcy9iZTcyNjRmMC04ZjEwLTRlNjEtYjlkYy1mYTVjN2NjZGNjOGQSf3VzLWNlbnRyYWwxLWRvY2tlci5wa2cuZGV2L3RoZXZpc2FtYW5hZ2VyLWJlYTgwL2djZi1hcnRpZmFjdHMvdGhldmlzYW1hbmFnZXItLWJlYTgwX191cy0tY2VudHJhbDFfX2dldF9nb29nbGVfcmV2aWV3czp2ZXJzaW9uXzEY7ZmptaocIk5wcm9qZWN0cy90aGV2aXNhbWFuYWdlci1iZWE4MC9sb2NhdGlvbnMvdXMtY2VudHJhbDEvZnVuY3Rpb25zL2dldEdvb2dsZVJldmlld3MqCwjt7ODMBhCA17YOMghub2RlanMyMDp2CiNnY3IuaW8vZ2FlLXJ1bnRpbWVzL25vZGVqczIwOnN0YWJsZRJPdXMtY2VudHJhbDEtZG9ja2VyLnBrZy5kZXYvc2VydmVybGVzcy1ydW50aW1lcy9nb29nbGUtMjItZnVsbC9ydW50aW1lcy9ub2RlanMyMEAB for region us-central1
[debug] [2026-02-20T10:24:47.671Z] <<< [apiv2][status] PATCH https://cloudfunctions.googleapis.com/v2/projects/thevisamanager-bea80/locations/us-central1/functions/extractTextFromImage 200
[debug] [2026-02-20T10:24:47.672Z] <<< [apiv2][body] PATCH https://cloudfunctions.googleapis.com/v2/projects/thevisamanager-bea80/locations/us-central1/functions/extractTextFromImage {"name":"projects/thevisamanager-bea80/locations/us-central1/operations/operation-1771583086810-64b3ed49453cf-7b8f9fa4-e210dcf9","metadata":{"@type":"type.googleapis.com/google.cloud.functions.v2.OperationMetadata","createTime":"2026-02-20T10:24:47.624372993Z","target":"projects/thevisamanager-bea80/locations/us-central1/functions/extractTextFromImage","verb":"update","cancelRequested":false,"apiVersion":"v2"},"done":false}
[debug] [2026-02-20T10:24:47.672Z] Checked if tokens are valid: true, expires at: 1771585909769
[debug] [2026-02-20T10:24:47.672Z] Checked if tokens are valid: true, expires at: 1771585909769
[debug] [2026-02-20T10:24:47.672Z] >>> [apiv2][query] GET https://cloudfunctions.googleapis.com/v2/projects/thevisamanager-bea80/locations/us-central1/operations/operation-1771583086810-64b3ed49453cf-7b8f9fa4-e210dcf9 [none]
[debug] [2026-02-20T10:24:48.045Z] <<< [apiv2][status] PATCH https://cloudfunctions.googleapis.com/v2/projects/thevisamanager-bea80/locations/us-central1/functions/api 200
[debug] [2026-02-20T10:24:48.046Z] <<< [apiv2][body] PATCH https://cloudfunctions.googleapis.com/v2/projects/thevisamanager-bea80/locations/us-central1/functions/api {"name":"projects/thevisamanager-bea80/locations/us-central1/operations/operation-1771583087317-64b3ed49c1066-6f831152-856a71c2","metadata":{"@type":"type.googleapis.com/google.cloud.functions.v2.OperationMetadata","createTime":"2026-02-20T10:24:47.995566293Z","target":"projects/thevisamanager-bea80/locations/us-central1/functions/api","verb":"update","cancelRequested":false,"apiVersion":"v2"},"done":false}
[debug] [2026-02-20T10:24:48.046Z] Checked if tokens are valid: true, expires at: 1771585909769
[debug] [2026-02-20T10:24:48.046Z] Checked if tokens are valid: true, expires at: 1771585909769
[debug] [2026-02-20T10:24:48.046Z] >>> [apiv2][query] GET https://cloudfunctions.googleapis.com/v2/projects/thevisamanager-bea80/locations/us-central1/operations/operation-1771583087317-64b3ed49c1066-6f831152-856a71c2 [none]
[debug] [2026-02-20T10:24:48.153Z] [update-default-us-central1-generateInvoice] Retrying task index 0
[debug] [2026-02-20T10:24:48.154Z] Checked if tokens are valid: true, expires at: 1771585909769
[debug] [2026-02-20T10:24:48.154Z] Checked if tokens are valid: true, expires at: 1771585909769
[debug] [2026-02-20T10:24:48.154Z] >>> [apiv2][query] GET https://cloudfunctions.googleapis.com/v2/projects/thevisamanager-bea80/locations/us-central1/operations/operation-1771583086574-64b3ed490bb0e-a789a0fc-71d68833 [none]
[debug] [2026-02-20T10:24:48.451Z] <<< [apiv2][status] GET https://cloudfunctions.googleapis.com/v2/projects/thevisamanager-bea80/locations/us-central1/operations/operation-1771583087317-64b3ed49c1066-6f831152-856a71c2 200
[debug] [2026-02-20T10:24:48.451Z] <<< [apiv2][body] GET https://cloudfunctions.googleapis.com/v2/projects/thevisamanager-bea80/locations/us-central1/operations/operation-1771583087317-64b3ed49c1066-6f831152-856a71c2 {"name":"projects/thevisamanager-bea80/locations/us-central1/operations/operation-1771583087317-64b3ed49c1066-6f831152-856a71c2","metadata":{"@type":"type.googleapis.com/google.cloud.functions.v2.OperationMetadata","createTime":"2026-02-20T10:24:47.995566293Z","target":"projects/thevisamanager-bea80/locations/us-central1/functions/api","verb":"update","cancelRequested":false,"apiVersion":"v2","requestResource":{"@type":"type.googleapis.com/google.cloud.functions.v2.Function","name":"projects/thevisamanager-bea80/locations/us-central1/functions/api","buildConfig":{"runtime":"nodejs20","entryPoint":"api","source":{"storageSource":{"bucket":"gcf-v2-sources-973458787565-us-central1","object":"api/function-source.zip","generation":"1771583087952705"}},"environmentVariables":{"GOOGLE_NODE_RUN_SCRIPTS":""},"dockerRepository":"projects/thevisamanager-bea80/locations/us-central1/repositories/gcf-artifacts","sourceProvenance":{"resolvedStorageSource":{"bucket":"gcf-v2-sources-973458787565-us-central1","object":"api/function-source.zip","generation":"1771506316383213"}},"dockerRegistry":"ARTIFACT_REGISTRY","sourceToken":"Cldwcm9qZWN0cy85NzM0NTg3ODc1NjUvbG9jYXRpb25zL3VzLWNlbnRyYWwxL2J1aWxkcy9iZTcyNjRmMC04ZjEwLTRlNjEtYjlkYy1mYTVjN2NjZGNjOGQSf3VzLWNlbnRyYWwxLWRvY2tlci5wa2cuZGV2L3RoZXZpc2FtYW5hZ2VyLWJlYTgwL2djZi1hcnRpZmFjdHMvdGhldmlzYW1hbmFnZXItLWJlYTgwX191cy0tY2VudHJhbDFfX2dldF9nb29nbGVfcmV2aWV3czp2ZXJzaW9uXzEY7ZmptaocIk5wcm9qZWN0cy90aGV2aXNhbWFuYWdlci1iZWE4MC9sb2NhdGlvbnMvdXMtY2VudHJhbDEvZnVuY3Rpb25zL2dldEdvb2dsZVJldmlld3MqCwjt7ODMBhCA17YOMghub2RlanMyMDp2CiNnY3IuaW8vZ2FlLXJ1bnRpbWVzL25vZGVqczIwOnN0YWJsZRJPdXMtY2VudHJhbDEtZG9ja2VyLnBrZy5kZXYvc2VydmVybGVzcy1ydW50aW1lcy9nb29nbGUtMjItZnVsbC9ydW50aW1lcy9ub2RlanMyMEAB","serviceAccount":"projects/thevisamanager-bea80/serviceAccounts/973458787565-compute@developer.gserviceaccount.com","automaticUpdatePolicy":{}},"serviceConfig":{"service":"projects/thevisamanager-bea80/locations/us-central1/services/api","timeoutSeconds":60,"environmentVariables":{"FIREBASE_CONFIG":"{\"projectId\":\"thevisamanager-bea80\",\"storageBucket\":\"thevisamanager-bea80.firebasestorage.app\"}","GCLOUD_PROJECT":"thevisamanager-bea80","EVENTARC_CLOUD_EVENT_SOURCE":"projects/thevisamanager-bea80/locations/us-central1/services/api","FUNCTION_TARGET":"api","LOG_EXECUTION_ID":"true","FUNCTION_SIGNATURE_TYPE":"http"},"ingressSettings":"ALLOW_ALL","uri":"https://api-fdkefcllsq-uc.a.run.app","serviceAccountEmail":"973458787565-compute@developer.gserviceaccount.com","availableMemory":"256Mi","allTrafficOnLatestRevision":true,"secretEnvironmentVariables":[{"key":"RAZORPAY_KEY_ID","projectId":"thevisamanager-bea80","secret":"RAZORPAY_KEY_ID","version":"13"},{"key":"RAZORPAY_KEY_SECRET","projectId":"thevisamanager-bea80","secret":"RAZORPAY_KEY_SECRET","version":"14"}],"revision":"api-00014-ruh","maxInstanceRequestConcurrency":80,"availableCpu":"1"},"state":"ACTIVE","labels":{"deployment-tool":"cli-firebase","firebase-functions-hash":"3be6f66445462f7a4f52be17e2686a758ca186b1"},"environment":"GEN_2","url":"https://us-central1-thevisamanager-bea80.cloudfunctions.net/api","satisfiesPzi":true},"stages":[{"name":"BUILD","message":"Reusing build","state":"COMPLETE","resource":"projects/973458787565/locations/us-central1/builds/be7264f0-8f10-4e61-b9dc-fa5c7ccdcc8d","stateMessages":[{"severity":"WARNING","type":"BuildAnalysisWarning","message":"Node.js 20 is no longer supported by the Node.js community as of 30 April, 2026. Node.js 20 will be deprecated on 2026-04-30. We recommend you to upgrade to the latest version of Node.js as soon as possible."}]},{"name":"SERVICE","state":"NOT_STARTED"}],"sourceToken":"Cldwcm9qZWN0cy85NzM0NTg3ODc1NjUvbG9jYXRpb25zL3VzLWNlbnRyYWwxL2J1aWxkcy9iZTcyNjRmMC04ZjEwLTRlNjEtYjlkYy1mYTVjN2NjZGNjOGQSf3VzLWNlbnRyYWwxLWRvY2tlci5wa2cuZGV2L3RoZXZpc2FtYW5hZ2VyLWJlYTgwL2djZi1hcnRpZmFjdHMvdGhldmlzYW1hbmFnZXItLWJlYTgwX191cy0tY2VudHJhbDFfX2dldF9nb29nbGVfcmV2aWV3czp2ZXJzaW9uXzEY7ZmptaocIk5wcm9qZWN0cy90aGV2aXNhbWFuYWdlci1iZWE4MC9sb2NhdGlvbnMvdXMtY2VudHJhbDEvZnVuY3Rpb25zL2dldEdvb2dsZVJldmlld3MqCwjt7ODMBhCA17YOMghub2RlanMyMDp2CiNnY3IuaW8vZ2FlLXJ1bnRpbWVzL25vZGVqczIwOnN0YWJsZRJPdXMtY2VudHJhbDEtZG9ja2VyLnBrZy5kZXYvc2VydmVybGVzcy1ydW50aW1lcy9nb29nbGUtMjItZnVsbC9ydW50aW1lcy9ub2RlanMyMEAB","operationType":"UPDATE_FUNCTION","buildName":"projects/973458787565/locations/us-central1/builds/be7264f0-8f10-4e61-b9dc-fa5c7ccdcc8d"},"done":false}
[debug] [2026-02-20T10:24:48.452Z] Got source token Cldwcm9qZWN0cy85NzM0NTg3ODc1NjUvbG9jYXRpb25zL3VzLWNlbnRyYWwxL2J1aWxkcy9iZTcyNjRmMC04ZjEwLTRlNjEtYjlkYy1mYTVjN2NjZGNjOGQSf3VzLWNlbnRyYWwxLWRvY2tlci5wa2cuZGV2L3RoZXZpc2FtYW5hZ2VyLWJlYTgwL2djZi1hcnRpZmFjdHMvdGhldmlzYW1hbmFnZXItLWJlYTgwX191cy0tY2VudHJhbDFfX2dldF9nb29nbGVfcmV2aWV3czp2ZXJzaW9uXzEY7ZmptaocIk5wcm9qZWN0cy90aGV2aXNhbWFuYWdlci1iZWE4MC9sb2NhdGlvbnMvdXMtY2VudHJhbDEvZnVuY3Rpb25zL2dldEdvb2dsZVJldmlld3MqCwjt7ODMBhCA17YOMghub2RlanMyMDp2CiNnY3IuaW8vZ2FlLXJ1bnRpbWVzL25vZGVqczIwOnN0YWJsZRJPdXMtY2VudHJhbDEtZG9ja2VyLnBrZy5kZXYvc2VydmVybGVzcy1ydW50aW1lcy9nb29nbGUtMjItZnVsbC9ydW50aW1lcy9ub2RlanMyMEAB for region us-central1
[debug] [2026-02-20T10:24:48.968Z] [update-default-us-central1-api] Retrying task index 0
[debug] [2026-02-20T10:24:48.969Z] Checked if tokens are valid: true, expires at: 1771585909769
[debug] [2026-02-20T10:24:48.969Z] Checked if tokens are valid: true, expires at: 1771585909769
[debug] [2026-02-20T10:24:48.970Z] >>> [apiv2][query] GET https://cloudfunctions.googleapis.com/v2/projects/thevisamanager-bea80/locations/us-central1/operations/operation-1771583087317-64b3ed49c1066-6f831152-856a71c2 [none]
[debug] [2026-02-20T10:24:49.013Z] <<< [apiv2][status] GET https://cloudfunctions.googleapis.com/v2/projects/thevisamanager-bea80/locations/us-central1/operations/operation-1771583086810-64b3ed49453cf-7b8f9fa4-e210dcf9 200
[debug] [2026-02-20T10:24:49.013Z] <<< [apiv2][body] GET https://cloudfunctions.googleapis.com/v2/projects/thevisamanager-bea80/locations/us-central1/operations/operation-1771583086810-64b3ed49453cf-7b8f9fa4-e210dcf9 {"name":"projects/thevisamanager-bea80/locations/us-central1/operations/operation-1771583086810-64b3ed49453cf-7b8f9fa4-e210dcf9","metadata":{"@type":"type.googleapis.com/google.cloud.functions.v2.OperationMetadata","createTime":"2026-02-20T10:24:47.624372993Z","target":"projects/thevisamanager-bea80/locations/us-central1/functions/extractTextFromImage","verb":"update","cancelRequested":false,"apiVersion":"v2","requestResource":{"@type":"type.googleapis.com/google.cloud.functions.v2.Function","name":"projects/thevisamanager-bea80/locations/us-central1/functions/extractTextFromImage","buildConfig":{"runtime":"nodejs20","entryPoint":"extractTextFromImage","source":{"storageSource":{"bucket":"gcf-v2-sources-973458787565-us-central1","object":"extractTextFromImage/function-source.zip","generation":"1771583087580264"}},"environmentVariables":{"GOOGLE_NODE_RUN_SCRIPTS":""},"dockerRepository":"projects/thevisamanager-bea80/locations/us-central1/repositories/gcf-artifacts","sourceProvenance":{"resolvedStorageSource":{"bucket":"gcf-v2-sources-973458787565-us-central1","object":"extractTextFromImage/function-source.zip","generation":"1770621006510739"}},"dockerRegistry":"ARTIFACT_REGISTRY","sourceToken":"Cldwcm9qZWN0cy85NzM0NTg3ODc1NjUvbG9jYXRpb25zL3VzLWNlbnRyYWwxL2J1aWxkcy9iZTcyNjRmMC04ZjEwLTRlNjEtYjlkYy1mYTVjN2NjZGNjOGQSf3VzLWNlbnRyYWwxLWRvY2tlci5wa2cuZGV2L3RoZXZpc2FtYW5hZ2VyLWJlYTgwL2djZi1hcnRpZmFjdHMvdGhldmlzYW1hbmFnZXItLWJlYTgwX191cy0tY2VudHJhbDFfX2dldF9nb29nbGVfcmV2aWV3czp2ZXJzaW9uXzEY7ZmptaocIk5wcm9qZWN0cy90aGV2aXNhbWFuYWdlci1iZWE4MC9sb2NhdGlvbnMvdXMtY2VudHJhbDEvZnVuY3Rpb25zL2dldEdvb2dsZVJldmlld3MqCwjt7ODMBhCA17YOMghub2RlanMyMDp2CiNnY3IuaW8vZ2FlLXJ1bnRpbWVzL25vZGVqczIwOnN0YWJsZRJPdXMtY2VudHJhbDEtZG9ja2VyLnBrZy5kZXYvc2VydmVybGVzcy1ydW50aW1lcy9nb29nbGUtMjItZnVsbC9ydW50aW1lcy9ub2RlanMyMEAB","serviceAccount":"projects/thevisamanager-bea80/serviceAccounts/973458787565-compute@developer.gserviceaccount.com","automaticUpdatePolicy":{}},"serviceConfig":{"service":"projects/thevisamanager-bea80/locations/us-central1/services/extracttextfromimage","timeoutSeconds":60,"environmentVariables":{"FIREBASE_CONFIG":"{\"projectId\":\"thevisamanager-bea80\",\"storageBucket\":\"thevisamanager-bea80.firebasestorage.app\"}","GCLOUD_PROJECT":"thevisamanager-bea80","EVENTARC_CLOUD_EVENT_SOURCE":"projects/thevisamanager-bea80/locations/us-central1/services/extractTextFromImage","FUNCTION_TARGET":"extractTextFromImage","LOG_EXECUTION_ID":"true","FUNCTION_SIGNATURE_TYPE":"http"},"ingressSettings":"ALLOW_ALL","uri":"https://extracttextfromimage-fdkefcllsq-uc.a.run.app","serviceAccountEmail":"973458787565-compute@developer.gserviceaccount.com","availableMemory":"256Mi","allTrafficOnLatestRevision":true,"secretEnvironmentVariables":[{"key":"VISION_API_KEY","projectId":"thevisamanager-bea80","secret":"VISION_API_KEY","version":"1"}],"revision":"extracttextfromimage-00025-yuy","maxInstanceRequestConcurrency":80,"availableCpu":"1"},"state":"ACTIVE","labels":{"deployment-tool":"cli-firebase","deployment-callable":"true","firebase-functions-hash":"6aa1c31b5d9894d6fa6cd089d652242d9ed3c40f"},"environment":"GEN_2","url":"https://us-central1-thevisamanager-bea80.cloudfunctions.net/extractTextFromImage","satisfiesPzi":true},"stages":[{"name":"BUILD","message":"Reusing build","state":"COMPLETE","resource":"projects/973458787565/locations/us-central1/builds/be7264f0-8f10-4e61-b9dc-fa5c7ccdcc8d","stateMessages":[{"severity":"WARNING","type":"BuildAnalysisWarning","message":"Node.js 20 is no longer supported by the Node.js community as of 30 April, 2026. Node.js 20 will be deprecated on 2026-04-30. We recommend you to upgrade to the latest version of Node.js as soon as possible."}]},{"name":"SERVICE","message":"Updating Cloud Run service","state":"IN_PROGRESS","resource":"projects/thevisamanager-bea80/locations/us-central1/services/extracttextfromimage","resourceUri":"https://console.cloud.google.com/run/detail/us-central1/extracttextfromimage?project=thevisamanager-bea80","stateMessages":[{"severity":"INFO","type":"CloudRunServiceNewRevisionTrafficInfo","message":"A new revision will be deployed serving with 100% traffic."}]}],"sourceToken":"Cldwcm9qZWN0cy85NzM0NTg3ODc1NjUvbG9jYXRpb25zL3VzLWNlbnRyYWwxL2J1aWxkcy9iZTcyNjRmMC04ZjEwLTRlNjEtYjlkYy1mYTVjN2NjZGNjOGQSf3VzLWNlbnRyYWwxLWRvY2tlci5wa2cuZGV2L3RoZXZpc2FtYW5hZ2VyLWJlYTgwL2djZi1hcnRpZmFjdHMvdGhldmlzYW1hbmFnZXItLWJlYTgwX191cy0tY2VudHJhbDFfX2dldF9nb29nbGVfcmV2aWV3czp2ZXJzaW9uXzEY7ZmptaocIk5wcm9qZWN0cy90aGV2aXNhbWFuYWdlci1iZWE4MC9sb2NhdGlvbnMvdXMtY2VudHJhbDEvZnVuY3Rpb25zL2dldEdvb2dsZVJldmlld3MqCwjt7ODMBhCA17YOMghub2RlanMyMDp2CiNnY3IuaW8vZ2FlLXJ1bnRpbWVzL25vZGVqczIwOnN0YWJsZRJPdXMtY2VudHJhbDEtZG9ja2VyLnBrZy5kZXYvc2VydmVybGVzcy1ydW50aW1lcy9nb29nbGUtMjItZnVsbC9ydW50aW1lcy9ub2RlanMyMEAB","operationType":"UPDATE_FUNCTION","buildName":"projects/973458787565/locations/us-central1/builds/be7264f0-8f10-4e61-b9dc-fa5c7ccdcc8d"},"done":false}
[debug] [2026-02-20T10:24:49.013Z] Got source token Cldwcm9qZWN0cy85NzM0NTg3ODc1NjUvbG9jYXRpb25zL3VzLWNlbnRyYWwxL2J1aWxkcy9iZTcyNjRmMC04ZjEwLTRlNjEtYjlkYy1mYTVjN2NjZGNjOGQSf3VzLWNlbnRyYWwxLWRvY2tlci5wa2cuZGV2L3RoZXZpc2FtYW5hZ2VyLWJlYTgwL2djZi1hcnRpZmFjdHMvdGhldmlzYW1hbmFnZXItLWJlYTgwX191cy0tY2VudHJhbDFfX2dldF9nb29nbGVfcmV2aWV3czp2ZXJzaW9uXzEY7ZmptaocIk5wcm9qZWN0cy90aGV2aXNhbWFuYWdlci1iZWE4MC9sb2NhdGlvbnMvdXMtY2VudHJhbDEvZnVuY3Rpb25zL2dldEdvb2dsZVJldmlld3MqCwjt7ODMBhCA17YOMghub2RlanMyMDp2CiNnY3IuaW8vZ2FlLXJ1bnRpbWVzL25vZGVqczIwOnN0YWJsZRJPdXMtY2VudHJhbDEtZG9ja2VyLnBrZy5kZXYvc2VydmVybGVzcy1ydW50aW1lcy9nb29nbGUtMjItZnVsbC9ydW50aW1lcy9ub2RlanMyMEAB for region us-central1
[debug] [2026-02-20T10:24:49.373Z] <<< [apiv2][status] GET https://cloudfunctions.googleapis.com/v2/projects/thevisamanager-bea80/locations/us-central1/operations/operation-1771583087317-64b3ed49c1066-6f831152-856a71c2 200
[debug] [2026-02-20T10:24:49.373Z] <<< [apiv2][body] GET https://cloudfunctions.googleapis.com/v2/projects/thevisamanager-bea80/locations/us-central1/operations/operation-1771583087317-64b3ed49c1066-6f831152-856a71c2 {"name":"projects/thevisamanager-bea80/locations/us-central1/operations/operation-1771583087317-64b3ed49c1066-6f831152-856a71c2","metadata":{"@type":"type.googleapis.com/google.cloud.functions.v2.OperationMetadata","createTime":"2026-02-20T10:24:47.995566293Z","target":"projects/thevisamanager-bea80/locations/us-central1/functions/api","verb":"update","cancelRequested":false,"apiVersion":"v2","requestResource":{"@type":"type.googleapis.com/google.cloud.functions.v2.Function","name":"projects/thevisamanager-bea80/locations/us-central1/functions/api","buildConfig":{"runtime":"nodejs20","entryPoint":"api","source":{"storageSource":{"bucket":"gcf-v2-sources-973458787565-us-central1","object":"api/function-source.zip","generation":"1771583087952705"}},"environmentVariables":{"GOOGLE_NODE_RUN_SCRIPTS":""},"dockerRepository":"projects/thevisamanager-bea80/locations/us-central1/repositories/gcf-artifacts","sourceProvenance":{"resolvedStorageSource":{"bucket":"gcf-v2-sources-973458787565-us-central1","object":"api/function-source.zip","generation":"1771506316383213"}},"dockerRegistry":"ARTIFACT_REGISTRY","sourceToken":"Cldwcm9qZWN0cy85NzM0NTg3ODc1NjUvbG9jYXRpb25zL3VzLWNlbnRyYWwxL2J1aWxkcy9iZTcyNjRmMC04ZjEwLTRlNjEtYjlkYy1mYTVjN2NjZGNjOGQSf3VzLWNlbnRyYWwxLWRvY2tlci5wa2cuZGV2L3RoZXZpc2FtYW5hZ2VyLWJlYTgwL2djZi1hcnRpZmFjdHMvdGhldmlzYW1hbmFnZXItLWJlYTgwX191cy0tY2VudHJhbDFfX2dldF9nb29nbGVfcmV2aWV3czp2ZXJzaW9uXzEY7ZmptaocIk5wcm9qZWN0cy90aGV2aXNhbWFuYWdlci1iZWE4MC9sb2NhdGlvbnMvdXMtY2VudHJhbDEvZnVuY3Rpb25zL2dldEdvb2dsZVJldmlld3MqCwjt7ODMBhCA17YOMghub2RlanMyMDp2CiNnY3IuaW8vZ2FlLXJ1bnRpbWVzL25vZGVqczIwOnN0YWJsZRJPdXMtY2VudHJhbDEtZG9ja2VyLnBrZy5kZXYvc2VydmVybGVzcy1ydW50aW1lcy9nb29nbGUtMjItZnVsbC9ydW50aW1lcy9ub2RlanMyMEAB","serviceAccount":"projects/thevisamanager-bea80/serviceAccounts/973458787565-compute@developer.gserviceaccount.com","automaticUpdatePolicy":{}},"serviceConfig":{"service":"projects/thevisamanager-bea80/locations/us-central1/services/api","timeoutSeconds":60,"environmentVariables":{"FIREBASE_CONFIG":"{\"projectId\":\"thevisamanager-bea80\",\"storageBucket\":\"thevisamanager-bea80.firebasestorage.app\"}","GCLOUD_PROJECT":"thevisamanager-bea80","EVENTARC_CLOUD_EVENT_SOURCE":"projects/thevisamanager-bea80/locations/us-central1/services/api","FUNCTION_TARGET":"api","LOG_EXECUTION_ID":"true","FUNCTION_SIGNATURE_TYPE":"http"},"ingressSettings":"ALLOW_ALL","uri":"https://api-fdkefcllsq-uc.a.run.app","serviceAccountEmail":"973458787565-compute@developer.gserviceaccount.com","availableMemory":"256Mi","allTrafficOnLatestRevision":true,"secretEnvironmentVariables":[{"key":"RAZORPAY_KEY_ID","projectId":"thevisamanager-bea80","secret":"RAZORPAY_KEY_ID","version":"13"},{"key":"RAZORPAY_KEY_SECRET","projectId":"thevisamanager-bea80","secret":"RAZORPAY_KEY_SECRET","version":"14"}],"revision":"api-00014-ruh","maxInstanceRequestConcurrency":80,"availableCpu":"1"},"state":"ACTIVE","labels":{"deployment-tool":"cli-firebase","firebase-functions-hash":"3be6f66445462f7a4f52be17e2686a758ca186b1"},"environment":"GEN_2","url":"https://us-central1-thevisamanager-bea80.cloudfunctions.net/api","satisfiesPzi":true},"stages":[{"name":"BUILD","message":"Reusing build","state":"COMPLETE","resource":"projects/973458787565/locations/us-central1/builds/be7264f0-8f10-4e61-b9dc-fa5c7ccdcc8d","stateMessages":[{"severity":"WARNING","type":"BuildAnalysisWarning","message":"Node.js 20 is no longer supported by the Node.js community as of 30 April, 2026. Node.js 20 will be deprecated on 2026-04-30. We recommend you to upgrade to the latest version of Node.js as soon as possible."}]},{"name":"SERVICE","message":"Updating Cloud Run service","state":"IN_PROGRESS","resource":"projects/thevisamanager-bea80/locations/us-central1/services/api","resourceUri":"https://console.cloud.google.com/run/detail/us-central1/api?project=thevisamanager-bea80","stateMessages":[{"severity":"INFO","type":"CloudRunServiceNewRevisionTrafficInfo","message":"A new revision will be deployed serving with 100% traffic."}]}],"sourceToken":"Cldwcm9qZWN0cy85NzM0NTg3ODc1NjUvbG9jYXRpb25zL3VzLWNlbnRyYWwxL2J1aWxkcy9iZTcyNjRmMC04ZjEwLTRlNjEtYjlkYy1mYTVjN2NjZGNjOGQSf3VzLWNlbnRyYWwxLWRvY2tlci5wa2cuZGV2L3RoZXZpc2FtYW5hZ2VyLWJlYTgwL2djZi1hcnRpZmFjdHMvdGhldmlzYW1hbmFnZXItLWJlYTgwX191cy0tY2VudHJhbDFfX2dldF9nb29nbGVfcmV2aWV3czp2ZXJzaW9uXzEY7ZmptaocIk5wcm9qZWN0cy90aGV2aXNhbWFuYWdlci1iZWE4MC9sb2NhdGlvbnMvdXMtY2VudHJhbDEvZnVuY3Rpb25zL2dldEdvb2dsZVJldmlld3MqCwjt7ODMBhCA17YOMghub2RlanMyMDp2CiNnY3IuaW8vZ2FlLXJ1bnRpbWVzL25vZGVqczIwOnN0YWJsZRJPdXMtY2VudHJhbDEtZG9ja2VyLnBrZy5kZXYvc2VydmVybGVzcy1ydW50aW1lcy9nb29nbGUtMjItZnVsbC9ydW50aW1lcy9ub2RlanMyMEAB","operationType":"UPDATE_FUNCTION","buildName":"projects/973458787565/locations/us-central1/builds/be7264f0-8f10-4e61-b9dc-fa5c7ccdcc8d"},"done":false}
[debug] [2026-02-20T10:24:49.373Z] Got source token Cldwcm9qZWN0cy85NzM0NTg3ODc1NjUvbG9jYXRpb25zL3VzLWNlbnRyYWwxL2J1aWxkcy9iZTcyNjRmMC04ZjEwLTRlNjEtYjlkYy1mYTVjN2NjZGNjOGQSf3VzLWNlbnRyYWwxLWRvY2tlci5wa2cuZGV2L3RoZXZpc2FtYW5hZ2VyLWJlYTgwL2djZi1hcnRpZmFjdHMvdGhldmlzYW1hbmFnZXItLWJlYTgwX191cy0tY2VudHJhbDFfX2dldF9nb29nbGVfcmV2aWV3czp2ZXJzaW9uXzEY7ZmptaocIk5wcm9qZWN0cy90aGV2aXNhbWFuYWdlci1iZWE4MC9sb2NhdGlvbnMvdXMtY2VudHJhbDEvZnVuY3Rpb25zL2dldEdvb2dsZVJldmlld3MqCwjt7ODMBhCA17YOMghub2RlanMyMDp2CiNnY3IuaW8vZ2FlLXJ1bnRpbWVzL25vZGVqczIwOnN0YWJsZRJPdXMtY2VudHJhbDEtZG9ja2VyLnBrZy5kZXYvc2VydmVybGVzcy1ydW50aW1lcy9nb29nbGUtMjItZnVsbC9ydW50aW1lcy9ub2RlanMyMEAB for region us-central1
[debug] [2026-02-20T10:24:49.479Z] <<< [apiv2][status] GET https://cloudfunctions.googleapis.com/v2/projects/thevisamanager-bea80/locations/us-central1/operations/operation-1771583086574-64b3ed490bb0e-a789a0fc-71d68833 200
[debug] [2026-02-20T10:24:49.480Z] <<< [apiv2][body] GET https://cloudfunctions.googleapis.com/v2/projects/thevisamanager-bea80/locations/us-central1/operations/operation-1771583086574-64b3ed490bb0e-a789a0fc-71d68833 {"name":"projects/thevisamanager-bea80/locations/us-central1/operations/operation-1771583086574-64b3ed490bb0e-a789a0fc-71d68833","metadata":{"@type":"type.googleapis.com/google.cloud.functions.v2.OperationMetadata","createTime":"2026-02-20T10:24:47.271709039Z","target":"projects/thevisamanager-bea80/locations/us-central1/functions/generateInvoice","verb":"update","cancelRequested":false,"apiVersion":"v2","requestResource":{"@type":"type.googleapis.com/google.cloud.functions.v2.Function","name":"projects/thevisamanager-bea80/locations/us-central1/functions/generateInvoice","buildConfig":{"runtime":"nodejs20","entryPoint":"generateInvoice","source":{"storageSource":{"bucket":"gcf-v2-sources-973458787565-us-central1","object":"generateInvoice/function-source.zip","generation":"1771583087229665"}},"environmentVariables":{"GOOGLE_NODE_RUN_SCRIPTS":""},"dockerRepository":"projects/thevisamanager-bea80/locations/us-central1/repositories/gcf-artifacts","sourceProvenance":{"resolvedStorageSource":{"bucket":"gcf-v2-sources-973458787565-us-central1","object":"generateInvoice/function-source.zip","generation":"1771506316885853"}},"dockerRegistry":"ARTIFACT_REGISTRY","sourceToken":"Cldwcm9qZWN0cy85NzM0NTg3ODc1NjUvbG9jYXRpb25zL3VzLWNlbnRyYWwxL2J1aWxkcy9iZTcyNjRmMC04ZjEwLTRlNjEtYjlkYy1mYTVjN2NjZGNjOGQSf3VzLWNlbnRyYWwxLWRvY2tlci5wa2cuZGV2L3RoZXZpc2FtYW5hZ2VyLWJlYTgwL2djZi1hcnRpZmFjdHMvdGhldmlzYW1hbmFnZXItLWJlYTgwX191cy0tY2VudHJhbDFfX2dldF9nb29nbGVfcmV2aWV3czp2ZXJzaW9uXzEY7ZmptaocIk5wcm9qZWN0cy90aGV2aXNhbWFuYWdlci1iZWE4MC9sb2NhdGlvbnMvdXMtY2VudHJhbDEvZnVuY3Rpb25zL2dldEdvb2dsZVJldmlld3MqCwjt7ODMBhCA17YOMghub2RlanMyMDp2CiNnY3IuaW8vZ2FlLXJ1bnRpbWVzL25vZGVqczIwOnN0YWJsZRJPdXMtY2VudHJhbDEtZG9ja2VyLnBrZy5kZXYvc2VydmVybGVzcy1ydW50aW1lcy9nb29nbGUtMjItZnVsbC9ydW50aW1lcy9ub2RlanMyMEAB","serviceAccount":"projects/thevisamanager-bea80/serviceAccounts/973458787565-compute@developer.gserviceaccount.com","automaticUpdatePolicy":{}},"serviceConfig":{"service":"projects/thevisamanager-bea80/locations/us-central1/services/generateinvoice","timeoutSeconds":60,"environmentVariables":{"FIREBASE_CONFIG":"{\"projectId\":\"thevisamanager-bea80\",\"storageBucket\":\"thevisamanager-bea80.firebasestorage.app\"}","GCLOUD_PROJECT":"thevisamanager-bea80","EVENTARC_CLOUD_EVENT_SOURCE":"projects/thevisamanager-bea80/locations/us-central1/services/generateInvoice","FUNCTION_TARGET":"generateInvoice","LOG_EXECUTION_ID":"true","FUNCTION_SIGNATURE_TYPE":"http"},"ingressSettings":"ALLOW_ALL","uri":"https://generateinvoice-fdkefcllsq-uc.a.run.app","serviceAccountEmail":"973458787565-compute@developer.gserviceaccount.com","availableMemory":"256Mi","allTrafficOnLatestRevision":true,"secretEnvironmentVariables":[{"key":"RAZORPAY_KEY_ID","projectId":"thevisamanager-bea80","secret":"RAZORPAY_KEY_ID","version":"13"},{"key":"RAZORPAY_KEY_SECRET","projectId":"thevisamanager-bea80","secret":"RAZORPAY_KEY_SECRET","version":"14"}],"revision":"generateinvoice-00118-nag","maxInstanceRequestConcurrency":80,"availableCpu":"1"},"state":"ACTIVE","labels":{"deployment-tool":"cli-firebase","deployment-callable":"true","firebase-functions-hash":"3be6f66445462f7a4f52be17e2686a758ca186b1"},"environment":"GEN_2","url":"https://us-central1-thevisamanager-bea80.cloudfunctions.net/generateInvoice","satisfiesPzi":true},"stages":[{"name":"BUILD","message":"Reusing build","state":"COMPLETE","resource":"projects/973458787565/locations/us-central1/builds/be7264f0-8f10-4e61-b9dc-fa5c7ccdcc8d","stateMessages":[{"severity":"WARNING","type":"BuildAnalysisWarning","message":"Node.js 20 is no longer supported by the Node.js community as of 30 April, 2026. Node.js 20 will be deprecated on 2026-04-30. We recommend you to upgrade to the latest version of Node.js as soon as possible."}]},{"name":"SERVICE","message":"Updating Cloud Run service","state":"IN_PROGRESS","resource":"projects/thevisamanager-bea80/locations/us-central1/services/generateinvoice","resourceUri":"https://console.cloud.google.com/run/detail/us-central1/generateinvoice?project=thevisamanager-bea80","stateMessages":[{"severity":"INFO","type":"CloudRunServiceNewRevisionTrafficInfo","message":"A new revision will be deployed serving with 100% traffic."}]}],"sourceToken":"Cldwcm9qZWN0cy85NzM0NTg3ODc1NjUvbG9jYXRpb25zL3VzLWNlbnRyYWwxL2J1aWxkcy9iZTcyNjRmMC04ZjEwLTRlNjEtYjlkYy1mYTVjN2NjZGNjOGQSf3VzLWNlbnRyYWwxLWRvY2tlci5wa2cuZGV2L3RoZXZpc2FtYW5hZ2VyLWJlYTgwL2djZi1hcnRpZmFjdHMvdGhldmlzYW1hbmFnZXItLWJlYTgwX191cy0tY2VudHJhbDFfX2dldF9nb29nbGVfcmV2aWV3czp2ZXJzaW9uXzEY7ZmptaocIk5wcm9qZWN0cy90aGV2aXNhbWFuYWdlci1iZWE4MC9sb2NhdGlvbnMvdXMtY2VudHJhbDEvZnVuY3Rpb25zL2dldEdvb2dsZVJldmlld3MqCwjt7ODMBhCA17YOMghub2RlanMyMDp2CiNnY3IuaW8vZ2FlLXJ1bnRpbWVzL25vZGVqczIwOnN0YWJsZRJPdXMtY2VudHJhbDEtZG9ja2VyLnBrZy5kZXYvc2VydmVybGVzcy1ydW50aW1lcy9nb29nbGUtMjItZnVsbC9ydW50aW1lcy9ub2RlanMyMEAB","operationType":"UPDATE_FUNCTION","buildName":"projects/973458787565/locations/us-central1/builds/be7264f0-8f10-4e61-b9dc-fa5c7ccdcc8d"},"done":false}
[debug] [2026-02-20T10:24:49.480Z] Got source token Cldwcm9qZWN0cy85NzM0NTg3ODc1NjUvbG9jYXRpb25zL3VzLWNlbnRyYWwxL2J1aWxkcy9iZTcyNjRmMC04ZjEwLTRlNjEtYjlkYy1mYTVjN2NjZGNjOGQSf3VzLWNlbnRyYWwxLWRvY2tlci5wa2cuZGV2L3RoZXZpc2FtYW5hZ2VyLWJlYTgwL2djZi1hcnRpZmFjdHMvdGhldmlzYW1hbmFnZXItLWJlYTgwX191cy0tY2VudHJhbDFfX2dldF9nb29nbGVfcmV2aWV3czp2ZXJzaW9uXzEY7ZmptaocIk5wcm9qZWN0cy90aGV2aXNhbWFuYWdlci1iZWE4MC9sb2NhdGlvbnMvdXMtY2VudHJhbDEvZnVuY3Rpb25zL2dldEdvb2dsZVJldmlld3MqCwjt7ODMBhCA17YOMghub2RlanMyMDp2CiNnY3IuaW8vZ2FlLXJ1bnRpbWVzL25vZGVqczIwOnN0YWJsZRJPdXMtY2VudHJhbDEtZG9ja2VyLnBrZy5kZXYvc2VydmVybGVzcy1ydW50aW1lcy9nb29nbGUtMjItZnVsbC9ydW50aW1lcy9ub2RlanMyMEAB for region us-central1
[debug] [2026-02-20T10:24:49.517Z] [update-default-us-central1-extractTextFromImage] Retrying task index 0
[debug] [2026-02-20T10:24:49.518Z] Checked if tokens are valid: true, expires at: 1771585909769
[debug] [2026-02-20T10:24:49.518Z] Checked if tokens are valid: true, expires at: 1771585909769
[debug] [2026-02-20T10:24:49.518Z] >>> [apiv2][query] GET https://cloudfunctions.googleapis.com/v2/projects/thevisamanager-bea80/locations/us-central1/operations/operation-1771583086810-64b3ed49453cf-7b8f9fa4-e210dcf9 [none]
[debug] [2026-02-20T10:24:50.380Z] [update-default-us-central1-api] Retrying task index 0
[debug] [2026-02-20T10:24:50.381Z] Checked if tokens are valid: true, expires at: 1771585909769
[debug] [2026-02-20T10:24:50.383Z] Checked if tokens are valid: true, expires at: 1771585909769
[debug] [2026-02-20T10:24:50.384Z] >>> [apiv2][query] GET https://cloudfunctions.googleapis.com/v2/projects/thevisamanager-bea80/locations/us-central1/operations/operation-1771583087317-64b3ed49c1066-6f831152-856a71c2 [none]
[debug] [2026-02-20T10:24:50.488Z] [update-default-us-central1-generateInvoice] Retrying task index 0
[debug] [2026-02-20T10:24:50.490Z] Checked if tokens are valid: true, expires at: 1771585909769
[debug] [2026-02-20T10:24:50.490Z] Checked if tokens are valid: true, expires at: 1771585909769
[debug] [2026-02-20T10:24:50.490Z] >>> [apiv2][query] GET https://cloudfunctions.googleapis.com/v2/projects/thevisamanager-bea80/locations/us-central1/operations/operation-1771583086574-64b3ed490bb0e-a789a0fc-71d68833 [none]
[debug] [2026-02-20T10:24:50.908Z] <<< [apiv2][status] GET https://cloudfunctions.googleapis.com/v2/projects/thevisamanager-bea80/locations/us-central1/operations/operation-1771583086810-64b3ed49453cf-7b8f9fa4-e210dcf9 200
[debug] [2026-02-20T10:24:50.908Z] <<< [apiv2][body] GET https://cloudfunctions.googleapis.com/v2/projects/thevisamanager-bea80/locations/us-central1/operations/operation-1771583086810-64b3ed49453cf-7b8f9fa4-e210dcf9 {"name":"projects/thevisamanager-bea80/locations/us-central1/operations/operation-1771583086810-64b3ed49453cf-7b8f9fa4-e210dcf9","metadata":{"@type":"type.googleapis.com/google.cloud.functions.v2.OperationMetadata","createTime":"2026-02-20T10:24:47.624372993Z","target":"projects/thevisamanager-bea80/locations/us-central1/functions/extractTextFromImage","verb":"update","cancelRequested":false,"apiVersion":"v2","requestResource":{"@type":"type.googleapis.com/google.cloud.functions.v2.Function","name":"projects/thevisamanager-bea80/locations/us-central1/functions/extractTextFromImage","buildConfig":{"runtime":"nodejs20","entryPoint":"extractTextFromImage","source":{"storageSource":{"bucket":"gcf-v2-sources-973458787565-us-central1","object":"extractTextFromImage/function-source.zip","generation":"1771583087580264"}},"environmentVariables":{"GOOGLE_NODE_RUN_SCRIPTS":""},"dockerRepository":"projects/thevisamanager-bea80/locations/us-central1/repositories/gcf-artifacts","sourceProvenance":{"resolvedStorageSource":{"bucket":"gcf-v2-sources-973458787565-us-central1","object":"extractTextFromImage/function-source.zip","generation":"1770621006510739"}},"dockerRegistry":"ARTIFACT_REGISTRY","sourceToken":"Cldwcm9qZWN0cy85NzM0NTg3ODc1NjUvbG9jYXRpb25zL3VzLWNlbnRyYWwxL2J1aWxkcy9iZTcyNjRmMC04ZjEwLTRlNjEtYjlkYy1mYTVjN2NjZGNjOGQSf3VzLWNlbnRyYWwxLWRvY2tlci5wa2cuZGV2L3RoZXZpc2FtYW5hZ2VyLWJlYTgwL2djZi1hcnRpZmFjdHMvdGhldmlzYW1hbmFnZXItLWJlYTgwX191cy0tY2VudHJhbDFfX2dldF9nb29nbGVfcmV2aWV3czp2ZXJzaW9uXzEY7ZmptaocIk5wcm9qZWN0cy90aGV2aXNhbWFuYWdlci1iZWE4MC9sb2NhdGlvbnMvdXMtY2VudHJhbDEvZnVuY3Rpb25zL2dldEdvb2dsZVJldmlld3MqCwjt7ODMBhCA17YOMghub2RlanMyMDp2CiNnY3IuaW8vZ2FlLXJ1bnRpbWVzL25vZGVqczIwOnN0YWJsZRJPdXMtY2VudHJhbDEtZG9ja2VyLnBrZy5kZXYvc2VydmVybGVzcy1ydW50aW1lcy9nb29nbGUtMjItZnVsbC9ydW50aW1lcy9ub2RlanMyMEAB","serviceAccount":"projects/thevisamanager-bea80/serviceAccounts/973458787565-compute@developer.gserviceaccount.com","automaticUpdatePolicy":{}},"serviceConfig":{"service":"projects/thevisamanager-bea80/locations/us-central1/services/extracttextfromimage","timeoutSeconds":60,"environmentVariables":{"FIREBASE_CONFIG":"{\"projectId\":\"thevisamanager-bea80\",\"storageBucket\":\"thevisamanager-bea80.firebasestorage.app\"}","GCLOUD_PROJECT":"thevisamanager-bea80","EVENTARC_CLOUD_EVENT_SOURCE":"projects/thevisamanager-bea80/locations/us-central1/services/extractTextFromImage","FUNCTION_TARGET":"extractTextFromImage","LOG_EXECUTION_ID":"true","FUNCTION_SIGNATURE_TYPE":"http"},"ingressSettings":"ALLOW_ALL","uri":"https://extracttextfromimage-fdkefcllsq-uc.a.run.app","serviceAccountEmail":"973458787565-compute@developer.gserviceaccount.com","availableMemory":"256Mi","allTrafficOnLatestRevision":true,"secretEnvironmentVariables":[{"key":"VISION_API_KEY","projectId":"thevisamanager-bea80","secret":"VISION_API_KEY","version":"1"}],"revision":"extracttextfromimage-00025-yuy","maxInstanceRequestConcurrency":80,"availableCpu":"1"},"state":"ACTIVE","labels":{"deployment-tool":"cli-firebase","deployment-callable":"true","firebase-functions-hash":"6aa1c31b5d9894d6fa6cd089d652242d9ed3c40f"},"environment":"GEN_2","url":"https://us-central1-thevisamanager-bea80.cloudfunctions.net/extractTextFromImage","satisfiesPzi":true},"stages":[{"name":"BUILD","message":"Reusing build","state":"COMPLETE","resource":"projects/973458787565/locations/us-central1/builds/be7264f0-8f10-4e61-b9dc-fa5c7ccdcc8d","stateMessages":[{"severity":"WARNING","type":"BuildAnalysisWarning","message":"Node.js 20 is no longer supported by the Node.js community as of 30 April, 2026. Node.js 20 will be deprecated on 2026-04-30. We recommend you to upgrade to the latest version of Node.js as soon as possible."}]},{"name":"SERVICE","message":"Updating Cloud Run service","state":"IN_PROGRESS","resource":"projects/thevisamanager-bea80/locations/us-central1/services/extracttextfromimage","resourceUri":"https://console.cloud.google.com/run/detail/us-central1/extracttextfromimage?project=thevisamanager-bea80","stateMessages":[{"severity":"INFO","type":"CloudRunServiceNewRevisionTrafficInfo","message":"A new revision will be deployed serving with 100% traffic."}]}],"sourceToken":"Cldwcm9qZWN0cy85NzM0NTg3ODc1NjUvbG9jYXRpb25zL3VzLWNlbnRyYWwxL2J1aWxkcy9iZTcyNjRmMC04ZjEwLTRlNjEtYjlkYy1mYTVjN2NjZGNjOGQSf3VzLWNlbnRyYWwxLWRvY2tlci5wa2cuZGV2L3RoZXZpc2FtYW5hZ2VyLWJlYTgwL2djZi1hcnRpZmFjdHMvdGhldmlzYW1hbmFnZXItLWJlYTgwX191cy0tY2VudHJhbDFfX2dldF9nb29nbGVfcmV2aWV3czp2ZXJzaW9uXzEY7ZmptaocIk5wcm9qZWN0cy90aGV2aXNhbWFuYWdlci1iZWE4MC9sb2NhdGlvbnMvdXMtY2VudHJhbDEvZnVuY3Rpb25zL2dldEdvb2dsZVJldmlld3MqCwjt7ODMBhCA17YOMghub2RlanMyMDp2CiNnY3IuaW8vZ2FlLXJ1bnRpbWVzL25vZGVqczIwOnN0YWJsZRJPdXMtY2VudHJhbDEtZG9ja2VyLnBrZy5kZXYvc2VydmVybGVzcy1ydW50aW1lcy9nb29nbGUtMjItZnVsbC9ydW50aW1lcy9ub2RlanMyMEAB","operationType":"UPDATE_FUNCTION","buildName":"projects/973458787565/locations/us-central1/builds/be7264f0-8f10-4e61-b9dc-fa5c7ccdcc8d"},"done":false}
[debug] [2026-02-20T10:24:50.908Z] Got source token Cldwcm9qZWN0cy85NzM0NTg3ODc1NjUvbG9jYXRpb25zL3VzLWNlbnRyYWwxL2J1aWxkcy9iZTcyNjRmMC04ZjEwLTRlNjEtYjlkYy1mYTVjN2NjZGNjOGQSf3VzLWNlbnRyYWwxLWRvY2tlci5wa2cuZGV2L3RoZXZpc2FtYW5hZ2VyLWJlYTgwL2djZi1hcnRpZmFjdHMvdGhldmlzYW1hbmFnZXItLWJlYTgwX191cy0tY2VudHJhbDFfX2dldF9nb29nbGVfcmV2aWV3czp2ZXJzaW9uXzEY7ZmptaocIk5wcm9qZWN0cy90aGV2aXNhbWFuYWdlci1iZWE4MC9sb2NhdGlvbnMvdXMtY2VudHJhbDEvZnVuY3Rpb25zL2dldEdvb2dsZVJldmlld3MqCwjt7ODMBhCA17YOMghub2RlanMyMDp2CiNnY3IuaW8vZ2FlLXJ1bnRpbWVzL25vZGVqczIwOnN0YWJsZRJPdXMtY2VudHJhbDEtZG9ja2VyLnBrZy5kZXYvc2VydmVybGVzcy1ydW50aW1lcy9nb29nbGUtMjItZnVsbC9ydW50aW1lcy9ub2RlanMyMEAB for region us-central1
[debug] [2026-02-20T10:24:51.728Z] <<< [apiv2][status] GET https://cloudfunctions.googleapis.com/v2/projects/thevisamanager-bea80/locations/us-central1/operations/operation-1771583087317-64b3ed49c1066-6f831152-856a71c2 200
[debug] [2026-02-20T10:24:51.729Z] <<< [apiv2][body] GET https://cloudfunctions.googleapis.com/v2/projects/thevisamanager-bea80/locations/us-central1/operations/operation-1771583087317-64b3ed49c1066-6f831152-856a71c2 {"name":"projects/thevisamanager-bea80/locations/us-central1/operations/operation-1771583087317-64b3ed49c1066-6f831152-856a71c2","metadata":{"@type":"type.googleapis.com/google.cloud.functions.v2.OperationMetadata","createTime":"2026-02-20T10:24:47.995566293Z","target":"projects/thevisamanager-bea80/locations/us-central1/functions/api","verb":"update","cancelRequested":false,"apiVersion":"v2","requestResource":{"@type":"type.googleapis.com/google.cloud.functions.v2.Function","name":"projects/thevisamanager-bea80/locations/us-central1/functions/api","buildConfig":{"runtime":"nodejs20","entryPoint":"api","source":{"storageSource":{"bucket":"gcf-v2-sources-973458787565-us-central1","object":"api/function-source.zip","generation":"1771583087952705"}},"environmentVariables":{"GOOGLE_NODE_RUN_SCRIPTS":""},"dockerRepository":"projects/thevisamanager-bea80/locations/us-central1/repositories/gcf-artifacts","sourceProvenance":{"resolvedStorageSource":{"bucket":"gcf-v2-sources-973458787565-us-central1","object":"api/function-source.zip","generation":"1771506316383213"}},"dockerRegistry":"ARTIFACT_REGISTRY","sourceToken":"Cldwcm9qZWN0cy85NzM0NTg3ODc1NjUvbG9jYXRpb25zL3VzLWNlbnRyYWwxL2J1aWxkcy9iZTcyNjRmMC04ZjEwLTRlNjEtYjlkYy1mYTVjN2NjZGNjOGQSf3VzLWNlbnRyYWwxLWRvY2tlci5wa2cuZGV2L3RoZXZpc2FtYW5hZ2VyLWJlYTgwL2djZi1hcnRpZmFjdHMvdGhldmlzYW1hbmFnZXItLWJlYTgwX191cy0tY2VudHJhbDFfX2dldF9nb29nbGVfcmV2aWV3czp2ZXJzaW9uXzEY7ZmptaocIk5wcm9qZWN0cy90aGV2aXNhbWFuYWdlci1iZWE4MC9sb2NhdGlvbnMvdXMtY2VudHJhbDEvZnVuY3Rpb25zL2dldEdvb2dsZVJldmlld3MqCwjt7ODMBhCA17YOMghub2RlanMyMDp2CiNnY3IuaW8vZ2FlLXJ1bnRpbWVzL25vZGVqczIwOnN0YWJsZRJPdXMtY2VudHJhbDEtZG9ja2VyLnBrZy5kZXYvc2VydmVybGVzcy1ydW50aW1lcy9nb29nbGUtMjItZnVsbC9ydW50aW1lcy9ub2RlanMyMEAB","serviceAccount":"projects/thevisamanager-bea80/serviceAccounts/973458787565-compute@developer.gserviceaccount.com","automaticUpdatePolicy":{}},"serviceConfig":{"service":"projects/thevisamanager-bea80/locations/us-central1/services/api","timeoutSeconds":60,"environmentVariables":{"FIREBASE_CONFIG":"{\"projectId\":\"thevisamanager-bea80\",\"storageBucket\":\"thevisamanager-bea80.firebasestorage.app\"}","GCLOUD_PROJECT":"thevisamanager-bea80","EVENTARC_CLOUD_EVENT_SOURCE":"projects/thevisamanager-bea80/locations/us-central1/services/api","FUNCTION_TARGET":"api","LOG_EXECUTION_ID":"true","FUNCTION_SIGNATURE_TYPE":"http"},"ingressSettings":"ALLOW_ALL","uri":"https://api-fdkefcllsq-uc.a.run.app","serviceAccountEmail":"973458787565-compute@developer.gserviceaccount.com","availableMemory":"256Mi","allTrafficOnLatestRevision":true,"secretEnvironmentVariables":[{"key":"RAZORPAY_KEY_ID","projectId":"thevisamanager-bea80","secret":"RAZORPAY_KEY_ID","version":"13"},{"key":"RAZORPAY_KEY_SECRET","projectId":"thevisamanager-bea80","secret":"RAZORPAY_KEY_SECRET","version":"14"}],"revision":"api-00014-ruh","maxInstanceRequestConcurrency":80,"availableCpu":"1"},"state":"ACTIVE","labels":{"deployment-tool":"cli-firebase","firebase-functions-hash":"3be6f66445462f7a4f52be17e2686a758ca186b1"},"environment":"GEN_2","url":"https://us-central1-thevisamanager-bea80.cloudfunctions.net/api","satisfiesPzi":true},"stages":[{"name":"BUILD","message":"Reusing build","state":"COMPLETE","resource":"projects/973458787565/locations/us-central1/builds/be7264f0-8f10-4e61-b9dc-fa5c7ccdcc8d","stateMessages":[{"severity":"WARNING","type":"BuildAnalysisWarning","message":"Node.js 20 is no longer supported by the Node.js community as of 30 April, 2026. Node.js 20 will be deprecated on 2026-04-30. We recommend you to upgrade to the latest version of Node.js as soon as possible."}]},{"name":"SERVICE","message":"Updating Cloud Run service","state":"IN_PROGRESS","resource":"projects/thevisamanager-bea80/locations/us-central1/services/api","resourceUri":"https://console.cloud.google.com/run/detail/us-central1/api?project=thevisamanager-bea80","stateMessages":[{"severity":"INFO","type":"CloudRunServiceNewRevisionTrafficInfo","message":"A new revision will be deployed serving with 100% traffic."}]}],"sourceToken":"Cldwcm9qZWN0cy85NzM0NTg3ODc1NjUvbG9jYXRpb25zL3VzLWNlbnRyYWwxL2J1aWxkcy9iZTcyNjRmMC04ZjEwLTRlNjEtYjlkYy1mYTVjN2NjZGNjOGQSf3VzLWNlbnRyYWwxLWRvY2tlci5wa2cuZGV2L3RoZXZpc2FtYW5hZ2VyLWJlYTgwL2djZi1hcnRpZmFjdHMvdGhldmlzYW1hbmFnZXItLWJlYTgwX191cy0tY2VudHJhbDFfX2dldF9nb29nbGVfcmV2aWV3czp2ZXJzaW9uXzEY7ZmptaocIk5wcm9qZWN0cy90aGV2aXNhbWFuYWdlci1iZWE4MC9sb2NhdGlvbnMvdXMtY2VudHJhbDEvZnVuY3Rpb25zL2dldEdvb2dsZVJldmlld3MqCwjt7ODMBhCA17YOMghub2RlanMyMDp2CiNnY3IuaW8vZ2FlLXJ1bnRpbWVzL25vZGVqczIwOnN0YWJsZRJPdXMtY2VudHJhbDEtZG9ja2VyLnBrZy5kZXYvc2VydmVybGVzcy1ydW50aW1lcy9nb29nbGUtMjItZnVsbC9ydW50aW1lcy9ub2RlanMyMEAB","operationType":"UPDATE_FUNCTION","buildName":"projects/973458787565/locations/us-central1/builds/be7264f0-8f10-4e61-b9dc-fa5c7ccdcc8d"},"done":false}
[debug] [2026-02-20T10:24:51.729Z] Got source token Cldwcm9qZWN0cy85NzM0NTg3ODc1NjUvbG9jYXRpb25zL3VzLWNlbnRyYWwxL2J1aWxkcy9iZTcyNjRmMC04ZjEwLTRlNjEtYjlkYy1mYTVjN2NjZGNjOGQSf3VzLWNlbnRyYWwxLWRvY2tlci5wa2cuZGV2L3RoZXZpc2FtYW5hZ2VyLWJlYTgwL2djZi1hcnRpZmFjdHMvdGhldmlzYW1hbmFnZXItLWJlYTgwX191cy0tY2VudHJhbDFfX2dldF9nb29nbGVfcmV2aWV3czp2ZXJzaW9uXzEY7ZmptaocIk5wcm9qZWN0cy90aGV2aXNhbWFuYWdlci1iZWE4MC9sb2NhdGlvbnMvdXMtY2VudHJhbDEvZnVuY3Rpb25zL2dldEdvb2dsZVJldmlld3MqCwjt7ODMBhCA17YOMghub2RlanMyMDp2CiNnY3IuaW8vZ2FlLXJ1bnRpbWVzL25vZGVqczIwOnN0YWJsZRJPdXMtY2VudHJhbDEtZG9ja2VyLnBrZy5kZXYvc2VydmVybGVzcy1ydW50aW1lcy9nb29nbGUtMjItZnVsbC9ydW50aW1lcy9ub2RlanMyMEAB for region us-central1
[debug] [2026-02-20T10:24:51.831Z] <<< [apiv2][status] GET https://cloudfunctions.googleapis.com/v2/projects/thevisamanager-bea80/locations/us-central1/operations/operation-1771583086574-64b3ed490bb0e-a789a0fc-71d68833 200
[debug] [2026-02-20T10:24:51.832Z] <<< [apiv2][body] GET https://cloudfunctions.googleapis.com/v2/projects/thevisamanager-bea80/locations/us-central1/operations/operation-1771583086574-64b3ed490bb0e-a789a0fc-71d68833 {"name":"projects/thevisamanager-bea80/locations/us-central1/operations/operation-1771583086574-64b3ed490bb0e-a789a0fc-71d68833","metadata":{"@type":"type.googleapis.com/google.cloud.functions.v2.OperationMetadata","createTime":"2026-02-20T10:24:47.271709039Z","target":"projects/thevisamanager-bea80/locations/us-central1/functions/generateInvoice","verb":"update","cancelRequested":false,"apiVersion":"v2","requestResource":{"@type":"type.googleapis.com/google.cloud.functions.v2.Function","name":"projects/thevisamanager-bea80/locations/us-central1/functions/generateInvoice","buildConfig":{"runtime":"nodejs20","entryPoint":"generateInvoice","source":{"storageSource":{"bucket":"gcf-v2-sources-973458787565-us-central1","object":"generateInvoice/function-source.zip","generation":"1771583087229665"}},"environmentVariables":{"GOOGLE_NODE_RUN_SCRIPTS":""},"dockerRepository":"projects/thevisamanager-bea80/locations/us-central1/repositories/gcf-artifacts","sourceProvenance":{"resolvedStorageSource":{"bucket":"gcf-v2-sources-973458787565-us-central1","object":"generateInvoice/function-source.zip","generation":"1771506316885853"}},"dockerRegistry":"ARTIFACT_REGISTRY","sourceToken":"Cldwcm9qZWN0cy85NzM0NTg3ODc1NjUvbG9jYXRpb25zL3VzLWNlbnRyYWwxL2J1aWxkcy9iZTcyNjRmMC04ZjEwLTRlNjEtYjlkYy1mYTVjN2NjZGNjOGQSf3VzLWNlbnRyYWwxLWRvY2tlci5wa2cuZGV2L3RoZXZpc2FtYW5hZ2VyLWJlYTgwL2djZi1hcnRpZmFjdHMvdGhldmlzYW1hbmFnZXItLWJlYTgwX191cy0tY2VudHJhbDFfX2dldF9nb29nbGVfcmV2aWV3czp2ZXJzaW9uXzEY7ZmptaocIk5wcm9qZWN0cy90aGV2aXNhbWFuYWdlci1iZWE4MC9sb2NhdGlvbnMvdXMtY2VudHJhbDEvZnVuY3Rpb25zL2dldEdvb2dsZVJldmlld3MqCwjt7ODMBhCA17YOMghub2RlanMyMDp2CiNnY3IuaW8vZ2FlLXJ1bnRpbWVzL25vZGVqczIwOnN0YWJsZRJPdXMtY2VudHJhbDEtZG9ja2VyLnBrZy5kZXYvc2VydmVybGVzcy1ydW50aW1lcy9nb29nbGUtMjItZnVsbC9ydW50aW1lcy9ub2RlanMyMEAB","serviceAccount":"projects/thevisamanager-bea80/serviceAccounts/973458787565-compute@developer.gserviceaccount.com","automaticUpdatePolicy":{}},"serviceConfig":{"service":"projects/thevisamanager-bea80/locations/us-central1/services/generateinvoice","timeoutSeconds":60,"environmentVariables":{"FIREBASE_CONFIG":"{\"projectId\":\"thevisamanager-bea80\",\"storageBucket\":\"thevisamanager-bea80.firebasestorage.app\"}","GCLOUD_PROJECT":"thevisamanager-bea80","EVENTARC_CLOUD_EVENT_SOURCE":"projects/thevisamanager-bea80/locations/us-central1/services/generateInvoice","FUNCTION_TARGET":"generateInvoice","LOG_EXECUTION_ID":"true","FUNCTION_SIGNATURE_TYPE":"http"},"ingressSettings":"ALLOW_ALL","uri":"https://generateinvoice-fdkefcllsq-uc.a.run.app","serviceAccountEmail":"973458787565-compute@developer.gserviceaccount.com","availableMemory":"256Mi","allTrafficOnLatestRevision":true,"secretEnvironmentVariables":[{"key":"RAZORPAY_KEY_ID","projectId":"thevisamanager-bea80","secret":"RAZORPAY_KEY_ID","version":"13"},{"key":"RAZORPAY_KEY_SECRET","projectId":"thevisamanager-bea80","secret":"RAZORPAY_KEY_SECRET","version":"14"}],"revision":"generateinvoice-00118-nag","maxInstanceRequestConcurrency":80,"availableCpu":"1"},"state":"ACTIVE","labels":{"deployment-tool":"cli-firebase","deployment-callable":"true","firebase-functions-hash":"3be6f66445462f7a4f52be17e2686a758ca186b1"},"environment":"GEN_2","url":"https://us-central1-thevisamanager-bea80.cloudfunctions.net/generateInvoice","satisfiesPzi":true},"stages":[{"name":"BUILD","message":"Reusing build","state":"COMPLETE","resource":"projects/973458787565/locations/us-central1/builds/be7264f0-8f10-4e61-b9dc-fa5c7ccdcc8d","stateMessages":[{"severity":"WARNING","type":"BuildAnalysisWarning","message":"Node.js 20 is no longer supported by the Node.js community as of 30 April, 2026. Node.js 20 will be deprecated on 2026-04-30. We recommend you to upgrade to the latest version of Node.js as soon as possible."}]},{"name":"SERVICE","message":"Updating Cloud Run service","state":"IN_PROGRESS","resource":"projects/thevisamanager-bea80/locations/us-central1/services/generateinvoice","resourceUri":"https://console.cloud.google.com/run/detail/us-central1/generateinvoice?project=thevisamanager-bea80","stateMessages":[{"severity":"INFO","type":"CloudRunServiceNewRevisionTrafficInfo","message":"A new revision will be deployed serving with 100% traffic."}]}],"sourceToken":"Cldwcm9qZWN0cy85NzM0NTg3ODc1NjUvbG9jYXRpb25zL3VzLWNlbnRyYWwxL2J1aWxkcy9iZTcyNjRmMC04ZjEwLTRlNjEtYjlkYy1mYTVjN2NjZGNjOGQSf3VzLWNlbnRyYWwxLWRvY2tlci5wa2cuZGV2L3RoZXZpc2FtYW5hZ2VyLWJlYTgwL2djZi1hcnRpZmFjdHMvdGhldmlzYW1hbmFnZXItLWJlYTgwX191cy0tY2VudHJhbDFfX2dldF9nb29nbGVfcmV2aWV3czp2ZXJzaW9uXzEY7ZmptaocIk5wcm9qZWN0cy90aGV2aXNhbWFuYWdlci1iZWE4MC9sb2NhdGlvbnMvdXMtY2VudHJhbDEvZnVuY3Rpb25zL2dldEdvb2dsZVJldmlld3MqCwjt7ODMBhCA17YOMghub2RlanMyMDp2CiNnY3IuaW8vZ2FlLXJ1bnRpbWVzL25vZGVqczIwOnN0YWJsZRJPdXMtY2VudHJhbDEtZG9ja2VyLnBrZy5kZXYvc2VydmVybGVzcy1ydW50aW1lcy9nb29nbGUtMjItZnVsbC9ydW50aW1lcy9ub2RlanMyMEAB","operationType":"UPDATE_FUNCTION","buildName":"projects/973458787565/locations/us-central1/builds/be7264f0-8f10-4e61-b9dc-fa5c7ccdcc8d"},"done":false}
[debug] [2026-02-20T10:24:51.832Z] Got source token Cldwcm9qZWN0cy85NzM0NTg3ODc1NjUvbG9jYXRpb25zL3VzLWNlbnRyYWwxL2J1aWxkcy9iZTcyNjRmMC04ZjEwLTRlNjEtYjlkYy1mYTVjN2NjZGNjOGQSf3VzLWNlbnRyYWwxLWRvY2tlci5wa2cuZGV2L3RoZXZpc2FtYW5hZ2VyLWJlYTgwL2djZi1hcnRpZmFjdHMvdGhldmlzYW1hbmFnZXItLWJlYTgwX191cy0tY2VudHJhbDFfX2dldF9nb29nbGVfcmV2aWV3czp2ZXJzaW9uXzEY7ZmptaocIk5wcm9qZWN0cy90aGV2aXNhbWFuYWdlci1iZWE4MC9sb2NhdGlvbnMvdXMtY2VudHJhbDEvZnVuY3Rpb25zL2dldEdvb2dsZVJldmlld3MqCwjt7ODMBhCA17YOMghub2RlanMyMDp2CiNnY3IuaW8vZ2FlLXJ1bnRpbWVzL25vZGVqczIwOnN0YWJsZRJPdXMtY2VudHJhbDEtZG9ja2VyLnBrZy5kZXYvc2VydmVybGVzcy1ydW50aW1lcy9nb29nbGUtMjItZnVsbC9ydW50aW1lcy9ub2RlanMyMEAB for region us-central1
[debug] [2026-02-20T10:24:51.924Z] [update-default-us-central1-extractTextFromImage] Retrying task index 0
[debug] [2026-02-20T10:24:51.925Z] Checked if tokens are valid: true, expires at: 1771585909769
[debug] [2026-02-20T10:24:51.925Z] Checked if tokens are valid: true, expires at: 1771585909769
[debug] [2026-02-20T10:24:51.925Z] >>> [apiv2][query] GET https://cloudfunctions.googleapis.com/v2/projects/thevisamanager-bea80/locations/us-central1/operations/operation-1771583086810-64b3ed49453cf-7b8f9fa4-e210dcf9 [none]
[debug] [2026-02-20T10:24:53.262Z] <<< [apiv2][status] GET https://cloudfunctions.googleapis.com/v2/projects/thevisamanager-bea80/locations/us-central1/operations/operation-1771583086810-64b3ed49453cf-7b8f9fa4-e210dcf9 200
[debug] [2026-02-20T10:24:53.262Z] <<< [apiv2][body] GET https://cloudfunctions.googleapis.com/v2/projects/thevisamanager-bea80/locations/us-central1/operations/operation-1771583086810-64b3ed49453cf-7b8f9fa4-e210dcf9 {"name":"projects/thevisamanager-bea80/locations/us-central1/operations/operation-1771583086810-64b3ed49453cf-7b8f9fa4-e210dcf9","metadata":{"@type":"type.googleapis.com/google.cloud.functions.v2.OperationMetadata","createTime":"2026-02-20T10:24:47.624372993Z","target":"projects/thevisamanager-bea80/locations/us-central1/functions/extractTextFromImage","verb":"update","cancelRequested":false,"apiVersion":"v2","requestResource":{"@type":"type.googleapis.com/google.cloud.functions.v2.Function","name":"projects/thevisamanager-bea80/locations/us-central1/functions/extractTextFromImage","buildConfig":{"runtime":"nodejs20","entryPoint":"extractTextFromImage","source":{"storageSource":{"bucket":"gcf-v2-sources-973458787565-us-central1","object":"extractTextFromImage/function-source.zip","generation":"1771583087580264"}},"environmentVariables":{"GOOGLE_NODE_RUN_SCRIPTS":""},"dockerRepository":"projects/thevisamanager-bea80/locations/us-central1/repositories/gcf-artifacts","sourceProvenance":{"resolvedStorageSource":{"bucket":"gcf-v2-sources-973458787565-us-central1","object":"extractTextFromImage/function-source.zip","generation":"1770621006510739"}},"dockerRegistry":"ARTIFACT_REGISTRY","sourceToken":"Cldwcm9qZWN0cy85NzM0NTg3ODc1NjUvbG9jYXRpb25zL3VzLWNlbnRyYWwxL2J1aWxkcy9iZTcyNjRmMC04ZjEwLTRlNjEtYjlkYy1mYTVjN2NjZGNjOGQSf3VzLWNlbnRyYWwxLWRvY2tlci5wa2cuZGV2L3RoZXZpc2FtYW5hZ2VyLWJlYTgwL2djZi1hcnRpZmFjdHMvdGhldmlzYW1hbmFnZXItLWJlYTgwX191cy0tY2VudHJhbDFfX2dldF9nb29nbGVfcmV2aWV3czp2ZXJzaW9uXzEY7ZmptaocIk5wcm9qZWN0cy90aGV2aXNhbWFuYWdlci1iZWE4MC9sb2NhdGlvbnMvdXMtY2VudHJhbDEvZnVuY3Rpb25zL2dldEdvb2dsZVJldmlld3MqCwjt7ODMBhCA17YOMghub2RlanMyMDp2CiNnY3IuaW8vZ2FlLXJ1bnRpbWVzL25vZGVqczIwOnN0YWJsZRJPdXMtY2VudHJhbDEtZG9ja2VyLnBrZy5kZXYvc2VydmVybGVzcy1ydW50aW1lcy9nb29nbGUtMjItZnVsbC9ydW50aW1lcy9ub2RlanMyMEAB","serviceAccount":"projects/thevisamanager-bea80/serviceAccounts/973458787565-compute@developer.gserviceaccount.com","automaticUpdatePolicy":{}},"serviceConfig":{"service":"projects/thevisamanager-bea80/locations/us-central1/services/extracttextfromimage","timeoutSeconds":60,"environmentVariables":{"FIREBASE_CONFIG":"{\"projectId\":\"thevisamanager-bea80\",\"storageBucket\":\"thevisamanager-bea80.firebasestorage.app\"}","GCLOUD_PROJECT":"thevisamanager-bea80","EVENTARC_CLOUD_EVENT_SOURCE":"projects/thevisamanager-bea80/locations/us-central1/services/extractTextFromImage","FUNCTION_TARGET":"extractTextFromImage","LOG_EXECUTION_ID":"true","FUNCTION_SIGNATURE_TYPE":"http"},"ingressSettings":"ALLOW_ALL","uri":"https://extracttextfromimage-fdkefcllsq-uc.a.run.app","serviceAccountEmail":"973458787565-compute@developer.gserviceaccount.com","availableMemory":"256Mi","allTrafficOnLatestRevision":true,"secretEnvironmentVariables":[{"key":"VISION_API_KEY","projectId":"thevisamanager-bea80","secret":"VISION_API_KEY","version":"1"}],"revision":"extracttextfromimage-00025-yuy","maxInstanceRequestConcurrency":80,"availableCpu":"1"},"state":"ACTIVE","labels":{"deployment-tool":"cli-firebase","deployment-callable":"true","firebase-functions-hash":"6aa1c31b5d9894d6fa6cd089d652242d9ed3c40f"},"environment":"GEN_2","url":"https://us-central1-thevisamanager-bea80.cloudfunctions.net/extractTextFromImage","satisfiesPzi":true},"stages":[{"name":"BUILD","message":"Reusing build","state":"COMPLETE","resource":"projects/973458787565/locations/us-central1/builds/be7264f0-8f10-4e61-b9dc-fa5c7ccdcc8d","stateMessages":[{"severity":"WARNING","type":"BuildAnalysisWarning","message":"Node.js 20 is no longer supported by the Node.js community as of 30 April, 2026. Node.js 20 will be deprecated on 2026-04-30. We recommend you to upgrade to the latest version of Node.js as soon as possible."}]},{"name":"SERVICE","message":"Updating Cloud Run service","state":"IN_PROGRESS","resource":"projects/thevisamanager-bea80/locations/us-central1/services/extracttextfromimage","resourceUri":"https://console.cloud.google.com/run/detail/us-central1/extracttextfromimage?project=thevisamanager-bea80","stateMessages":[{"severity":"INFO","type":"CloudRunServiceNewRevisionTrafficInfo","message":"A new revision will be deployed serving with 100% traffic."}]}],"sourceToken":"Cldwcm9qZWN0cy85NzM0NTg3ODc1NjUvbG9jYXRpb25zL3VzLWNlbnRyYWwxL2J1aWxkcy9iZTcyNjRmMC04ZjEwLTRlNjEtYjlkYy1mYTVjN2NjZGNjOGQSf3VzLWNlbnRyYWwxLWRvY2tlci5wa2cuZGV2L3RoZXZpc2FtYW5hZ2VyLWJlYTgwL2djZi1hcnRpZmFjdHMvdGhldmlzYW1hbmFnZXItLWJlYTgwX191cy0tY2VudHJhbDFfX2dldF9nb29nbGVfcmV2aWV3czp2ZXJzaW9uXzEY7ZmptaocIk5wcm9qZWN0cy90aGV2aXNhbWFuYWdlci1iZWE4MC9sb2NhdGlvbnMvdXMtY2VudHJhbDEvZnVuY3Rpb25zL2dldEdvb2dsZVJldmlld3MqCwjt7ODMBhCA17YOMghub2RlanMyMDp2CiNnY3IuaW8vZ2FlLXJ1bnRpbWVzL25vZGVqczIwOnN0YWJsZRJPdXMtY2VudHJhbDEtZG9ja2VyLnBrZy5kZXYvc2VydmVybGVzcy1ydW50aW1lcy9nb29nbGUtMjItZnVsbC9ydW50aW1lcy9ub2RlanMyMEAB","operationType":"UPDATE_FUNCTION","buildName":"projects/973458787565/locations/us-central1/builds/be7264f0-8f10-4e61-b9dc-fa5c7ccdcc8d"},"done":false}
[debug] [2026-02-20T10:24:53.262Z] Got source token Cldwcm9qZWN0cy85NzM0NTg3ODc1NjUvbG9jYXRpb25zL3VzLWNlbnRyYWwxL2J1aWxkcy9iZTcyNjRmMC04ZjEwLTRlNjEtYjlkYy1mYTVjN2NjZGNjOGQSf3VzLWNlbnRyYWwxLWRvY2tlci5wa2cuZGV2L3RoZXZpc2FtYW5hZ2VyLWJlYTgwL2djZi1hcnRpZmFjdHMvdGhldmlzYW1hbmFnZXItLWJlYTgwX191cy0tY2VudHJhbDFfX2dldF9nb29nbGVfcmV2aWV3czp2ZXJzaW9uXzEY7ZmptaocIk5wcm9qZWN0cy90aGV2aXNhbWFuYWdlci1iZWE4MC9sb2NhdGlvbnMvdXMtY2VudHJhbDEvZnVuY3Rpb25zL2dldEdvb2dsZVJldmlld3MqCwjt7ODMBhCA17YOMghub2RlanMyMDp2CiNnY3IuaW8vZ2FlLXJ1bnRpbWVzL25vZGVqczIwOnN0YWJsZRJPdXMtY2VudHJhbDEtZG9ja2VyLnBrZy5kZXYvc2VydmVybGVzcy1ydW50aW1lcy9nb29nbGUtMjItZnVsbC9ydW50aW1lcy9ub2RlanMyMEAB for region us-central1
[debug] [2026-02-20T10:24:53.734Z] [update-default-us-central1-api] Retrying task index 0
[debug] [2026-02-20T10:24:53.735Z] Checked if tokens are valid: true, expires at: 1771585909769
[debug] [2026-02-20T10:24:53.735Z] Checked if tokens are valid: true, expires at: 1771585909769
[debug] [2026-02-20T10:24:53.735Z] >>> [apiv2][query] GET https://cloudfunctions.googleapis.com/v2/projects/thevisamanager-bea80/locations/us-central1/operations/operation-1771583087317-64b3ed49c1066-6f831152-856a71c2 [none]
[debug] [2026-02-20T10:24:53.847Z] [update-default-us-central1-generateInvoice] Retrying task index 0
[debug] [2026-02-20T10:24:53.847Z] Checked if tokens are valid: true, expires at: 1771585909769
[debug] [2026-02-20T10:24:53.847Z] Checked if tokens are valid: true, expires at: 1771585909769
[debug] [2026-02-20T10:24:53.848Z] >>> [apiv2][query] GET https://cloudfunctions.googleapis.com/v2/projects/thevisamanager-bea80/locations/us-central1/operations/operation-1771583086574-64b3ed490bb0e-a789a0fc-71d68833 [none]
[debug] [2026-02-20T10:24:55.103Z] <<< [apiv2][status] GET https://cloudfunctions.googleapis.com/v2/projects/thevisamanager-bea80/locations/us-central1/operations/operation-1771583087317-64b3ed49c1066-6f831152-856a71c2 200
[debug] [2026-02-20T10:24:55.104Z] <<< [apiv2][body] GET https://cloudfunctions.googleapis.com/v2/projects/thevisamanager-bea80/locations/us-central1/operations/operation-1771583087317-64b3ed49c1066-6f831152-856a71c2 {"name":"projects/thevisamanager-bea80/locations/us-central1/operations/operation-1771583087317-64b3ed49c1066-6f831152-856a71c2","metadata":{"@type":"type.googleapis.com/google.cloud.functions.v2.OperationMetadata","createTime":"2026-02-20T10:24:47.995566293Z","target":"projects/thevisamanager-bea80/locations/us-central1/functions/api","verb":"update","cancelRequested":false,"apiVersion":"v2","requestResource":{"@type":"type.googleapis.com/google.cloud.functions.v2.Function","name":"projects/thevisamanager-bea80/locations/us-central1/functions/api","buildConfig":{"runtime":"nodejs20","entryPoint":"api","source":{"storageSource":{"bucket":"gcf-v2-sources-973458787565-us-central1","object":"api/function-source.zip","generation":"1771583087952705"}},"environmentVariables":{"GOOGLE_NODE_RUN_SCRIPTS":""},"dockerRepository":"projects/thevisamanager-bea80/locations/us-central1/repositories/gcf-artifacts","sourceProvenance":{"resolvedStorageSource":{"bucket":"gcf-v2-sources-973458787565-us-central1","object":"api/function-source.zip","generation":"1771506316383213"}},"dockerRegistry":"ARTIFACT_REGISTRY","sourceToken":"Cldwcm9qZWN0cy85NzM0NTg3ODc1NjUvbG9jYXRpb25zL3VzLWNlbnRyYWwxL2J1aWxkcy9iZTcyNjRmMC04ZjEwLTRlNjEtYjlkYy1mYTVjN2NjZGNjOGQSf3VzLWNlbnRyYWwxLWRvY2tlci5wa2cuZGV2L3RoZXZpc2FtYW5hZ2VyLWJlYTgwL2djZi1hcnRpZmFjdHMvdGhldmlzYW1hbmFnZXItLWJlYTgwX191cy0tY2VudHJhbDFfX2dldF9nb29nbGVfcmV2aWV3czp2ZXJzaW9uXzEY7ZmptaocIk5wcm9qZWN0cy90aGV2aXNhbWFuYWdlci1iZWE4MC9sb2NhdGlvbnMvdXMtY2VudHJhbDEvZnVuY3Rpb25zL2dldEdvb2dsZVJldmlld3MqCwjt7ODMBhCA17YOMghub2RlanMyMDp2CiNnY3IuaW8vZ2FlLXJ1bnRpbWVzL25vZGVqczIwOnN0YWJsZRJPdXMtY2VudHJhbDEtZG9ja2VyLnBrZy5kZXYvc2VydmVybGVzcy1ydW50aW1lcy9nb29nbGUtMjItZnVsbC9ydW50aW1lcy9ub2RlanMyMEAB","serviceAccount":"projects/thevisamanager-bea80/serviceAccounts/973458787565-compute@developer.gserviceaccount.com","automaticUpdatePolicy":{}},"serviceConfig":{"service":"projects/thevisamanager-bea80/locations/us-central1/services/api","timeoutSeconds":60,"environmentVariables":{"FIREBASE_CONFIG":"{\"projectId\":\"thevisamanager-bea80\",\"storageBucket\":\"thevisamanager-bea80.firebasestorage.app\"}","GCLOUD_PROJECT":"thevisamanager-bea80","EVENTARC_CLOUD_EVENT_SOURCE":"projects/thevisamanager-bea80/locations/us-central1/services/api","FUNCTION_TARGET":"api","LOG_EXECUTION_ID":"true","FUNCTION_SIGNATURE_TYPE":"http"},"ingressSettings":"ALLOW_ALL","uri":"https://api-fdkefcllsq-uc.a.run.app","serviceAccountEmail":"973458787565-compute@developer.gserviceaccount.com","availableMemory":"256Mi","allTrafficOnLatestRevision":true,"secretEnvironmentVariables":[{"key":"RAZORPAY_KEY_ID","projectId":"thevisamanager-bea80","secret":"RAZORPAY_KEY_ID","version":"13"},{"key":"RAZORPAY_KEY_SECRET","projectId":"thevisamanager-bea80","secret":"RAZORPAY_KEY_SECRET","version":"14"}],"revision":"api-00014-ruh","maxInstanceRequestConcurrency":80,"availableCpu":"1"},"state":"ACTIVE","labels":{"deployment-tool":"cli-firebase","firebase-functions-hash":"3be6f66445462f7a4f52be17e2686a758ca186b1"},"environment":"GEN_2","url":"https://us-central1-thevisamanager-bea80.cloudfunctions.net/api","satisfiesPzi":true},"stages":[{"name":"BUILD","message":"Reusing build","state":"COMPLETE","resource":"projects/973458787565/locations/us-central1/builds/be7264f0-8f10-4e61-b9dc-fa5c7ccdcc8d","stateMessages":[{"severity":"WARNING","type":"BuildAnalysisWarning","message":"Node.js 20 is no longer supported by the Node.js community as of 30 April, 2026. Node.js 20 will be deprecated on 2026-04-30. We recommend you to upgrade to the latest version of Node.js as soon as possible."}]},{"name":"SERVICE","message":"Updating Cloud Run service","state":"IN_PROGRESS","resource":"projects/thevisamanager-bea80/locations/us-central1/services/api","resourceUri":"https://console.cloud.google.com/run/detail/us-central1/api?project=thevisamanager-bea80","stateMessages":[{"severity":"INFO","type":"CloudRunServiceNewRevisionTrafficInfo","message":"A new revision will be deployed serving with 100% traffic."}]}],"sourceToken":"Cldwcm9qZWN0cy85NzM0NTg3ODc1NjUvbG9jYXRpb25zL3VzLWNlbnRyYWwxL2J1aWxkcy9iZTcyNjRmMC04ZjEwLTRlNjEtYjlkYy1mYTVjN2NjZGNjOGQSf3VzLWNlbnRyYWwxLWRvY2tlci5wa2cuZGV2L3RoZXZpc2FtYW5hZ2VyLWJlYTgwL2djZi1hcnRpZmFjdHMvdGhldmlzYW1hbmFnZXItLWJlYTgwX191cy0tY2VudHJhbDFfX2dldF9nb29nbGVfcmV2aWV3czp2ZXJzaW9uXzEY7ZmptaocIk5wcm9qZWN0cy90aGV2aXNhbWFuYWdlci1iZWE4MC9sb2NhdGlvbnMvdXMtY2VudHJhbDEvZnVuY3Rpb25zL2dldEdvb2dsZVJldmlld3MqCwjt7ODMBhCA17YOMghub2RlanMyMDp2CiNnY3IuaW8vZ2FlLXJ1bnRpbWVzL25vZGVqczIwOnN0YWJsZRJPdXMtY2VudHJhbDEtZG9ja2VyLnBrZy5kZXYvc2VydmVybGVzcy1ydW50aW1lcy9nb29nbGUtMjItZnVsbC9ydW50aW1lcy9ub2RlanMyMEAB","operationType":"UPDATE_FUNCTION","buildName":"projects/973458787565/locations/us-central1/builds/be7264f0-8f10-4e61-b9dc-fa5c7ccdcc8d"},"done":false}
[debug] [2026-02-20T10:24:55.104Z] Got source token Cldwcm9qZWN0cy85NzM0NTg3ODc1NjUvbG9jYXRpb25zL3VzLWNlbnRyYWwxL2J1aWxkcy9iZTcyNjRmMC04ZjEwLTRlNjEtYjlkYy1mYTVjN2NjZGNjOGQSf3VzLWNlbnRyYWwxLWRvY2tlci5wa2cuZGV2L3RoZXZpc2FtYW5hZ2VyLWJlYTgwL2djZi1hcnRpZmFjdHMvdGhldmlzYW1hbmFnZXItLWJlYTgwX191cy0tY2VudHJhbDFfX2dldF9nb29nbGVfcmV2aWV3czp2ZXJzaW9uXzEY7ZmptaocIk5wcm9qZWN0cy90aGV2aXNhbWFuYWdlci1iZWE4MC9sb2NhdGlvbnMvdXMtY2VudHJhbDEvZnVuY3Rpb25zL2dldEdvb2dsZVJldmlld3MqCwjt7ODMBhCA17YOMghub2RlanMyMDp2CiNnY3IuaW8vZ2FlLXJ1bnRpbWVzL25vZGVqczIwOnN0YWJsZRJPdXMtY2VudHJhbDEtZG9ja2VyLnBrZy5kZXYvc2VydmVybGVzcy1ydW50aW1lcy9nb29nbGUtMjItZnVsbC9ydW50aW1lcy9ub2RlanMyMEAB for region us-central1
[debug] [2026-02-20T10:24:55.123Z] <<< [apiv2][status] GET https://cloudfunctions.googleapis.com/v2/projects/thevisamanager-bea80/locations/us-central1/operations/operation-1771583086574-64b3ed490bb0e-a789a0fc-71d68833 200
[debug] [2026-02-20T10:24:55.123Z] <<< [apiv2][body] GET https://cloudfunctions.googleapis.com/v2/projects/thevisamanager-bea80/locations/us-central1/operations/operation-1771583086574-64b3ed490bb0e-a789a0fc-71d68833 {"name":"projects/thevisamanager-bea80/locations/us-central1/operations/operation-1771583086574-64b3ed490bb0e-a789a0fc-71d68833","metadata":{"@type":"type.googleapis.com/google.cloud.functions.v2.OperationMetadata","createTime":"2026-02-20T10:24:47.271709039Z","target":"projects/thevisamanager-bea80/locations/us-central1/functions/generateInvoice","verb":"update","cancelRequested":false,"apiVersion":"v2","requestResource":{"@type":"type.googleapis.com/google.cloud.functions.v2.Function","name":"projects/thevisamanager-bea80/locations/us-central1/functions/generateInvoice","buildConfig":{"runtime":"nodejs20","entryPoint":"generateInvoice","source":{"storageSource":{"bucket":"gcf-v2-sources-973458787565-us-central1","object":"generateInvoice/function-source.zip","generation":"1771583087229665"}},"environmentVariables":{"GOOGLE_NODE_RUN_SCRIPTS":""},"dockerRepository":"projects/thevisamanager-bea80/locations/us-central1/repositories/gcf-artifacts","sourceProvenance":{"resolvedStorageSource":{"bucket":"gcf-v2-sources-973458787565-us-central1","object":"generateInvoice/function-source.zip","generation":"1771506316885853"}},"dockerRegistry":"ARTIFACT_REGISTRY","sourceToken":"Cldwcm9qZWN0cy85NzM0NTg3ODc1NjUvbG9jYXRpb25zL3VzLWNlbnRyYWwxL2J1aWxkcy9iZTcyNjRmMC04ZjEwLTRlNjEtYjlkYy1mYTVjN2NjZGNjOGQSf3VzLWNlbnRyYWwxLWRvY2tlci5wa2cuZGV2L3RoZXZpc2FtYW5hZ2VyLWJlYTgwL2djZi1hcnRpZmFjdHMvdGhldmlzYW1hbmFnZXItLWJlYTgwX191cy0tY2VudHJhbDFfX2dldF9nb29nbGVfcmV2aWV3czp2ZXJzaW9uXzEY7ZmptaocIk5wcm9qZWN0cy90aGV2aXNhbWFuYWdlci1iZWE4MC9sb2NhdGlvbnMvdXMtY2VudHJhbDEvZnVuY3Rpb25zL2dldEdvb2dsZVJldmlld3MqCwjt7ODMBhCA17YOMghub2RlanMyMDp2CiNnY3IuaW8vZ2FlLXJ1bnRpbWVzL25vZGVqczIwOnN0YWJsZRJPdXMtY2VudHJhbDEtZG9ja2VyLnBrZy5kZXYvc2VydmVybGVzcy1ydW50aW1lcy9nb29nbGUtMjItZnVsbC9ydW50aW1lcy9ub2RlanMyMEAB","serviceAccount":"projects/thevisamanager-bea80/serviceAccounts/973458787565-compute@developer.gserviceaccount.com","automaticUpdatePolicy":{}},"serviceConfig":{"service":"projects/thevisamanager-bea80/locations/us-central1/services/generateinvoice","timeoutSeconds":60,"environmentVariables":{"FIREBASE_CONFIG":"{\"projectId\":\"thevisamanager-bea80\",\"storageBucket\":\"thevisamanager-bea80.firebasestorage.app\"}","GCLOUD_PROJECT":"thevisamanager-bea80","EVENTARC_CLOUD_EVENT_SOURCE":"projects/thevisamanager-bea80/locations/us-central1/services/generateInvoice","FUNCTION_TARGET":"generateInvoice","LOG_EXECUTION_ID":"true","FUNCTION_SIGNATURE_TYPE":"http"},"ingressSettings":"ALLOW_ALL","uri":"https://generateinvoice-fdkefcllsq-uc.a.run.app","serviceAccountEmail":"973458787565-compute@developer.gserviceaccount.com","availableMemory":"256Mi","allTrafficOnLatestRevision":true,"secretEnvironmentVariables":[{"key":"RAZORPAY_KEY_ID","projectId":"thevisamanager-bea80","secret":"RAZORPAY_KEY_ID","version":"13"},{"key":"RAZORPAY_KEY_SECRET","projectId":"thevisamanager-bea80","secret":"RAZORPAY_KEY_SECRET","version":"14"}],"revision":"generateinvoice-00118-nag","maxInstanceRequestConcurrency":80,"availableCpu":"1"},"state":"ACTIVE","labels":{"deployment-tool":"cli-firebase","deployment-callable":"true","firebase-functions-hash":"3be6f66445462f7a4f52be17e2686a758ca186b1"},"environment":"GEN_2","url":"https://us-central1-thevisamanager-bea80.cloudfunctions.net/generateInvoice","satisfiesPzi":true},"stages":[{"name":"BUILD","message":"Reusing build","state":"COMPLETE","resource":"projects/973458787565/locations/us-central1/builds/be7264f0-8f10-4e61-b9dc-fa5c7ccdcc8d","stateMessages":[{"severity":"WARNING","type":"BuildAnalysisWarning","message":"Node.js 20 is no longer supported by the Node.js community as of 30 April, 2026. Node.js 20 will be deprecated on 2026-04-30. We recommend you to upgrade to the latest version of Node.js as soon as possible."}]},{"name":"SERVICE","message":"Updating Cloud Run service","state":"IN_PROGRESS","resource":"projects/thevisamanager-bea80/locations/us-central1/services/generateinvoice","resourceUri":"https://console.cloud.google.com/run/detail/us-central1/generateinvoice?project=thevisamanager-bea80","stateMessages":[{"severity":"INFO","type":"CloudRunServiceNewRevisionTrafficInfo","message":"A new revision will be deployed serving with 100% traffic."}]}],"sourceToken":"Cldwcm9qZWN0cy85NzM0NTg3ODc1NjUvbG9jYXRpb25zL3VzLWNlbnRyYWwxL2J1aWxkcy9iZTcyNjRmMC04ZjEwLTRlNjEtYjlkYy1mYTVjN2NjZGNjOGQSf3VzLWNlbnRyYWwxLWRvY2tlci5wa2cuZGV2L3RoZXZpc2FtYW5hZ2VyLWJlYTgwL2djZi1hcnRpZmFjdHMvdGhldmlzYW1hbmFnZXItLWJlYTgwX191cy0tY2VudHJhbDFfX2dldF9nb29nbGVfcmV2aWV3czp2ZXJzaW9uXzEY7ZmptaocIk5wcm9qZWN0cy90aGV2aXNhbWFuYWdlci1iZWE4MC9sb2NhdGlvbnMvdXMtY2VudHJhbDEvZnVuY3Rpb25zL2dldEdvb2dsZVJldmlld3MqCwjt7ODMBhCA17YOMghub2RlanMyMDp2CiNnY3IuaW8vZ2FlLXJ1bnRpbWVzL25vZGVqczIwOnN0YWJsZRJPdXMtY2VudHJhbDEtZG9ja2VyLnBrZy5kZXYvc2VydmVybGVzcy1ydW50aW1lcy9nb29nbGUtMjItZnVsbC9ydW50aW1lcy9ub2RlanMyMEAB","operationType":"UPDATE_FUNCTION","buildName":"projects/973458787565/locations/us-central1/builds/be7264f0-8f10-4e61-b9dc-fa5c7ccdcc8d"},"done":false}
[debug] [2026-02-20T10:24:55.123Z] Got source token Cldwcm9qZWN0cy85NzM0NTg3ODc1NjUvbG9jYXRpb25zL3VzLWNlbnRyYWwxL2J1aWxkcy9iZTcyNjRmMC04ZjEwLTRlNjEtYjlkYy1mYTVjN2NjZGNjOGQSf3VzLWNlbnRyYWwxLWRvY2tlci5wa2cuZGV2L3RoZXZpc2FtYW5hZ2VyLWJlYTgwL2djZi1hcnRpZmFjdHMvdGhldmlzYW1hbmFnZXItLWJlYTgwX191cy0tY2VudHJhbDFfX2dldF9nb29nbGVfcmV2aWV3czp2ZXJzaW9uXzEY7ZmptaocIk5wcm9qZWN0cy90aGV2aXNhbWFuYWdlci1iZWE4MC9sb2NhdGlvbnMvdXMtY2VudHJhbDEvZnVuY3Rpb25zL2dldEdvb2dsZVJldmlld3MqCwjt7ODMBhCA17YOMghub2RlanMyMDp2CiNnY3IuaW8vZ2FlLXJ1bnRpbWVzL25vZGVqczIwOnN0YWJsZRJPdXMtY2VudHJhbDEtZG9ja2VyLnBrZy5kZXYvc2VydmVybGVzcy1ydW50aW1lcy9nb29nbGUtMjItZnVsbC9ydW50aW1lcy9ub2RlanMyMEAB for region us-central1
[debug] [2026-02-20T10:24:55.270Z] [update-default-us-central1-extractTextFromImage] Retrying task index 0
[debug] [2026-02-20T10:24:55.271Z] Checked if tokens are valid: true, expires at: 1771585909769
[debug] [2026-02-20T10:24:55.271Z] Checked if tokens are valid: true, expires at: 1771585909769
[debug] [2026-02-20T10:24:55.271Z] >>> [apiv2][query] GET https://cloudfunctions.googleapis.com/v2/projects/thevisamanager-bea80/locations/us-central1/operations/operation-1771583086810-64b3ed49453cf-7b8f9fa4-e210dcf9 [none]
[debug] [2026-02-20T10:24:55.285Z] [update-default-us-central1-getGoogleReviews] Retrying task index 0
[debug] [2026-02-20T10:24:55.286Z] Checked if tokens are valid: true, expires at: 1771585909769
[debug] [2026-02-20T10:24:55.286Z] Checked if tokens are valid: true, expires at: 1771585909769
[debug] [2026-02-20T10:24:55.286Z] >>> [apiv2][query] GET https://cloudfunctions.googleapis.com/v2/projects/thevisamanager-bea80/locations/us-central1/operations/operation-1771583037078-64b3ed19d7ac3-8430cd1d-10e2b539 [none]
[debug] [2026-02-20T10:24:56.642Z] <<< [apiv2][status] GET https://cloudfunctions.googleapis.com/v2/projects/thevisamanager-bea80/locations/us-central1/operations/operation-1771583037078-64b3ed19d7ac3-8430cd1d-10e2b539 200
[debug] [2026-02-20T10:24:56.643Z] <<< [apiv2][body] GET https://cloudfunctions.googleapis.com/v2/projects/thevisamanager-bea80/locations/us-central1/operations/operation-1771583037078-64b3ed19d7ac3-8430cd1d-10e2b539 {"name":"projects/thevisamanager-bea80/locations/us-central1/operations/operation-1771583037078-64b3ed19d7ac3-8430cd1d-10e2b539","metadata":{"@type":"type.googleapis.com/google.cloud.functions.v2.OperationMetadata","createTime":"2026-02-20T10:23:57.950202037Z","target":"projects/thevisamanager-bea80/locations/us-central1/functions/getGoogleReviews","verb":"update","cancelRequested":false,"apiVersion":"v2","requestResource":{"@type":"type.googleapis.com/google.cloud.functions.v2.Function","name":"projects/thevisamanager-bea80/locations/us-central1/functions/getGoogleReviews","buildConfig":{"runtime":"nodejs20","entryPoint":"getGoogleReviews","source":{"storageSource":{"bucket":"gcf-v2-sources-973458787565-us-central1","object":"getGoogleReviews/function-source.zip","generation":"1771583037909598"}},"environmentVariables":{"GOOGLE_NODE_RUN_SCRIPTS":""},"dockerRepository":"projects/thevisamanager-bea80/locations/us-central1/repositories/gcf-artifacts","sourceProvenance":{"resolvedStorageSource":{"bucket":"gcf-v2-sources-973458787565-us-central1","object":"getGoogleReviews/function-source.zip","generation":"1770620936138804"}},"dockerRegistry":"ARTIFACT_REGISTRY","serviceAccount":"projects/thevisamanager-bea80/serviceAccounts/973458787565-compute@developer.gserviceaccount.com","automaticUpdatePolicy":{}},"serviceConfig":{"service":"projects/thevisamanager-bea80/locations/us-central1/services/getgooglereviews","timeoutSeconds":60,"environmentVariables":{"FIREBASE_CONFIG":"{\"projectId\":\"thevisamanager-bea80\",\"storageBucket\":\"thevisamanager-bea80.firebasestorage.app\"}","GCLOUD_PROJECT":"thevisamanager-bea80","EVENTARC_CLOUD_EVENT_SOURCE":"projects/thevisamanager-bea80/locations/us-central1/services/getGoogleReviews","FUNCTION_TARGET":"getGoogleReviews","LOG_EXECUTION_ID":"true","FUNCTION_SIGNATURE_TYPE":"http"},"ingressSettings":"ALLOW_ALL","uri":"https://getgooglereviews-fdkefcllsq-uc.a.run.app","serviceAccountEmail":"973458787565-compute@developer.gserviceaccount.com","availableMemory":"256Mi","allTrafficOnLatestRevision":true,"secretEnvironmentVariables":[{"key":"GOOGLE_PLACES_KEY","projectId":"thevisamanager-bea80","secret":"GOOGLE_PLACES_KEY","version":"5"}],"revision":"getgooglereviews-00007-qoz","maxInstanceRequestConcurrency":80,"availableCpu":"1"},"state":"ACTIVE","labels":{"deployment-tool":"cli-firebase","firebase-functions-hash":"327b007ef8f69a9ac7fd4a676c0d9ee91665a95f"},"environment":"GEN_2","url":"https://us-central1-thevisamanager-bea80.cloudfunctions.net/getGoogleReviews","satisfiesPzi":true},"stages":[{"name":"BUILD","message":"Build finished","state":"COMPLETE","resource":"projects/973458787565/locations/us-central1/builds/be7264f0-8f10-4e61-b9dc-fa5c7ccdcc8d","resourceUri":"https://console.cloud.google.com/cloud-build/builds;region=us-central1/be7264f0-8f10-4e61-b9dc-fa5c7ccdcc8d?project=973458787565"},{"name":"SERVICE","message":"Updating Cloud Run service","state":"IN_PROGRESS","resource":"projects/thevisamanager-bea80/locations/us-central1/services/getgooglereviews","resourceUri":"https://console.cloud.google.com/run/detail/us-central1/getgooglereviews?project=thevisamanager-bea80","stateMessages":[{"severity":"INFO","type":"CloudRunServiceNewRevisionTrafficInfo","message":"A new revision will be deployed serving with 100% traffic."}]}],"sourceToken":"Cldwcm9qZWN0cy85NzM0NTg3ODc1NjUvbG9jYXRpb25zL3VzLWNlbnRyYWwxL2J1aWxkcy9iZTcyNjRmMC04ZjEwLTRlNjEtYjlkYy1mYTVjN2NjZGNjOGQSf3VzLWNlbnRyYWwxLWRvY2tlci5wa2cuZGV2L3RoZXZpc2FtYW5hZ2VyLWJlYTgwL2djZi1hcnRpZmFjdHMvdGhldmlzYW1hbmFnZXItLWJlYTgwX191cy0tY2VudHJhbDFfX2dldF9nb29nbGVfcmV2aWV3czp2ZXJzaW9uXzEY7ZmptaocIk5wcm9qZWN0cy90aGV2aXNhbWFuYWdlci1iZWE4MC9sb2NhdGlvbnMvdXMtY2VudHJhbDEvZnVuY3Rpb25zL2dldEdvb2dsZVJldmlld3MqCwjt7ODMBhCA17YOMghub2RlanMyMDp2CiNnY3IuaW8vZ2FlLXJ1bnRpbWVzL25vZGVqczIwOnN0YWJsZRJPdXMtY2VudHJhbDEtZG9ja2VyLnBrZy5kZXYvc2VydmVybGVzcy1ydW50aW1lcy9nb29nbGUtMjItZnVsbC9ydW50aW1lcy9ub2RlanMyMEAB","operationType":"UPDATE_FUNCTION","buildName":"projects/973458787565/locations/us-central1/builds/be7264f0-8f10-4e61-b9dc-fa5c7ccdcc8d"},"done":false}
[debug] [2026-02-20T10:24:56.643Z] Got source token Cldwcm9qZWN0cy85NzM0NTg3ODc1NjUvbG9jYXRpb25zL3VzLWNlbnRyYWwxL2J1aWxkcy9iZTcyNjRmMC04ZjEwLTRlNjEtYjlkYy1mYTVjN2NjZGNjOGQSf3VzLWNlbnRyYWwxLWRvY2tlci5wa2cuZGV2L3RoZXZpc2FtYW5hZ2VyLWJlYTgwL2djZi1hcnRpZmFjdHMvdGhldmlzYW1hbmFnZXItLWJlYTgwX191cy0tY2VudHJhbDFfX2dldF9nb29nbGVfcmV2aWV3czp2ZXJzaW9uXzEY7ZmptaocIk5wcm9qZWN0cy90aGV2aXNhbWFuYWdlci1iZWE4MC9sb2NhdGlvbnMvdXMtY2VudHJhbDEvZnVuY3Rpb25zL2dldEdvb2dsZVJldmlld3MqCwjt7ODMBhCA17YOMghub2RlanMyMDp2CiNnY3IuaW8vZ2FlLXJ1bnRpbWVzL25vZGVqczIwOnN0YWJsZRJPdXMtY2VudHJhbDEtZG9ja2VyLnBrZy5kZXYvc2VydmVybGVzcy1ydW50aW1lcy9nb29nbGUtMjItZnVsbC9ydW50aW1lcy9ub2RlanMyMEAB for region us-central1
[debug] [2026-02-20T10:24:56.741Z] <<< [apiv2][status] GET https://cloudfunctions.googleapis.com/v2/projects/thevisamanager-bea80/locations/us-central1/operations/operation-1771583086810-64b3ed49453cf-7b8f9fa4-e210dcf9 200
[debug] [2026-02-20T10:24:56.742Z] <<< [apiv2][body] GET https://cloudfunctions.googleapis.com/v2/projects/thevisamanager-bea80/locations/us-central1/operations/operation-1771583086810-64b3ed49453cf-7b8f9fa4-e210dcf9 {"name":"projects/thevisamanager-bea80/locations/us-central1/operations/operation-1771583086810-64b3ed49453cf-7b8f9fa4-e210dcf9","metadata":{"@type":"type.googleapis.com/google.cloud.functions.v2.OperationMetadata","createTime":"2026-02-20T10:24:47.624372993Z","target":"projects/thevisamanager-bea80/locations/us-central1/functions/extractTextFromImage","verb":"update","cancelRequested":false,"apiVersion":"v2","requestResource":{"@type":"type.googleapis.com/google.cloud.functions.v2.Function","name":"projects/thevisamanager-bea80/locations/us-central1/functions/extractTextFromImage","buildConfig":{"runtime":"nodejs20","entryPoint":"extractTextFromImage","source":{"storageSource":{"bucket":"gcf-v2-sources-973458787565-us-central1","object":"extractTextFromImage/function-source.zip","generation":"1771583087580264"}},"environmentVariables":{"GOOGLE_NODE_RUN_SCRIPTS":""},"dockerRepository":"projects/thevisamanager-bea80/locations/us-central1/repositories/gcf-artifacts","sourceProvenance":{"resolvedStorageSource":{"bucket":"gcf-v2-sources-973458787565-us-central1","object":"extractTextFromImage/function-source.zip","generation":"1770621006510739"}},"dockerRegistry":"ARTIFACT_REGISTRY","sourceToken":"Cldwcm9qZWN0cy85NzM0NTg3ODc1NjUvbG9jYXRpb25zL3VzLWNlbnRyYWwxL2J1aWxkcy9iZTcyNjRmMC04ZjEwLTRlNjEtYjlkYy1mYTVjN2NjZGNjOGQSf3VzLWNlbnRyYWwxLWRvY2tlci5wa2cuZGV2L3RoZXZpc2FtYW5hZ2VyLWJlYTgwL2djZi1hcnRpZmFjdHMvdGhldmlzYW1hbmFnZXItLWJlYTgwX191cy0tY2VudHJhbDFfX2dldF9nb29nbGVfcmV2aWV3czp2ZXJzaW9uXzEY7ZmptaocIk5wcm9qZWN0cy90aGV2aXNhbWFuYWdlci1iZWE4MC9sb2NhdGlvbnMvdXMtY2VudHJhbDEvZnVuY3Rpb25zL2dldEdvb2dsZVJldmlld3MqCwjt7ODMBhCA17YOMghub2RlanMyMDp2CiNnY3IuaW8vZ2FlLXJ1bnRpbWVzL25vZGVqczIwOnN0YWJsZRJPdXMtY2VudHJhbDEtZG9ja2VyLnBrZy5kZXYvc2VydmVybGVzcy1ydW50aW1lcy9nb29nbGUtMjItZnVsbC9ydW50aW1lcy9ub2RlanMyMEAB","serviceAccount":"projects/thevisamanager-bea80/serviceAccounts/973458787565-compute@developer.gserviceaccount.com","automaticUpdatePolicy":{}},"serviceConfig":{"service":"projects/thevisamanager-bea80/locations/us-central1/services/extracttextfromimage","timeoutSeconds":60,"environmentVariables":{"FIREBASE_CONFIG":"{\"projectId\":\"thevisamanager-bea80\",\"storageBucket\":\"thevisamanager-bea80.firebasestorage.app\"}","GCLOUD_PROJECT":"thevisamanager-bea80","EVENTARC_CLOUD_EVENT_SOURCE":"projects/thevisamanager-bea80/locations/us-central1/services/extractTextFromImage","FUNCTION_TARGET":"extractTextFromImage","LOG_EXECUTION_ID":"true","FUNCTION_SIGNATURE_TYPE":"http"},"ingressSettings":"ALLOW_ALL","uri":"https://extracttextfromimage-fdkefcllsq-uc.a.run.app","serviceAccountEmail":"973458787565-compute@developer.gserviceaccount.com","availableMemory":"256Mi","allTrafficOnLatestRevision":true,"secretEnvironmentVariables":[{"key":"VISION_API_KEY","projectId":"thevisamanager-bea80","secret":"VISION_API_KEY","version":"1"}],"revision":"extracttextfromimage-00025-yuy","maxInstanceRequestConcurrency":80,"availableCpu":"1"},"state":"ACTIVE","labels":{"deployment-tool":"cli-firebase","deployment-callable":"true","firebase-functions-hash":"6aa1c31b5d9894d6fa6cd089d652242d9ed3c40f"},"environment":"GEN_2","url":"https://us-central1-thevisamanager-bea80.cloudfunctions.net/extractTextFromImage","satisfiesPzi":true},"stages":[{"name":"BUILD","message":"Reusing build","state":"COMPLETE","resource":"projects/973458787565/locations/us-central1/builds/be7264f0-8f10-4e61-b9dc-fa5c7ccdcc8d","stateMessages":[{"severity":"WARNING","type":"BuildAnalysisWarning","message":"Node.js 20 is no longer supported by the Node.js community as of 30 April, 2026. Node.js 20 will be deprecated on 2026-04-30. We recommend you to upgrade to the latest version of Node.js as soon as possible."}]},{"name":"SERVICE","message":"Updating Cloud Run service","state":"IN_PROGRESS","resource":"projects/thevisamanager-bea80/locations/us-central1/services/extracttextfromimage","resourceUri":"https://console.cloud.google.com/run/detail/us-central1/extracttextfromimage?project=thevisamanager-bea80","stateMessages":[{"severity":"INFO","type":"CloudRunServiceNewRevisionTrafficInfo","message":"A new revision will be deployed serving with 100% traffic."}]}],"sourceToken":"Cldwcm9qZWN0cy85NzM0NTg3ODc1NjUvbG9jYXRpb25zL3VzLWNlbnRyYWwxL2J1aWxkcy9iZTcyNjRmMC04ZjEwLTRlNjEtYjlkYy1mYTVjN2NjZGNjOGQSf3VzLWNlbnRyYWwxLWRvY2tlci5wa2cuZGV2L3RoZXZpc2FtYW5hZ2VyLWJlYTgwL2djZi1hcnRpZmFjdHMvdGhldmlzYW1hbmFnZXItLWJlYTgwX191cy0tY2VudHJhbDFfX2dldF9nb29nbGVfcmV2aWV3czp2ZXJzaW9uXzEY7ZmptaocIk5wcm9qZWN0cy90aGV2aXNhbWFuYWdlci1iZWE4MC9sb2NhdGlvbnMvdXMtY2VudHJhbDEvZnVuY3Rpb25zL2dldEdvb2dsZVJldmlld3MqCwjt7ODMBhCA17YOMghub2RlanMyMDp2CiNnY3IuaW8vZ2FlLXJ1bnRpbWVzL25vZGVqczIwOnN0YWJsZRJPdXMtY2VudHJhbDEtZG9ja2VyLnBrZy5kZXYvc2VydmVybGVzcy1ydW50aW1lcy9nb29nbGUtMjItZnVsbC9ydW50aW1lcy9ub2RlanMyMEAB","operationType":"UPDATE_FUNCTION","buildName":"projects/973458787565/locations/us-central1/builds/be7264f0-8f10-4e61-b9dc-fa5c7ccdcc8d"},"done":false}
[debug] [2026-02-20T10:24:56.742Z] Got source token Cldwcm9qZWN0cy85NzM0NTg3ODc1NjUvbG9jYXRpb25zL3VzLWNlbnRyYWwxL2J1aWxkcy9iZTcyNjRmMC04ZjEwLTRlNjEtYjlkYy1mYTVjN2NjZGNjOGQSf3VzLWNlbnRyYWwxLWRvY2tlci5wa2cuZGV2L3RoZXZpc2FtYW5hZ2VyLWJlYTgwL2djZi1hcnRpZmFjdHMvdGhldmlzYW1hbmFnZXItLWJlYTgwX191cy0tY2VudHJhbDFfX2dldF9nb29nbGVfcmV2aWV3czp2ZXJzaW9uXzEY7ZmptaocIk5wcm9qZWN0cy90aGV2aXNhbWFuYWdlci1iZWE4MC9sb2NhdGlvbnMvdXMtY2VudHJhbDEvZnVuY3Rpb25zL2dldEdvb2dsZVJldmlld3MqCwjt7ODMBhCA17YOMghub2RlanMyMDp2CiNnY3IuaW8vZ2FlLXJ1bnRpbWVzL25vZGVqczIwOnN0YWJsZRJPdXMtY2VudHJhbDEtZG9ja2VyLnBrZy5kZXYvc2VydmVybGVzcy1ydW50aW1lcy9nb29nbGUtMjItZnVsbC9ydW50aW1lcy9ub2RlanMyMEAB for region us-central1
[debug] [2026-02-20T10:24:57.191Z] [delete-default-us-central1-cleanupUserData] Retrying task index 0
[debug] [2026-02-20T10:24:57.191Z] Checked if tokens are valid: true, expires at: 1771585909769
[debug] [2026-02-20T10:24:57.191Z] Checked if tokens are valid: true, expires at: 1771585909769
[debug] [2026-02-20T10:24:57.191Z] >>> [apiv2][query] GET https://cloudfunctions.googleapis.com/v1/operations/cHJvamVjdHMvdGhldmlzYW1hbmFnZXItYmVhODAvbG9jYXRpb25zL3VzLWNlbnRyYWwxL29wZXJhdGlvbnMvb3BlcmF0aW9uLTE3NzE1ODMwMzY0NTktNjRiM2VkMTk0MGJhNC1iZThhMDc1MS1mMGFjYTYyOA [none]
[debug] [2026-02-20T10:24:57.656Z] <<< [apiv2][status] GET https://cloudfunctions.googleapis.com/v1/operations/cHJvamVjdHMvdGhldmlzYW1hbmFnZXItYmVhODAvbG9jYXRpb25zL3VzLWNlbnRyYWwxL29wZXJhdGlvbnMvb3BlcmF0aW9uLTE3NzE1ODMwMzY0NTktNjRiM2VkMTk0MGJhNC1iZThhMDc1MS1mMGFjYTYyOA 200
[debug] [2026-02-20T10:24:57.656Z] <<< [apiv2][body] GET https://cloudfunctions.googleapis.com/v1/operations/cHJvamVjdHMvdGhldmlzYW1hbmFnZXItYmVhODAvbG9jYXRpb25zL3VzLWNlbnRyYWwxL29wZXJhdGlvbnMvb3BlcmF0aW9uLTE3NzE1ODMwMzY0NTktNjRiM2VkMTk0MGJhNC1iZThhMDc1MS1mMGFjYTYyOA {"name":"operations/cHJvamVjdHMvdGhldmlzYW1hbmFnZXItYmVhODAvbG9jYXRpb25zL3VzLWNlbnRyYWwxL29wZXJhdGlvbnMvb3BlcmF0aW9uLTE3NzE1ODMwMzY0NTktNjRiM2VkMTk0MGJhNC1iZThhMDc1MS1mMGFjYTYyOA","metadata":{"@type":"type.googleapis.com/google.cloud.functions.v1.OperationMetadataV1","target":"projects/thevisamanager-bea80/locations/us-central1/functions/cleanupUserData","type":"DELETE_FUNCTION","request":{"@type":"type.googleapis.com/google.cloud.functions.v1.CloudFunction","name":"projects/thevisamanager-bea80/locations/us-central1/functions/cleanupUserData","httpsTrigger":{},"updateTime":"1970-01-01T00:00:00Z"},"updateTime":"2026-02-20T10:23:56.541273886Z"}}
[debug] [2026-02-20T10:24:59.114Z] [update-default-us-central1-api] Retrying task index 0
[debug] [2026-02-20T10:24:59.115Z] Checked if tokens are valid: true, expires at: 1771585909769
[debug] [2026-02-20T10:24:59.115Z] Checked if tokens are valid: true, expires at: 1771585909769
[debug] [2026-02-20T10:24:59.115Z] >>> [apiv2][query] GET https://cloudfunctions.googleapis.com/v2/projects/thevisamanager-bea80/locations/us-central1/operations/operation-1771583087317-64b3ed49c1066-6f831152-856a71c2 [none]
[debug] [2026-02-20T10:24:59.130Z] [update-default-us-central1-generateInvoice] Retrying task index 0
[debug] [2026-02-20T10:24:59.130Z] Checked if tokens are valid: true, expires at: 1771585909769
[debug] [2026-02-20T10:24:59.131Z] Checked if tokens are valid: true, expires at: 1771585909769
[debug] [2026-02-20T10:24:59.131Z] >>> [apiv2][query] GET https://cloudfunctions.googleapis.com/v2/projects/thevisamanager-bea80/locations/us-central1/operations/operation-1771583086574-64b3ed490bb0e-a789a0fc-71d68833 [none]
[debug] [2026-02-20T10:24:59.511Z] <<< [apiv2][status] GET https://cloudfunctions.googleapis.com/v2/projects/thevisamanager-bea80/locations/us-central1/operations/operation-1771583087317-64b3ed49c1066-6f831152-856a71c2 200
[debug] [2026-02-20T10:24:59.512Z] <<< [apiv2][body] GET https://cloudfunctions.googleapis.com/v2/projects/thevisamanager-bea80/locations/us-central1/operations/operation-1771583087317-64b3ed49c1066-6f831152-856a71c2 {"name":"projects/thevisamanager-bea80/locations/us-central1/operations/operation-1771583087317-64b3ed49c1066-6f831152-856a71c2","metadata":{"@type":"type.googleapis.com/google.cloud.functions.v2.OperationMetadata","createTime":"2026-02-20T10:24:47.995566293Z","target":"projects/thevisamanager-bea80/locations/us-central1/functions/api","verb":"update","cancelRequested":false,"apiVersion":"v2","requestResource":{"@type":"type.googleapis.com/google.cloud.functions.v2.Function","name":"projects/thevisamanager-bea80/locations/us-central1/functions/api","buildConfig":{"runtime":"nodejs20","entryPoint":"api","source":{"storageSource":{"bucket":"gcf-v2-sources-973458787565-us-central1","object":"api/function-source.zip","generation":"1771583087952705"}},"environmentVariables":{"GOOGLE_NODE_RUN_SCRIPTS":""},"dockerRepository":"projects/thevisamanager-bea80/locations/us-central1/repositories/gcf-artifacts","sourceProvenance":{"resolvedStorageSource":{"bucket":"gcf-v2-sources-973458787565-us-central1","object":"api/function-source.zip","generation":"1771506316383213"}},"dockerRegistry":"ARTIFACT_REGISTRY","sourceToken":"Cldwcm9qZWN0cy85NzM0NTg3ODc1NjUvbG9jYXRpb25zL3VzLWNlbnRyYWwxL2J1aWxkcy9iZTcyNjRmMC04ZjEwLTRlNjEtYjlkYy1mYTVjN2NjZGNjOGQSf3VzLWNlbnRyYWwxLWRvY2tlci5wa2cuZGV2L3RoZXZpc2FtYW5hZ2VyLWJlYTgwL2djZi1hcnRpZmFjdHMvdGhldmlzYW1hbmFnZXItLWJlYTgwX191cy0tY2VudHJhbDFfX2dldF9nb29nbGVfcmV2aWV3czp2ZXJzaW9uXzEY7ZmptaocIk5wcm9qZWN0cy90aGV2aXNhbWFuYWdlci1iZWE4MC9sb2NhdGlvbnMvdXMtY2VudHJhbDEvZnVuY3Rpb25zL2dldEdvb2dsZVJldmlld3MqCwjt7ODMBhCA17YOMghub2RlanMyMDp2CiNnY3IuaW8vZ2FlLXJ1bnRpbWVzL25vZGVqczIwOnN0YWJsZRJPdXMtY2VudHJhbDEtZG9ja2VyLnBrZy5kZXYvc2VydmVybGVzcy1ydW50aW1lcy9nb29nbGUtMjItZnVsbC9ydW50aW1lcy9ub2RlanMyMEAB","serviceAccount":"projects/thevisamanager-bea80/serviceAccounts/973458787565-compute@developer.gserviceaccount.com","automaticUpdatePolicy":{}},"serviceConfig":{"service":"projects/thevisamanager-bea80/locations/us-central1/services/api","timeoutSeconds":60,"environmentVariables":{"FIREBASE_CONFIG":"{\"projectId\":\"thevisamanager-bea80\",\"storageBucket\":\"thevisamanager-bea80.firebasestorage.app\"}","GCLOUD_PROJECT":"thevisamanager-bea80","EVENTARC_CLOUD_EVENT_SOURCE":"projects/thevisamanager-bea80/locations/us-central1/services/api","FUNCTION_TARGET":"api","LOG_EXECUTION_ID":"true","FUNCTION_SIGNATURE_TYPE":"http"},"ingressSettings":"ALLOW_ALL","uri":"https://api-fdkefcllsq-uc.a.run.app","serviceAccountEmail":"973458787565-compute@developer.gserviceaccount.com","availableMemory":"256Mi","allTrafficOnLatestRevision":true,"secretEnvironmentVariables":[{"key":"RAZORPAY_KEY_ID","projectId":"thevisamanager-bea80","secret":"RAZORPAY_KEY_ID","version":"13"},{"key":"RAZORPAY_KEY_SECRET","projectId":"thevisamanager-bea80","secret":"RAZORPAY_KEY_SECRET","version":"14"}],"revision":"api-00014-ruh","maxInstanceRequestConcurrency":80,"availableCpu":"1"},"state":"ACTIVE","labels":{"deployment-tool":"cli-firebase","firebase-functions-hash":"3be6f66445462f7a4f52be17e2686a758ca186b1"},"environment":"GEN_2","url":"https://us-central1-thevisamanager-bea80.cloudfunctions.net/api","satisfiesPzi":true},"stages":[{"name":"BUILD","message":"Reusing build","state":"COMPLETE","resource":"projects/973458787565/locations/us-central1/builds/be7264f0-8f10-4e61-b9dc-fa5c7ccdcc8d","stateMessages":[{"severity":"WARNING","type":"BuildAnalysisWarning","message":"Node.js 20 is no longer supported by the Node.js community as of 30 April, 2026. Node.js 20 will be deprecated on 2026-04-30. We recommend you to upgrade to the latest version of Node.js as soon as possible."}]},{"name":"SERVICE","message":"Updating Cloud Run service","state":"IN_PROGRESS","resource":"projects/thevisamanager-bea80/locations/us-central1/services/api","resourceUri":"https://console.cloud.google.com/run/detail/us-central1/api?project=thevisamanager-bea80","stateMessages":[{"severity":"INFO","type":"CloudRunServiceNewRevisionTrafficInfo","message":"A new revision will be deployed serving with 100% traffic."}]}],"sourceToken":"Cldwcm9qZWN0cy85NzM0NTg3ODc1NjUvbG9jYXRpb25zL3VzLWNlbnRyYWwxL2J1aWxkcy9iZTcyNjRmMC04ZjEwLTRlNjEtYjlkYy1mYTVjN2NjZGNjOGQSf3VzLWNlbnRyYWwxLWRvY2tlci5wa2cuZGV2L3RoZXZpc2FtYW5hZ2VyLWJlYTgwL2djZi1hcnRpZmFjdHMvdGhldmlzYW1hbmFnZXItLWJlYTgwX191cy0tY2VudHJhbDFfX2dldF9nb29nbGVfcmV2aWV3czp2ZXJzaW9uXzEY7ZmptaocIk5wcm9qZWN0cy90aGV2aXNhbWFuYWdlci1iZWE4MC9sb2NhdGlvbnMvdXMtY2VudHJhbDEvZnVuY3Rpb25zL2dldEdvb2dsZVJldmlld3MqCwjt7ODMBhCA17YOMghub2RlanMyMDp2CiNnY3IuaW8vZ2FlLXJ1bnRpbWVzL25vZGVqczIwOnN0YWJsZRJPdXMtY2VudHJhbDEtZG9ja2VyLnBrZy5kZXYvc2VydmVybGVzcy1ydW50aW1lcy9nb29nbGUtMjItZnVsbC9ydW50aW1lcy9ub2RlanMyMEAB","operationType":"UPDATE_FUNCTION","buildName":"projects/973458787565/locations/us-central1/builds/be7264f0-8f10-4e61-b9dc-fa5c7ccdcc8d"},"done":false}
[debug] [2026-02-20T10:24:59.512Z] Got source token Cldwcm9qZWN0cy85NzM0NTg3ODc1NjUvbG9jYXRpb25zL3VzLWNlbnRyYWwxL2J1aWxkcy9iZTcyNjRmMC04ZjEwLTRlNjEtYjlkYy1mYTVjN2NjZGNjOGQSf3VzLWNlbnRyYWwxLWRvY2tlci5wa2cuZGV2L3RoZXZpc2FtYW5hZ2VyLWJlYTgwL2djZi1hcnRpZmFjdHMvdGhldmlzYW1hbmFnZXItLWJlYTgwX191cy0tY2VudHJhbDFfX2dldF9nb29nbGVfcmV2aWV3czp2ZXJzaW9uXzEY7ZmptaocIk5wcm9qZWN0cy90aGV2aXNhbWFuYWdlci1iZWE4MC9sb2NhdGlvbnMvdXMtY2VudHJhbDEvZnVuY3Rpb25zL2dldEdvb2dsZVJldmlld3MqCwjt7ODMBhCA17YOMghub2RlanMyMDp2CiNnY3IuaW8vZ2FlLXJ1bnRpbWVzL25vZGVqczIwOnN0YWJsZRJPdXMtY2VudHJhbDEtZG9ja2VyLnBrZy5kZXYvc2VydmVybGVzcy1ydW50aW1lcy9nb29nbGUtMjItZnVsbC9ydW50aW1lcy9ub2RlanMyMEAB for region us-central1
[debug] [2026-02-20T10:25:00.430Z] <<< [apiv2][status] GET https://cloudfunctions.googleapis.com/v2/projects/thevisamanager-bea80/locations/us-central1/operations/operation-1771583086574-64b3ed490bb0e-a789a0fc-71d68833 200
[debug] [2026-02-20T10:25:00.430Z] <<< [apiv2][body] GET https://cloudfunctions.googleapis.com/v2/projects/thevisamanager-bea80/locations/us-central1/operations/operation-1771583086574-64b3ed490bb0e-a789a0fc-71d68833 {"name":"projects/thevisamanager-bea80/locations/us-central1/operations/operation-1771583086574-64b3ed490bb0e-a789a0fc-71d68833","metadata":{"@type":"type.googleapis.com/google.cloud.functions.v2.OperationMetadata","createTime":"2026-02-20T10:24:47.271709039Z","target":"projects/thevisamanager-bea80/locations/us-central1/functions/generateInvoice","verb":"update","cancelRequested":false,"apiVersion":"v2","requestResource":{"@type":"type.googleapis.com/google.cloud.functions.v2.Function","name":"projects/thevisamanager-bea80/locations/us-central1/functions/generateInvoice","buildConfig":{"runtime":"nodejs20","entryPoint":"generateInvoice","source":{"storageSource":{"bucket":"gcf-v2-sources-973458787565-us-central1","object":"generateInvoice/function-source.zip","generation":"1771583087229665"}},"environmentVariables":{"GOOGLE_NODE_RUN_SCRIPTS":""},"dockerRepository":"projects/thevisamanager-bea80/locations/us-central1/repositories/gcf-artifacts","sourceProvenance":{"resolvedStorageSource":{"bucket":"gcf-v2-sources-973458787565-us-central1","object":"generateInvoice/function-source.zip","generation":"1771506316885853"}},"dockerRegistry":"ARTIFACT_REGISTRY","sourceToken":"Cldwcm9qZWN0cy85NzM0NTg3ODc1NjUvbG9jYXRpb25zL3VzLWNlbnRyYWwxL2J1aWxkcy9iZTcyNjRmMC04ZjEwLTRlNjEtYjlkYy1mYTVjN2NjZGNjOGQSf3VzLWNlbnRyYWwxLWRvY2tlci5wa2cuZGV2L3RoZXZpc2FtYW5hZ2VyLWJlYTgwL2djZi1hcnRpZmFjdHMvdGhldmlzYW1hbmFnZXItLWJlYTgwX191cy0tY2VudHJhbDFfX2dldF9nb29nbGVfcmV2aWV3czp2ZXJzaW9uXzEY7ZmptaocIk5wcm9qZWN0cy90aGV2aXNhbWFuYWdlci1iZWE4MC9sb2NhdGlvbnMvdXMtY2VudHJhbDEvZnVuY3Rpb25zL2dldEdvb2dsZVJldmlld3MqCwjt7ODMBhCA17YOMghub2RlanMyMDp2CiNnY3IuaW8vZ2FlLXJ1bnRpbWVzL25vZGVqczIwOnN0YWJsZRJPdXMtY2VudHJhbDEtZG9ja2VyLnBrZy5kZXYvc2VydmVybGVzcy1ydW50aW1lcy9nb29nbGUtMjItZnVsbC9ydW50aW1lcy9ub2RlanMyMEAB","serviceAccount":"projects/thevisamanager-bea80/serviceAccounts/973458787565-compute@developer.gserviceaccount.com","automaticUpdatePolicy":{}},"serviceConfig":{"service":"projects/thevisamanager-bea80/locations/us-central1/services/generateinvoice","timeoutSeconds":60,"environmentVariables":{"FIREBASE_CONFIG":"{\"projectId\":\"thevisamanager-bea80\",\"storageBucket\":\"thevisamanager-bea80.firebasestorage.app\"}","GCLOUD_PROJECT":"thevisamanager-bea80","EVENTARC_CLOUD_EVENT_SOURCE":"projects/thevisamanager-bea80/locations/us-central1/services/generateInvoice","FUNCTION_TARGET":"generateInvoice","LOG_EXECUTION_ID":"true","FUNCTION_SIGNATURE_TYPE":"http"},"ingressSettings":"ALLOW_ALL","uri":"https://generateinvoice-fdkefcllsq-uc.a.run.app","serviceAccountEmail":"973458787565-compute@developer.gserviceaccount.com","availableMemory":"256Mi","allTrafficOnLatestRevision":true,"secretEnvironmentVariables":[{"key":"RAZORPAY_KEY_ID","projectId":"thevisamanager-bea80","secret":"RAZORPAY_KEY_ID","version":"13"},{"key":"RAZORPAY_KEY_SECRET","projectId":"thevisamanager-bea80","secret":"RAZORPAY_KEY_SECRET","version":"14"}],"revision":"generateinvoice-00118-nag","maxInstanceRequestConcurrency":80,"availableCpu":"1"},"state":"ACTIVE","labels":{"deployment-tool":"cli-firebase","deployment-callable":"true","firebase-functions-hash":"3be6f66445462f7a4f52be17e2686a758ca186b1"},"environment":"GEN_2","url":"https://us-central1-thevisamanager-bea80.cloudfunctions.net/generateInvoice","satisfiesPzi":true},"stages":[{"name":"BUILD","message":"Reusing build","state":"COMPLETE","resource":"projects/973458787565/locations/us-central1/builds/be7264f0-8f10-4e61-b9dc-fa5c7ccdcc8d","stateMessages":[{"severity":"WARNING","type":"BuildAnalysisWarning","message":"Node.js 20 is no longer supported by the Node.js community as of 30 April, 2026. Node.js 20 will be deprecated on 2026-04-30. We recommend you to upgrade to the latest version of Node.js as soon as possible."}]},{"name":"SERVICE","message":"Updating Cloud Run service","state":"IN_PROGRESS","resource":"projects/thevisamanager-bea80/locations/us-central1/services/generateinvoice","resourceUri":"https://console.cloud.google.com/run/detail/us-central1/generateinvoice?project=thevisamanager-bea80","stateMessages":[{"severity":"INFO","type":"CloudRunServiceNewRevisionTrafficInfo","message":"A new revision will be deployed serving with 100% traffic."}]}],"sourceToken":"Cldwcm9qZWN0cy85NzM0NTg3ODc1NjUvbG9jYXRpb25zL3VzLWNlbnRyYWwxL2J1aWxkcy9iZTcyNjRmMC04ZjEwLTRlNjEtYjlkYy1mYTVjN2NjZGNjOGQSf3VzLWNlbnRyYWwxLWRvY2tlci5wa2cuZGV2L3RoZXZpc2FtYW5hZ2VyLWJlYTgwL2djZi1hcnRpZmFjdHMvdGhldmlzYW1hbmFnZXItLWJlYTgwX191cy0tY2VudHJhbDFfX2dldF9nb29nbGVfcmV2aWV3czp2ZXJzaW9uXzEY7ZmptaocIk5wcm9qZWN0cy90aGV2aXNhbWFuYWdlci1iZWE4MC9sb2NhdGlvbnMvdXMtY2VudHJhbDEvZnVuY3Rpb25zL2dldEdvb2dsZVJldmlld3MqCwjt7ODMBhCA17YOMghub2RlanMyMDp2CiNnY3IuaW8vZ2FlLXJ1bnRpbWVzL25vZGVqczIwOnN0YWJsZRJPdXMtY2VudHJhbDEtZG9ja2VyLnBrZy5kZXYvc2VydmVybGVzcy1ydW50aW1lcy9nb29nbGUtMjItZnVsbC9ydW50aW1lcy9ub2RlanMyMEAB","operationType":"UPDATE_FUNCTION","buildName":"projects/973458787565/locations/us-central1/builds/be7264f0-8f10-4e61-b9dc-fa5c7ccdcc8d"},"done":false}
[debug] [2026-02-20T10:25:00.430Z] Got source token Cldwcm9qZWN0cy85NzM0NTg3ODc1NjUvbG9jYXRpb25zL3VzLWNlbnRyYWwxL2J1aWxkcy9iZTcyNjRmMC04ZjEwLTRlNjEtYjlkYy1mYTVjN2NjZGNjOGQSf3VzLWNlbnRyYWwxLWRvY2tlci5wa2cuZGV2L3RoZXZpc2FtYW5hZ2VyLWJlYTgwL2djZi1hcnRpZmFjdHMvdGhldmlzYW1hbmFnZXItLWJlYTgwX191cy0tY2VudHJhbDFfX2dldF9nb29nbGVfcmV2aWV3czp2ZXJzaW9uXzEY7ZmptaocIk5wcm9qZWN0cy90aGV2aXNhbWFuYWdlci1iZWE4MC9sb2NhdGlvbnMvdXMtY2VudHJhbDEvZnVuY3Rpb25zL2dldEdvb2dsZVJldmlld3MqCwjt7ODMBhCA17YOMghub2RlanMyMDp2CiNnY3IuaW8vZ2FlLXJ1bnRpbWVzL25vZGVqczIwOnN0YWJsZRJPdXMtY2VudHJhbDEtZG9ja2VyLnBrZy5kZXYvc2VydmVybGVzcy1ydW50aW1lcy9nb29nbGUtMjItZnVsbC9ydW50aW1lcy9ub2RlanMyMEAB for region us-central1
[debug] [2026-02-20T10:25:00.744Z] [update-default-us-central1-extractTextFromImage] Retrying task index 0
[debug] [2026-02-20T10:25:00.745Z] Checked if tokens are valid: true, expires at: 1771585909769
[debug] [2026-02-20T10:25:00.745Z] Checked if tokens are valid: true, expires at: 1771585909769
[debug] [2026-02-20T10:25:00.745Z] >>> [apiv2][query] GET https://cloudfunctions.googleapis.com/v2/projects/thevisamanager-bea80/locations/us-central1/operations/operation-1771583086810-64b3ed49453cf-7b8f9fa4-e210dcf9 [none]
[debug] [2026-02-20T10:25:01.051Z] <<< [apiv2][status] GET https://cloudfunctions.googleapis.com/v2/projects/thevisamanager-bea80/locations/us-central1/operations/operation-1771583086810-64b3ed49453cf-7b8f9fa4-e210dcf9 200
[debug] [2026-02-20T10:25:01.051Z] <<< [apiv2][body] GET https://cloudfunctions.googleapis.com/v2/projects/thevisamanager-bea80/locations/us-central1/operations/operation-1771583086810-64b3ed49453cf-7b8f9fa4-e210dcf9 {"name":"projects/thevisamanager-bea80/locations/us-central1/operations/operation-1771583086810-64b3ed49453cf-7b8f9fa4-e210dcf9","metadata":{"@type":"type.googleapis.com/google.cloud.functions.v2.OperationMetadata","createTime":"2026-02-20T10:24:47.624372993Z","target":"projects/thevisamanager-bea80/locations/us-central1/functions/extractTextFromImage","verb":"update","cancelRequested":false,"apiVersion":"v2","requestResource":{"@type":"type.googleapis.com/google.cloud.functions.v2.Function","name":"projects/thevisamanager-bea80/locations/us-central1/functions/extractTextFromImage","buildConfig":{"runtime":"nodejs20","entryPoint":"extractTextFromImage","source":{"storageSource":{"bucket":"gcf-v2-sources-973458787565-us-central1","object":"extractTextFromImage/function-source.zip","generation":"1771583087580264"}},"environmentVariables":{"GOOGLE_NODE_RUN_SCRIPTS":""},"dockerRepository":"projects/thevisamanager-bea80/locations/us-central1/repositories/gcf-artifacts","sourceProvenance":{"resolvedStorageSource":{"bucket":"gcf-v2-sources-973458787565-us-central1","object":"extractTextFromImage/function-source.zip","generation":"1770621006510739"}},"dockerRegistry":"ARTIFACT_REGISTRY","sourceToken":"Cldwcm9qZWN0cy85NzM0NTg3ODc1NjUvbG9jYXRpb25zL3VzLWNlbnRyYWwxL2J1aWxkcy9iZTcyNjRmMC04ZjEwLTRlNjEtYjlkYy1mYTVjN2NjZGNjOGQSf3VzLWNlbnRyYWwxLWRvY2tlci5wa2cuZGV2L3RoZXZpc2FtYW5hZ2VyLWJlYTgwL2djZi1hcnRpZmFjdHMvdGhldmlzYW1hbmFnZXItLWJlYTgwX191cy0tY2VudHJhbDFfX2dldF9nb29nbGVfcmV2aWV3czp2ZXJzaW9uXzEY7ZmptaocIk5wcm9qZWN0cy90aGV2aXNhbWFuYWdlci1iZWE4MC9sb2NhdGlvbnMvdXMtY2VudHJhbDEvZnVuY3Rpb25zL2dldEdvb2dsZVJldmlld3MqCwjt7ODMBhCA17YOMghub2RlanMyMDp2CiNnY3IuaW8vZ2FlLXJ1bnRpbWVzL25vZGVqczIwOnN0YWJsZRJPdXMtY2VudHJhbDEtZG9ja2VyLnBrZy5kZXYvc2VydmVybGVzcy1ydW50aW1lcy9nb29nbGUtMjItZnVsbC9ydW50aW1lcy9ub2RlanMyMEAB","serviceAccount":"projects/thevisamanager-bea80/serviceAccounts/973458787565-compute@developer.gserviceaccount.com","automaticUpdatePolicy":{}},"serviceConfig":{"service":"projects/thevisamanager-bea80/locations/us-central1/services/extracttextfromimage","timeoutSeconds":60,"environmentVariables":{"FIREBASE_CONFIG":"{\"projectId\":\"thevisamanager-bea80\",\"storageBucket\":\"thevisamanager-bea80.firebasestorage.app\"}","GCLOUD_PROJECT":"thevisamanager-bea80","EVENTARC_CLOUD_EVENT_SOURCE":"projects/thevisamanager-bea80/locations/us-central1/services/extractTextFromImage","FUNCTION_TARGET":"extractTextFromImage","LOG_EXECUTION_ID":"true","FUNCTION_SIGNATURE_TYPE":"http"},"ingressSettings":"ALLOW_ALL","uri":"https://extracttextfromimage-fdkefcllsq-uc.a.run.app","serviceAccountEmail":"973458787565-compute@developer.gserviceaccount.com","availableMemory":"256Mi","allTrafficOnLatestRevision":true,"secretEnvironmentVariables":[{"key":"VISION_API_KEY","projectId":"thevisamanager-bea80","secret":"VISION_API_KEY","version":"1"}],"revision":"extracttextfromimage-00025-yuy","maxInstanceRequestConcurrency":80,"availableCpu":"1"},"state":"ACTIVE","labels":{"deployment-tool":"cli-firebase","deployment-callable":"true","firebase-functions-hash":"6aa1c31b5d9894d6fa6cd089d652242d9ed3c40f"},"environment":"GEN_2","url":"https://us-central1-thevisamanager-bea80.cloudfunctions.net/extractTextFromImage","satisfiesPzi":true},"stages":[{"name":"BUILD","message":"Reusing build","state":"COMPLETE","resource":"projects/973458787565/locations/us-central1/builds/be7264f0-8f10-4e61-b9dc-fa5c7ccdcc8d","stateMessages":[{"severity":"WARNING","type":"BuildAnalysisWarning","message":"Node.js 20 is no longer supported by the Node.js community as of 30 April, 2026. Node.js 20 will be deprecated on 2026-04-30. We recommend you to upgrade to the latest version of Node.js as soon as possible."}]},{"name":"SERVICE","message":"Updating Cloud Run service","state":"IN_PROGRESS","resource":"projects/thevisamanager-bea80/locations/us-central1/services/extracttextfromimage","resourceUri":"https://console.cloud.google.com/run/detail/us-central1/extracttextfromimage?project=thevisamanager-bea80","stateMessages":[{"severity":"INFO","type":"CloudRunServiceNewRevisionTrafficInfo","message":"A new revision will be deployed serving with 100% traffic."}]}],"sourceToken":"Cldwcm9qZWN0cy85NzM0NTg3ODc1NjUvbG9jYXRpb25zL3VzLWNlbnRyYWwxL2J1aWxkcy9iZTcyNjRmMC04ZjEwLTRlNjEtYjlkYy1mYTVjN2NjZGNjOGQSf3VzLWNlbnRyYWwxLWRvY2tlci5wa2cuZGV2L3RoZXZpc2FtYW5hZ2VyLWJlYTgwL2djZi1hcnRpZmFjdHMvdGhldmlzYW1hbmFnZXItLWJlYTgwX191cy0tY2VudHJhbDFfX2dldF9nb29nbGVfcmV2aWV3czp2ZXJzaW9uXzEY7ZmptaocIk5wcm9qZWN0cy90aGV2aXNhbWFuYWdlci1iZWE4MC9sb2NhdGlvbnMvdXMtY2VudHJhbDEvZnVuY3Rpb25zL2dldEdvb2dsZVJldmlld3MqCwjt7ODMBhCA17YOMghub2RlanMyMDp2CiNnY3IuaW8vZ2FlLXJ1bnRpbWVzL25vZGVqczIwOnN0YWJsZRJPdXMtY2VudHJhbDEtZG9ja2VyLnBrZy5kZXYvc2VydmVybGVzcy1ydW50aW1lcy9nb29nbGUtMjItZnVsbC9ydW50aW1lcy9ub2RlanMyMEAB","operationType":"UPDATE_FUNCTION","buildName":"projects/973458787565/locations/us-central1/builds/be7264f0-8f10-4e61-b9dc-fa5c7ccdcc8d"},"done":false}
[debug] [2026-02-20T10:25:01.051Z] Got source token Cldwcm9qZWN0cy85NzM0NTg3ODc1NjUvbG9jYXRpb25zL3VzLWNlbnRyYWwxL2J1aWxkcy9iZTcyNjRmMC04ZjEwLTRlNjEtYjlkYy1mYTVjN2NjZGNjOGQSf3VzLWNlbnRyYWwxLWRvY2tlci5wa2cuZGV2L3RoZXZpc2FtYW5hZ2VyLWJlYTgwL2djZi1hcnRpZmFjdHMvdGhldmlzYW1hbmFnZXItLWJlYTgwX191cy0tY2VudHJhbDFfX2dldF9nb29nbGVfcmV2aWV3czp2ZXJzaW9uXzEY7ZmptaocIk5wcm9qZWN0cy90aGV2aXNhbWFuYWdlci1iZWE4MC9sb2NhdGlvbnMvdXMtY2VudHJhbDEvZnVuY3Rpb25zL2dldEdvb2dsZVJldmlld3MqCwjt7ODMBhCA17YOMghub2RlanMyMDp2CiNnY3IuaW8vZ2FlLXJ1bnRpbWVzL25vZGVqczIwOnN0YWJsZRJPdXMtY2VudHJhbDEtZG9ja2VyLnBrZy5kZXYvc2VydmVybGVzcy1ydW50aW1lcy9nb29nbGUtMjItZnVsbC9ydW50aW1lcy9ub2RlanMyMEAB for region us-central1
[debug] [2026-02-20T10:25:06.650Z] [update-default-us-central1-getGoogleReviews] Retrying task index 0
[debug] [2026-02-20T10:25:06.650Z] Checked if tokens are valid: true, expires at: 1771585909769
[debug] [2026-02-20T10:25:06.651Z] Checked if tokens are valid: true, expires at: 1771585909769
[debug] [2026-02-20T10:25:06.651Z] >>> [apiv2][query] GET https://cloudfunctions.googleapis.com/v2/projects/thevisamanager-bea80/locations/us-central1/operations/operation-1771583037078-64b3ed19d7ac3-8430cd1d-10e2b539 [none]
[debug] [2026-02-20T10:25:07.518Z] [update-default-us-central1-api] Retrying task index 0
[debug] [2026-02-20T10:25:07.519Z] Checked if tokens are valid: true, expires at: 1771585909769
[debug] [2026-02-20T10:25:07.519Z] Checked if tokens are valid: true, expires at: 1771585909769
[debug] [2026-02-20T10:25:07.519Z] >>> [apiv2][query] GET https://cloudfunctions.googleapis.com/v2/projects/thevisamanager-bea80/locations/us-central1/operations/operation-1771583087317-64b3ed49c1066-6f831152-856a71c2 [none]
[debug] [2026-02-20T10:25:07.662Z] [delete-default-us-central1-cleanupUserData] Retrying task index 0
[debug] [2026-02-20T10:25:07.663Z] Checked if tokens are valid: true, expires at: 1771585909769
[debug] [2026-02-20T10:25:07.663Z] Checked if tokens are valid: true, expires at: 1771585909769
[debug] [2026-02-20T10:25:07.663Z] >>> [apiv2][query] GET https://cloudfunctions.googleapis.com/v1/operations/cHJvamVjdHMvdGhldmlzYW1hbmFnZXItYmVhODAvbG9jYXRpb25zL3VzLWNlbnRyYWwxL29wZXJhdGlvbnMvb3BlcmF0aW9uLTE3NzE1ODMwMzY0NTktNjRiM2VkMTk0MGJhNC1iZThhMDc1MS1mMGFjYTYyOA [none]
[debug] [2026-02-20T10:25:08.315Z] <<< [apiv2][status] GET https://cloudfunctions.googleapis.com/v1/operations/cHJvamVjdHMvdGhldmlzYW1hbmFnZXItYmVhODAvbG9jYXRpb25zL3VzLWNlbnRyYWwxL29wZXJhdGlvbnMvb3BlcmF0aW9uLTE3NzE1ODMwMzY0NTktNjRiM2VkMTk0MGJhNC1iZThhMDc1MS1mMGFjYTYyOA 200
[debug] [2026-02-20T10:25:08.315Z] <<< [apiv2][body] GET https://cloudfunctions.googleapis.com/v1/operations/cHJvamVjdHMvdGhldmlzYW1hbmFnZXItYmVhODAvbG9jYXRpb25zL3VzLWNlbnRyYWwxL29wZXJhdGlvbnMvb3BlcmF0aW9uLTE3NzE1ODMwMzY0NTktNjRiM2VkMTk0MGJhNC1iZThhMDc1MS1mMGFjYTYyOA {"name":"operations/cHJvamVjdHMvdGhldmlzYW1hbmFnZXItYmVhODAvbG9jYXRpb25zL3VzLWNlbnRyYWwxL29wZXJhdGlvbnMvb3BlcmF0aW9uLTE3NzE1ODMwMzY0NTktNjRiM2VkMTk0MGJhNC1iZThhMDc1MS1mMGFjYTYyOA","metadata":{"@type":"type.googleapis.com/google.cloud.functions.v1.OperationMetadataV1","target":"projects/thevisamanager-bea80/locations/us-central1/functions/cleanupUserData","type":"DELETE_FUNCTION","request":{"@type":"type.googleapis.com/google.cloud.functions.v1.CloudFunction","name":"projects/thevisamanager-bea80/locations/us-central1/functions/cleanupUserData","httpsTrigger":{},"updateTime":"1970-01-01T00:00:00Z"},"updateTime":"2026-02-20T10:23:56.541273886Z"}}
[debug] [2026-02-20T10:25:08.316Z] <<< [apiv2][status] GET https://cloudfunctions.googleapis.com/v2/projects/thevisamanager-bea80/locations/us-central1/operations/operation-1771583037078-64b3ed19d7ac3-8430cd1d-10e2b539 200
[debug] [2026-02-20T10:25:08.316Z] <<< [apiv2][body] GET https://cloudfunctions.googleapis.com/v2/projects/thevisamanager-bea80/locations/us-central1/operations/operation-1771583037078-64b3ed19d7ac3-8430cd1d-10e2b539 {"name":"projects/thevisamanager-bea80/locations/us-central1/operations/operation-1771583037078-64b3ed19d7ac3-8430cd1d-10e2b539","metadata":{"@type":"type.googleapis.com/google.cloud.functions.v2.OperationMetadata","createTime":"2026-02-20T10:23:57.950202037Z","target":"projects/thevisamanager-bea80/locations/us-central1/functions/getGoogleReviews","verb":"update","cancelRequested":false,"apiVersion":"v2","requestResource":{"@type":"type.googleapis.com/google.cloud.functions.v2.Function","name":"projects/thevisamanager-bea80/locations/us-central1/functions/getGoogleReviews","buildConfig":{"runtime":"nodejs20","entryPoint":"getGoogleReviews","source":{"storageSource":{"bucket":"gcf-v2-sources-973458787565-us-central1","object":"getGoogleReviews/function-source.zip","generation":"1771583037909598"}},"environmentVariables":{"GOOGLE_NODE_RUN_SCRIPTS":""},"dockerRepository":"projects/thevisamanager-bea80/locations/us-central1/repositories/gcf-artifacts","sourceProvenance":{"resolvedStorageSource":{"bucket":"gcf-v2-sources-973458787565-us-central1","object":"getGoogleReviews/function-source.zip","generation":"1770620936138804"}},"dockerRegistry":"ARTIFACT_REGISTRY","serviceAccount":"projects/thevisamanager-bea80/serviceAccounts/973458787565-compute@developer.gserviceaccount.com","automaticUpdatePolicy":{}},"serviceConfig":{"service":"projects/thevisamanager-bea80/locations/us-central1/services/getgooglereviews","timeoutSeconds":60,"environmentVariables":{"FIREBASE_CONFIG":"{\"projectId\":\"thevisamanager-bea80\",\"storageBucket\":\"thevisamanager-bea80.firebasestorage.app\"}","GCLOUD_PROJECT":"thevisamanager-bea80","EVENTARC_CLOUD_EVENT_SOURCE":"projects/thevisamanager-bea80/locations/us-central1/services/getGoogleReviews","FUNCTION_TARGET":"getGoogleReviews","LOG_EXECUTION_ID":"true","FUNCTION_SIGNATURE_TYPE":"http"},"ingressSettings":"ALLOW_ALL","uri":"https://getgooglereviews-fdkefcllsq-uc.a.run.app","serviceAccountEmail":"973458787565-compute@developer.gserviceaccount.com","availableMemory":"256Mi","allTrafficOnLatestRevision":true,"secretEnvironmentVariables":[{"key":"GOOGLE_PLACES_KEY","projectId":"thevisamanager-bea80","secret":"GOOGLE_PLACES_KEY","version":"5"}],"revision":"getgooglereviews-00007-qoz","maxInstanceRequestConcurrency":80,"availableCpu":"1"},"state":"ACTIVE","labels":{"deployment-tool":"cli-firebase","firebase-functions-hash":"327b007ef8f69a9ac7fd4a676c0d9ee91665a95f"},"environment":"GEN_2","url":"https://us-central1-thevisamanager-bea80.cloudfunctions.net/getGoogleReviews","satisfiesPzi":true},"stages":[{"name":"BUILD","message":"Build finished","state":"COMPLETE","resource":"projects/973458787565/locations/us-central1/builds/be7264f0-8f10-4e61-b9dc-fa5c7ccdcc8d","resourceUri":"https://console.cloud.google.com/cloud-build/builds;region=us-central1/be7264f0-8f10-4e61-b9dc-fa5c7ccdcc8d?project=973458787565"},{"name":"SERVICE","message":"Updating Cloud Run service","state":"IN_PROGRESS","resource":"projects/thevisamanager-bea80/locations/us-central1/services/getgooglereviews","resourceUri":"https://console.cloud.google.com/run/detail/us-central1/getgooglereviews?project=thevisamanager-bea80","stateMessages":[{"severity":"INFO","type":"CloudRunServiceNewRevisionTrafficInfo","message":"A new revision will be deployed serving with 100% traffic."}]}],"sourceToken":"Cldwcm9qZWN0cy85NzM0NTg3ODc1NjUvbG9jYXRpb25zL3VzLWNlbnRyYWwxL2J1aWxkcy9iZTcyNjRmMC04ZjEwLTRlNjEtYjlkYy1mYTVjN2NjZGNjOGQSf3VzLWNlbnRyYWwxLWRvY2tlci5wa2cuZGV2L3RoZXZpc2FtYW5hZ2VyLWJlYTgwL2djZi1hcnRpZmFjdHMvdGhldmlzYW1hbmFnZXItLWJlYTgwX191cy0tY2VudHJhbDFfX2dldF9nb29nbGVfcmV2aWV3czp2ZXJzaW9uXzEY7ZmptaocIk5wcm9qZWN0cy90aGV2aXNhbWFuYWdlci1iZWE4MC9sb2NhdGlvbnMvdXMtY2VudHJhbDEvZnVuY3Rpb25zL2dldEdvb2dsZVJldmlld3MqCwjt7ODMBhCA17YOMghub2RlanMyMDp2CiNnY3IuaW8vZ2FlLXJ1bnRpbWVzL25vZGVqczIwOnN0YWJsZRJPdXMtY2VudHJhbDEtZG9ja2VyLnBrZy5kZXYvc2VydmVybGVzcy1ydW50aW1lcy9nb29nbGUtMjItZnVsbC9ydW50aW1lcy9ub2RlanMyMEAB","operationType":"UPDATE_FUNCTION","buildName":"projects/973458787565/locations/us-central1/builds/be7264f0-8f10-4e61-b9dc-fa5c7ccdcc8d"},"done":false}
[debug] [2026-02-20T10:25:08.316Z] Got source token Cldwcm9qZWN0cy85NzM0NTg3ODc1NjUvbG9jYXRpb25zL3VzLWNlbnRyYWwxL2J1aWxkcy9iZTcyNjRmMC04ZjEwLTRlNjEtYjlkYy1mYTVjN2NjZGNjOGQSf3VzLWNlbnRyYWwxLWRvY2tlci5wa2cuZGV2L3RoZXZpc2FtYW5hZ2VyLWJlYTgwL2djZi1hcnRpZmFjdHMvdGhldmlzYW1hbmFnZXItLWJlYTgwX191cy0tY2VudHJhbDFfX2dldF9nb29nbGVfcmV2aWV3czp2ZXJzaW9uXzEY7ZmptaocIk5wcm9qZWN0cy90aGV2aXNhbWFuYWdlci1iZWE4MC9sb2NhdGlvbnMvdXMtY2VudHJhbDEvZnVuY3Rpb25zL2dldEdvb2dsZVJldmlld3MqCwjt7ODMBhCA17YOMghub2RlanMyMDp2CiNnY3IuaW8vZ2FlLXJ1bnRpbWVzL25vZGVqczIwOnN0YWJsZRJPdXMtY2VudHJhbDEtZG9ja2VyLnBrZy5kZXYvc2VydmVybGVzcy1ydW50aW1lcy9nb29nbGUtMjItZnVsbC9ydW50aW1lcy9ub2RlanMyMEAB for region us-central1
[debug] [2026-02-20T10:25:08.435Z] [update-default-us-central1-generateInvoice] Retrying task index 0
[debug] [2026-02-20T10:25:08.436Z] Checked if tokens are valid: true, expires at: 1771585909769
[debug] [2026-02-20T10:25:08.436Z] Checked if tokens are valid: true, expires at: 1771585909769
[debug] [2026-02-20T10:25:08.436Z] >>> [apiv2][query] GET https://cloudfunctions.googleapis.com/v2/projects/thevisamanager-bea80/locations/us-central1/operations/operation-1771583086574-64b3ed490bb0e-a789a0fc-71d68833 [none]
[debug] [2026-02-20T10:25:08.733Z] <<< [apiv2][status] GET https://cloudfunctions.googleapis.com/v2/projects/thevisamanager-bea80/locations/us-central1/operations/operation-1771583086574-64b3ed490bb0e-a789a0fc-71d68833 200
[debug] [2026-02-20T10:25:08.733Z] <<< [apiv2][body] GET https://cloudfunctions.googleapis.com/v2/projects/thevisamanager-bea80/locations/us-central1/operations/operation-1771583086574-64b3ed490bb0e-a789a0fc-71d68833 {"name":"projects/thevisamanager-bea80/locations/us-central1/operations/operation-1771583086574-64b3ed490bb0e-a789a0fc-71d68833","metadata":{"@type":"type.googleapis.com/google.cloud.functions.v2.OperationMetadata","createTime":"2026-02-20T10:24:47.271709039Z","target":"projects/thevisamanager-bea80/locations/us-central1/functions/generateInvoice","verb":"update","cancelRequested":false,"apiVersion":"v2","requestResource":{"@type":"type.googleapis.com/google.cloud.functions.v2.Function","name":"projects/thevisamanager-bea80/locations/us-central1/functions/generateInvoice","buildConfig":{"runtime":"nodejs20","entryPoint":"generateInvoice","source":{"storageSource":{"bucket":"gcf-v2-sources-973458787565-us-central1","object":"generateInvoice/function-source.zip","generation":"1771583087229665"}},"environmentVariables":{"GOOGLE_NODE_RUN_SCRIPTS":""},"dockerRepository":"projects/thevisamanager-bea80/locations/us-central1/repositories/gcf-artifacts","sourceProvenance":{"resolvedStorageSource":{"bucket":"gcf-v2-sources-973458787565-us-central1","object":"generateInvoice/function-source.zip","generation":"1771506316885853"}},"dockerRegistry":"ARTIFACT_REGISTRY","sourceToken":"Cldwcm9qZWN0cy85NzM0NTg3ODc1NjUvbG9jYXRpb25zL3VzLWNlbnRyYWwxL2J1aWxkcy9iZTcyNjRmMC04ZjEwLTRlNjEtYjlkYy1mYTVjN2NjZGNjOGQSf3VzLWNlbnRyYWwxLWRvY2tlci5wa2cuZGV2L3RoZXZpc2FtYW5hZ2VyLWJlYTgwL2djZi1hcnRpZmFjdHMvdGhldmlzYW1hbmFnZXItLWJlYTgwX191cy0tY2VudHJhbDFfX2dldF9nb29nbGVfcmV2aWV3czp2ZXJzaW9uXzEY7ZmptaocIk5wcm9qZWN0cy90aGV2aXNhbWFuYWdlci1iZWE4MC9sb2NhdGlvbnMvdXMtY2VudHJhbDEvZnVuY3Rpb25zL2dldEdvb2dsZVJldmlld3MqCwjt7ODMBhCA17YOMghub2RlanMyMDp2CiNnY3IuaW8vZ2FlLXJ1bnRpbWVzL25vZGVqczIwOnN0YWJsZRJPdXMtY2VudHJhbDEtZG9ja2VyLnBrZy5kZXYvc2VydmVybGVzcy1ydW50aW1lcy9nb29nbGUtMjItZnVsbC9ydW50aW1lcy9ub2RlanMyMEAB","serviceAccount":"projects/thevisamanager-bea80/serviceAccounts/973458787565-compute@developer.gserviceaccount.com","automaticUpdatePolicy":{}},"serviceConfig":{"service":"projects/thevisamanager-bea80/locations/us-central1/services/generateinvoice","timeoutSeconds":60,"environmentVariables":{"FIREBASE_CONFIG":"{\"projectId\":\"thevisamanager-bea80\",\"storageBucket\":\"thevisamanager-bea80.firebasestorage.app\"}","GCLOUD_PROJECT":"thevisamanager-bea80","EVENTARC_CLOUD_EVENT_SOURCE":"projects/thevisamanager-bea80/locations/us-central1/services/generateInvoice","FUNCTION_TARGET":"generateInvoice","LOG_EXECUTION_ID":"true","FUNCTION_SIGNATURE_TYPE":"http"},"ingressSettings":"ALLOW_ALL","uri":"https://generateinvoice-fdkefcllsq-uc.a.run.app","serviceAccountEmail":"973458787565-compute@developer.gserviceaccount.com","availableMemory":"256Mi","allTrafficOnLatestRevision":true,"secretEnvironmentVariables":[{"key":"RAZORPAY_KEY_ID","projectId":"thevisamanager-bea80","secret":"RAZORPAY_KEY_ID","version":"13"},{"key":"RAZORPAY_KEY_SECRET","projectId":"thevisamanager-bea80","secret":"RAZORPAY_KEY_SECRET","version":"14"}],"revision":"generateinvoice-00118-nag","maxInstanceRequestConcurrency":80,"availableCpu":"1"},"state":"ACTIVE","labels":{"deployment-tool":"cli-firebase","deployment-callable":"true","firebase-functions-hash":"3be6f66445462f7a4f52be17e2686a758ca186b1"},"environment":"GEN_2","url":"https://us-central1-thevisamanager-bea80.cloudfunctions.net/generateInvoice","satisfiesPzi":true},"stages":[{"name":"BUILD","message":"Reusing build","state":"COMPLETE","resource":"projects/973458787565/locations/us-central1/builds/be7264f0-8f10-4e61-b9dc-fa5c7ccdcc8d","stateMessages":[{"severity":"WARNING","type":"BuildAnalysisWarning","message":"Node.js 20 is no longer supported by the Node.js community as of 30 April, 2026. Node.js 20 will be deprecated on 2026-04-30. We recommend you to upgrade to the latest version of Node.js as soon as possible."}]},{"name":"SERVICE","message":"Updating Cloud Run service","state":"IN_PROGRESS","resource":"projects/thevisamanager-bea80/locations/us-central1/services/generateinvoice","resourceUri":"https://console.cloud.google.com/run/detail/us-central1/generateinvoice?project=thevisamanager-bea80","stateMessages":[{"severity":"INFO","type":"CloudRunServiceNewRevisionTrafficInfo","message":"A new revision will be deployed serving with 100% traffic."}]}],"sourceToken":"Cldwcm9qZWN0cy85NzM0NTg3ODc1NjUvbG9jYXRpb25zL3VzLWNlbnRyYWwxL2J1aWxkcy9iZTcyNjRmMC04ZjEwLTRlNjEtYjlkYy1mYTVjN2NjZGNjOGQSf3VzLWNlbnRyYWwxLWRvY2tlci5wa2cuZGV2L3RoZXZpc2FtYW5hZ2VyLWJlYTgwL2djZi1hcnRpZmFjdHMvdGhldmlzYW1hbmFnZXItLWJlYTgwX191cy0tY2VudHJhbDFfX2dldF9nb29nbGVfcmV2aWV3czp2ZXJzaW9uXzEY7ZmptaocIk5wcm9qZWN0cy90aGV2aXNhbWFuYWdlci1iZWE4MC9sb2NhdGlvbnMvdXMtY2VudHJhbDEvZnVuY3Rpb25zL2dldEdvb2dsZVJldmlld3MqCwjt7ODMBhCA17YOMghub2RlanMyMDp2CiNnY3IuaW8vZ2FlLXJ1bnRpbWVzL25vZGVqczIwOnN0YWJsZRJPdXMtY2VudHJhbDEtZG9ja2VyLnBrZy5kZXYvc2VydmVybGVzcy1ydW50aW1lcy9nb29nbGUtMjItZnVsbC9ydW50aW1lcy9ub2RlanMyMEAB","operationType":"UPDATE_FUNCTION","buildName":"projects/973458787565/locations/us-central1/builds/be7264f0-8f10-4e61-b9dc-fa5c7ccdcc8d"},"done":false}
[debug] [2026-02-20T10:25:08.734Z] Got source token Cldwcm9qZWN0cy85NzM0NTg3ODc1NjUvbG9jYXRpb25zL3VzLWNlbnRyYWwxL2J1aWxkcy9iZTcyNjRmMC04ZjEwLTRlNjEtYjlkYy1mYTVjN2NjZGNjOGQSf3VzLWNlbnRyYWwxLWRvY2tlci5wa2cuZGV2L3RoZXZpc2FtYW5hZ2VyLWJlYTgwL2djZi1hcnRpZmFjdHMvdGhldmlzYW1hbmFnZXItLWJlYTgwX191cy0tY2VudHJhbDFfX2dldF9nb29nbGVfcmV2aWV3czp2ZXJzaW9uXzEY7ZmptaocIk5wcm9qZWN0cy90aGV2aXNhbWFuYWdlci1iZWE4MC9sb2NhdGlvbnMvdXMtY2VudHJhbDEvZnVuY3Rpb25zL2dldEdvb2dsZVJldmlld3MqCwjt7ODMBhCA17YOMghub2RlanMyMDp2CiNnY3IuaW8vZ2FlLXJ1bnRpbWVzL25vZGVqczIwOnN0YWJsZRJPdXMtY2VudHJhbDEtZG9ja2VyLnBrZy5kZXYvc2VydmVybGVzcy1ydW50aW1lcy9nb29nbGUtMjItZnVsbC9ydW50aW1lcy9ub2RlanMyMEAB for region us-central1
[debug] [2026-02-20T10:25:09.053Z] [update-default-us-central1-extractTextFromImage] Retrying task index 0
[debug] [2026-02-20T10:25:09.054Z] Checked if tokens are valid: true, expires at: 1771585909769
[debug] [2026-02-20T10:25:09.054Z] Checked if tokens are valid: true, expires at: 1771585909769
[debug] [2026-02-20T10:25:09.054Z] >>> [apiv2][query] GET https://cloudfunctions.googleapis.com/v2/projects/thevisamanager-bea80/locations/us-central1/operations/operation-1771583086810-64b3ed49453cf-7b8f9fa4-e210dcf9 [none]
[debug] [2026-02-20T10:25:09.115Z] <<< [apiv2][status] GET https://cloudfunctions.googleapis.com/v2/projects/thevisamanager-bea80/locations/us-central1/operations/operation-1771583087317-64b3ed49c1066-6f831152-856a71c2 200
[debug] [2026-02-20T10:25:09.115Z] <<< [apiv2][body] GET https://cloudfunctions.googleapis.com/v2/projects/thevisamanager-bea80/locations/us-central1/operations/operation-1771583087317-64b3ed49c1066-6f831152-856a71c2 {"name":"projects/thevisamanager-bea80/locations/us-central1/operations/operation-1771583087317-64b3ed49c1066-6f831152-856a71c2","metadata":{"@type":"type.googleapis.com/google.cloud.functions.v2.OperationMetadata","createTime":"2026-02-20T10:24:47.995566293Z","target":"projects/thevisamanager-bea80/locations/us-central1/functions/api","verb":"update","cancelRequested":false,"apiVersion":"v2","requestResource":{"@type":"type.googleapis.com/google.cloud.functions.v2.Function","name":"projects/thevisamanager-bea80/locations/us-central1/functions/api","buildConfig":{"runtime":"nodejs20","entryPoint":"api","source":{"storageSource":{"bucket":"gcf-v2-sources-973458787565-us-central1","object":"api/function-source.zip","generation":"1771583087952705"}},"environmentVariables":{"GOOGLE_NODE_RUN_SCRIPTS":""},"dockerRepository":"projects/thevisamanager-bea80/locations/us-central1/repositories/gcf-artifacts","sourceProvenance":{"resolvedStorageSource":{"bucket":"gcf-v2-sources-973458787565-us-central1","object":"api/function-source.zip","generation":"1771506316383213"}},"dockerRegistry":"ARTIFACT_REGISTRY","sourceToken":"Cldwcm9qZWN0cy85NzM0NTg3ODc1NjUvbG9jYXRpb25zL3VzLWNlbnRyYWwxL2J1aWxkcy9iZTcyNjRmMC04ZjEwLTRlNjEtYjlkYy1mYTVjN2NjZGNjOGQSf3VzLWNlbnRyYWwxLWRvY2tlci5wa2cuZGV2L3RoZXZpc2FtYW5hZ2VyLWJlYTgwL2djZi1hcnRpZmFjdHMvdGhldmlzYW1hbmFnZXItLWJlYTgwX191cy0tY2VudHJhbDFfX2dldF9nb29nbGVfcmV2aWV3czp2ZXJzaW9uXzEY7ZmptaocIk5wcm9qZWN0cy90aGV2aXNhbWFuYWdlci1iZWE4MC9sb2NhdGlvbnMvdXMtY2VudHJhbDEvZnVuY3Rpb25zL2dldEdvb2dsZVJldmlld3MqCwjt7ODMBhCA17YOMghub2RlanMyMDp2CiNnY3IuaW8vZ2FlLXJ1bnRpbWVzL25vZGVqczIwOnN0YWJsZRJPdXMtY2VudHJhbDEtZG9ja2VyLnBrZy5kZXYvc2VydmVybGVzcy1ydW50aW1lcy9nb29nbGUtMjItZnVsbC9ydW50aW1lcy9ub2RlanMyMEAB","serviceAccount":"projects/thevisamanager-bea80/serviceAccounts/973458787565-compute@developer.gserviceaccount.com","automaticUpdatePolicy":{}},"serviceConfig":{"service":"projects/thevisamanager-bea80/locations/us-central1/services/api","timeoutSeconds":60,"environmentVariables":{"FIREBASE_CONFIG":"{\"projectId\":\"thevisamanager-bea80\",\"storageBucket\":\"thevisamanager-bea80.firebasestorage.app\"}","GCLOUD_PROJECT":"thevisamanager-bea80","EVENTARC_CLOUD_EVENT_SOURCE":"projects/thevisamanager-bea80/locations/us-central1/services/api","FUNCTION_TARGET":"api","LOG_EXECUTION_ID":"true","FUNCTION_SIGNATURE_TYPE":"http"},"ingressSettings":"ALLOW_ALL","uri":"https://api-fdkefcllsq-uc.a.run.app","serviceAccountEmail":"973458787565-compute@developer.gserviceaccount.com","availableMemory":"256Mi","allTrafficOnLatestRevision":true,"secretEnvironmentVariables":[{"key":"RAZORPAY_KEY_ID","projectId":"thevisamanager-bea80","secret":"RAZORPAY_KEY_ID","version":"13"},{"key":"RAZORPAY_KEY_SECRET","projectId":"thevisamanager-bea80","secret":"RAZORPAY_KEY_SECRET","version":"14"}],"revision":"api-00014-ruh","maxInstanceRequestConcurrency":80,"availableCpu":"1"},"state":"ACTIVE","labels":{"deployment-tool":"cli-firebase","firebase-functions-hash":"3be6f66445462f7a4f52be17e2686a758ca186b1"},"environment":"GEN_2","url":"https://us-central1-thevisamanager-bea80.cloudfunctions.net/api","satisfiesPzi":true},"stages":[{"name":"BUILD","message":"Reusing build","state":"COMPLETE","resource":"projects/973458787565/locations/us-central1/builds/be7264f0-8f10-4e61-b9dc-fa5c7ccdcc8d","stateMessages":[{"severity":"WARNING","type":"BuildAnalysisWarning","message":"Node.js 20 is no longer supported by the Node.js community as of 30 April, 2026. Node.js 20 will be deprecated on 2026-04-30. We recommend you to upgrade to the latest version of Node.js as soon as possible."}]},{"name":"SERVICE","message":"Updating Cloud Run service","state":"IN_PROGRESS","resource":"projects/thevisamanager-bea80/locations/us-central1/services/api","resourceUri":"https://console.cloud.google.com/run/detail/us-central1/api?project=thevisamanager-bea80","stateMessages":[{"severity":"INFO","type":"CloudRunServiceNewRevisionTrafficInfo","message":"A new revision will be deployed serving with 100% traffic."}]}],"sourceToken":"Cldwcm9qZWN0cy85NzM0NTg3ODc1NjUvbG9jYXRpb25zL3VzLWNlbnRyYWwxL2J1aWxkcy9iZTcyNjRmMC04ZjEwLTRlNjEtYjlkYy1mYTVjN2NjZGNjOGQSf3VzLWNlbnRyYWwxLWRvY2tlci5wa2cuZGV2L3RoZXZpc2FtYW5hZ2VyLWJlYTgwL2djZi1hcnRpZmFjdHMvdGhldmlzYW1hbmFnZXItLWJlYTgwX191cy0tY2VudHJhbDFfX2dldF9nb29nbGVfcmV2aWV3czp2ZXJzaW9uXzEY7ZmptaocIk5wcm9qZWN0cy90aGV2aXNhbWFuYWdlci1iZWE4MC9sb2NhdGlvbnMvdXMtY2VudHJhbDEvZnVuY3Rpb25zL2dldEdvb2dsZVJldmlld3MqCwjt7ODMBhCA17YOMghub2RlanMyMDp2CiNnY3IuaW8vZ2FlLXJ1bnRpbWVzL25vZGVqczIwOnN0YWJsZRJPdXMtY2VudHJhbDEtZG9ja2VyLnBrZy5kZXYvc2VydmVybGVzcy1ydW50aW1lcy9nb29nbGUtMjItZnVsbC9ydW50aW1lcy9ub2RlanMyMEAB","operationType":"UPDATE_FUNCTION","buildName":"projects/973458787565/locations/us-central1/builds/be7264f0-8f10-4e61-b9dc-fa5c7ccdcc8d"},"done":false}
[debug] [2026-02-20T10:25:09.117Z] Got source token Cldwcm9qZWN0cy85NzM0NTg3ODc1NjUvbG9jYXRpb25zL3VzLWNlbnRyYWwxL2J1aWxkcy9iZTcyNjRmMC04ZjEwLTRlNjEtYjlkYy1mYTVjN2NjZGNjOGQSf3VzLWNlbnRyYWwxLWRvY2tlci5wa2cuZGV2L3RoZXZpc2FtYW5hZ2VyLWJlYTgwL2djZi1hcnRpZmFjdHMvdGhldmlzYW1hbmFnZXItLWJlYTgwX191cy0tY2VudHJhbDFfX2dldF9nb29nbGVfcmV2aWV3czp2ZXJzaW9uXzEY7ZmptaocIk5wcm9qZWN0cy90aGV2aXNhbWFuYWdlci1iZWE4MC9sb2NhdGlvbnMvdXMtY2VudHJhbDEvZnVuY3Rpb25zL2dldEdvb2dsZVJldmlld3MqCwjt7ODMBhCA17YOMghub2RlanMyMDp2CiNnY3IuaW8vZ2FlLXJ1bnRpbWVzL25vZGVqczIwOnN0YWJsZRJPdXMtY2VudHJhbDEtZG9ja2VyLnBrZy5kZXYvc2VydmVybGVzcy1ydW50aW1lcy9nb29nbGUtMjItZnVsbC9ydW50aW1lcy9ub2RlanMyMEAB for region us-central1
[debug] [2026-02-20T10:25:10.469Z] <<< [apiv2][status] GET https://cloudfunctions.googleapis.com/v2/projects/thevisamanager-bea80/locations/us-central1/operations/operation-1771583086810-64b3ed49453cf-7b8f9fa4-e210dcf9 200
[debug] [2026-02-20T10:25:10.469Z] <<< [apiv2][body] GET https://cloudfunctions.googleapis.com/v2/projects/thevisamanager-bea80/locations/us-central1/operations/operation-1771583086810-64b3ed49453cf-7b8f9fa4-e210dcf9 {"name":"projects/thevisamanager-bea80/locations/us-central1/operations/operation-1771583086810-64b3ed49453cf-7b8f9fa4-e210dcf9","metadata":{"@type":"type.googleapis.com/google.cloud.functions.v2.OperationMetadata","createTime":"2026-02-20T10:24:47.624372993Z","target":"projects/thevisamanager-bea80/locations/us-central1/functions/extractTextFromImage","verb":"update","cancelRequested":false,"apiVersion":"v2","requestResource":{"@type":"type.googleapis.com/google.cloud.functions.v2.Function","name":"projects/thevisamanager-bea80/locations/us-central1/functions/extractTextFromImage","buildConfig":{"runtime":"nodejs20","entryPoint":"extractTextFromImage","source":{"storageSource":{"bucket":"gcf-v2-sources-973458787565-us-central1","object":"extractTextFromImage/function-source.zip","generation":"1771583087580264"}},"environmentVariables":{"GOOGLE_NODE_RUN_SCRIPTS":""},"dockerRepository":"projects/thevisamanager-bea80/locations/us-central1/repositories/gcf-artifacts","sourceProvenance":{"resolvedStorageSource":{"bucket":"gcf-v2-sources-973458787565-us-central1","object":"extractTextFromImage/function-source.zip","generation":"1770621006510739"}},"dockerRegistry":"ARTIFACT_REGISTRY","sourceToken":"Cldwcm9qZWN0cy85NzM0NTg3ODc1NjUvbG9jYXRpb25zL3VzLWNlbnRyYWwxL2J1aWxkcy9iZTcyNjRmMC04ZjEwLTRlNjEtYjlkYy1mYTVjN2NjZGNjOGQSf3VzLWNlbnRyYWwxLWRvY2tlci5wa2cuZGV2L3RoZXZpc2FtYW5hZ2VyLWJlYTgwL2djZi1hcnRpZmFjdHMvdGhldmlzYW1hbmFnZXItLWJlYTgwX191cy0tY2VudHJhbDFfX2dldF9nb29nbGVfcmV2aWV3czp2ZXJzaW9uXzEY7ZmptaocIk5wcm9qZWN0cy90aGV2aXNhbWFuYWdlci1iZWE4MC9sb2NhdGlvbnMvdXMtY2VudHJhbDEvZnVuY3Rpb25zL2dldEdvb2dsZVJldmlld3MqCwjt7ODMBhCA17YOMghub2RlanMyMDp2CiNnY3IuaW8vZ2FlLXJ1bnRpbWVzL25vZGVqczIwOnN0YWJsZRJPdXMtY2VudHJhbDEtZG9ja2VyLnBrZy5kZXYvc2VydmVybGVzcy1ydW50aW1lcy9nb29nbGUtMjItZnVsbC9ydW50aW1lcy9ub2RlanMyMEAB","serviceAccount":"projects/thevisamanager-bea80/serviceAccounts/973458787565-compute@developer.gserviceaccount.com","automaticUpdatePolicy":{}},"serviceConfig":{"service":"projects/thevisamanager-bea80/locations/us-central1/services/extracttextfromimage","timeoutSeconds":60,"environmentVariables":{"FIREBASE_CONFIG":"{\"projectId\":\"thevisamanager-bea80\",\"storageBucket\":\"thevisamanager-bea80.firebasestorage.app\"}","GCLOUD_PROJECT":"thevisamanager-bea80","EVENTARC_CLOUD_EVENT_SOURCE":"projects/thevisamanager-bea80/locations/us-central1/services/extractTextFromImage","FUNCTION_TARGET":"extractTextFromImage","LOG_EXECUTION_ID":"true","FUNCTION_SIGNATURE_TYPE":"http"},"ingressSettings":"ALLOW_ALL","uri":"https://extracttextfromimage-fdkefcllsq-uc.a.run.app","serviceAccountEmail":"973458787565-compute@developer.gserviceaccount.com","availableMemory":"256Mi","allTrafficOnLatestRevision":true,"secretEnvironmentVariables":[{"key":"VISION_API_KEY","projectId":"thevisamanager-bea80","secret":"VISION_API_KEY","version":"1"}],"revision":"extracttextfromimage-00025-yuy","maxInstanceRequestConcurrency":80,"availableCpu":"1"},"state":"ACTIVE","labels":{"deployment-tool":"cli-firebase","deployment-callable":"true","firebase-functions-hash":"6aa1c31b5d9894d6fa6cd089d652242d9ed3c40f"},"environment":"GEN_2","url":"https://us-central1-thevisamanager-bea80.cloudfunctions.net/extractTextFromImage","satisfiesPzi":true},"stages":[{"name":"BUILD","message":"Reusing build","state":"COMPLETE","resource":"projects/973458787565/locations/us-central1/builds/be7264f0-8f10-4e61-b9dc-fa5c7ccdcc8d","stateMessages":[{"severity":"WARNING","type":"BuildAnalysisWarning","message":"Node.js 20 is no longer supported by the Node.js community as of 30 April, 2026. Node.js 20 will be deprecated on 2026-04-30. We recommend you to upgrade to the latest version of Node.js as soon as possible."}]},{"name":"SERVICE","message":"Updating Cloud Run service","state":"IN_PROGRESS","resource":"projects/thevisamanager-bea80/locations/us-central1/services/extracttextfromimage","resourceUri":"https://console.cloud.google.com/run/detail/us-central1/extracttextfromimage?project=thevisamanager-bea80","stateMessages":[{"severity":"INFO","type":"CloudRunServiceNewRevisionTrafficInfo","message":"A new revision will be deployed serving with 100% traffic."}]}],"sourceToken":"Cldwcm9qZWN0cy85NzM0NTg3ODc1NjUvbG9jYXRpb25zL3VzLWNlbnRyYWwxL2J1aWxkcy9iZTcyNjRmMC04ZjEwLTRlNjEtYjlkYy1mYTVjN2NjZGNjOGQSf3VzLWNlbnRyYWwxLWRvY2tlci5wa2cuZGV2L3RoZXZpc2FtYW5hZ2VyLWJlYTgwL2djZi1hcnRpZmFjdHMvdGhldmlzYW1hbmFnZXItLWJlYTgwX191cy0tY2VudHJhbDFfX2dldF9nb29nbGVfcmV2aWV3czp2ZXJzaW9uXzEY7ZmptaocIk5wcm9qZWN0cy90aGV2aXNhbWFuYWdlci1iZWE4MC9sb2NhdGlvbnMvdXMtY2VudHJhbDEvZnVuY3Rpb25zL2dldEdvb2dsZVJldmlld3MqCwjt7ODMBhCA17YOMghub2RlanMyMDp2CiNnY3IuaW8vZ2FlLXJ1bnRpbWVzL25vZGVqczIwOnN0YWJsZRJPdXMtY2VudHJhbDEtZG9ja2VyLnBrZy5kZXYvc2VydmVybGVzcy1ydW50aW1lcy9nb29nbGUtMjItZnVsbC9ydW50aW1lcy9ub2RlanMyMEAB","operationType":"UPDATE_FUNCTION","buildName":"projects/973458787565/locations/us-central1/builds/be7264f0-8f10-4e61-b9dc-fa5c7ccdcc8d"},"done":false}
[debug] [2026-02-20T10:25:10.470Z] Got source token Cldwcm9qZWN0cy85NzM0NTg3ODc1NjUvbG9jYXRpb25zL3VzLWNlbnRyYWwxL2J1aWxkcy9iZTcyNjRmMC04ZjEwLTRlNjEtYjlkYy1mYTVjN2NjZGNjOGQSf3VzLWNlbnRyYWwxLWRvY2tlci5wa2cuZGV2L3RoZXZpc2FtYW5hZ2VyLWJlYTgwL2djZi1hcnRpZmFjdHMvdGhldmlzYW1hbmFnZXItLWJlYTgwX191cy0tY2VudHJhbDFfX2dldF9nb29nbGVfcmV2aWV3czp2ZXJzaW9uXzEY7ZmptaocIk5wcm9qZWN0cy90aGV2aXNhbWFuYWdlci1iZWE4MC9sb2NhdGlvbnMvdXMtY2VudHJhbDEvZnVuY3Rpb25zL2dldEdvb2dsZVJldmlld3MqCwjt7ODMBhCA17YOMghub2RlanMyMDp2CiNnY3IuaW8vZ2FlLXJ1bnRpbWVzL25vZGVqczIwOnN0YWJsZRJPdXMtY2VudHJhbDEtZG9ja2VyLnBrZy5kZXYvc2VydmVybGVzcy1ydW50aW1lcy9nb29nbGUtMjItZnVsbC9ydW50aW1lcy9ub2RlanMyMEAB for region us-central1
[debug] [2026-02-20T10:25:18.325Z] [delete-default-us-central1-cleanupUserData] Retrying task index 0
[debug] [2026-02-20T10:25:18.326Z] Checked if tokens are valid: true, expires at: 1771585909769
[debug] [2026-02-20T10:25:18.326Z] Checked if tokens are valid: true, expires at: 1771585909769
[debug] [2026-02-20T10:25:18.326Z] >>> [apiv2][query] GET https://cloudfunctions.googleapis.com/v1/operations/cHJvamVjdHMvdGhldmlzYW1hbmFnZXItYmVhODAvbG9jYXRpb25zL3VzLWNlbnRyYWwxL29wZXJhdGlvbnMvb3BlcmF0aW9uLTE3NzE1ODMwMzY0NTktNjRiM2VkMTk0MGJhNC1iZThhMDc1MS1mMGFjYTYyOA [none]
[debug] [2026-02-20T10:25:18.328Z] [update-default-us-central1-getGoogleReviews] Retrying task index 0
[debug] [2026-02-20T10:25:18.328Z] Checked if tokens are valid: true, expires at: 1771585909769
[debug] [2026-02-20T10:25:18.328Z] Checked if tokens are valid: true, expires at: 1771585909769
[debug] [2026-02-20T10:25:18.328Z] >>> [apiv2][query] GET https://cloudfunctions.googleapis.com/v2/projects/thevisamanager-bea80/locations/us-central1/operations/operation-1771583037078-64b3ed19d7ac3-8430cd1d-10e2b539 [none]
[debug] [2026-02-20T10:25:18.746Z] [update-default-us-central1-generateInvoice] Retrying task index 0
[debug] [2026-02-20T10:25:18.747Z] Checked if tokens are valid: true, expires at: 1771585909769
[debug] [2026-02-20T10:25:18.747Z] Checked if tokens are valid: true, expires at: 1771585909769
[debug] [2026-02-20T10:25:18.747Z] >>> [apiv2][query] GET https://cloudfunctions.googleapis.com/v2/projects/thevisamanager-bea80/locations/us-central1/operations/operation-1771583086574-64b3ed490bb0e-a789a0fc-71d68833 [none]
[debug] [2026-02-20T10:25:19.118Z] [update-default-us-central1-api] Retrying task index 0
[debug] [2026-02-20T10:25:19.119Z] Checked if tokens are valid: true, expires at: 1771585909769
[debug] [2026-02-20T10:25:19.119Z] Checked if tokens are valid: true, expires at: 1771585909769
[debug] [2026-02-20T10:25:19.119Z] >>> [apiv2][query] GET https://cloudfunctions.googleapis.com/v2/projects/thevisamanager-bea80/locations/us-central1/operations/operation-1771583087317-64b3ed49c1066-6f831152-856a71c2 [none]
[debug] [2026-02-20T10:25:19.377Z] <<< [apiv2][status] GET https://cloudfunctions.googleapis.com/v1/operations/cHJvamVjdHMvdGhldmlzYW1hbmFnZXItYmVhODAvbG9jYXRpb25zL3VzLWNlbnRyYWwxL29wZXJhdGlvbnMvb3BlcmF0aW9uLTE3NzE1ODMwMzY0NTktNjRiM2VkMTk0MGJhNC1iZThhMDc1MS1mMGFjYTYyOA 200
[debug] [2026-02-20T10:25:19.377Z] <<< [apiv2][body] GET https://cloudfunctions.googleapis.com/v1/operations/cHJvamVjdHMvdGhldmlzYW1hbmFnZXItYmVhODAvbG9jYXRpb25zL3VzLWNlbnRyYWwxL29wZXJhdGlvbnMvb3BlcmF0aW9uLTE3NzE1ODMwMzY0NTktNjRiM2VkMTk0MGJhNC1iZThhMDc1MS1mMGFjYTYyOA {"name":"operations/cHJvamVjdHMvdGhldmlzYW1hbmFnZXItYmVhODAvbG9jYXRpb25zL3VzLWNlbnRyYWwxL29wZXJhdGlvbnMvb3BlcmF0aW9uLTE3NzE1ODMwMzY0NTktNjRiM2VkMTk0MGJhNC1iZThhMDc1MS1mMGFjYTYyOA","metadata":{"@type":"type.googleapis.com/google.cloud.functions.v1.OperationMetadataV1","target":"projects/thevisamanager-bea80/locations/us-central1/functions/cleanupUserData","type":"DELETE_FUNCTION","request":{"@type":"type.googleapis.com/google.cloud.functions.v1.CloudFunction","name":"projects/thevisamanager-bea80/locations/us-central1/functions/cleanupUserData","httpsTrigger":{},"updateTime":"1970-01-01T00:00:00Z"},"updateTime":"2026-02-20T10:23:56.541273886Z"}}
[debug] [2026-02-20T10:25:19.478Z] <<< [apiv2][status] GET https://cloudfunctions.googleapis.com/v2/projects/thevisamanager-bea80/locations/us-central1/operations/operation-1771583037078-64b3ed19d7ac3-8430cd1d-10e2b539 200
[debug] [2026-02-20T10:25:19.478Z] <<< [apiv2][body] GET https://cloudfunctions.googleapis.com/v2/projects/thevisamanager-bea80/locations/us-central1/operations/operation-1771583037078-64b3ed19d7ac3-8430cd1d-10e2b539 {"name":"projects/thevisamanager-bea80/locations/us-central1/operations/operation-1771583037078-64b3ed19d7ac3-8430cd1d-10e2b539","metadata":{"@type":"type.googleapis.com/google.cloud.functions.v2.OperationMetadata","createTime":"2026-02-20T10:23:57.950202037Z","target":"projects/thevisamanager-bea80/locations/us-central1/functions/getGoogleReviews","verb":"update","cancelRequested":false,"apiVersion":"v2","requestResource":{"@type":"type.googleapis.com/google.cloud.functions.v2.Function","name":"projects/thevisamanager-bea80/locations/us-central1/functions/getGoogleReviews","buildConfig":{"runtime":"nodejs20","entryPoint":"getGoogleReviews","source":{"storageSource":{"bucket":"gcf-v2-sources-973458787565-us-central1","object":"getGoogleReviews/function-source.zip","generation":"1771583037909598"}},"environmentVariables":{"GOOGLE_NODE_RUN_SCRIPTS":""},"dockerRepository":"projects/thevisamanager-bea80/locations/us-central1/repositories/gcf-artifacts","sourceProvenance":{"resolvedStorageSource":{"bucket":"gcf-v2-sources-973458787565-us-central1","object":"getGoogleReviews/function-source.zip","generation":"1770620936138804"}},"dockerRegistry":"ARTIFACT_REGISTRY","serviceAccount":"projects/thevisamanager-bea80/serviceAccounts/973458787565-compute@developer.gserviceaccount.com","automaticUpdatePolicy":{}},"serviceConfig":{"service":"projects/thevisamanager-bea80/locations/us-central1/services/getgooglereviews","timeoutSeconds":60,"environmentVariables":{"FIREBASE_CONFIG":"{\"projectId\":\"thevisamanager-bea80\",\"storageBucket\":\"thevisamanager-bea80.firebasestorage.app\"}","GCLOUD_PROJECT":"thevisamanager-bea80","EVENTARC_CLOUD_EVENT_SOURCE":"projects/thevisamanager-bea80/locations/us-central1/services/getGoogleReviews","FUNCTION_TARGET":"getGoogleReviews","LOG_EXECUTION_ID":"true","FUNCTION_SIGNATURE_TYPE":"http"},"ingressSettings":"ALLOW_ALL","uri":"https://getgooglereviews-fdkefcllsq-uc.a.run.app","serviceAccountEmail":"973458787565-compute@developer.gserviceaccount.com","availableMemory":"256Mi","allTrafficOnLatestRevision":true,"secretEnvironmentVariables":[{"key":"GOOGLE_PLACES_KEY","projectId":"thevisamanager-bea80","secret":"GOOGLE_PLACES_KEY","version":"5"}],"revision":"getgooglereviews-00007-qoz","maxInstanceRequestConcurrency":80,"availableCpu":"1"},"state":"ACTIVE","labels":{"deployment-tool":"cli-firebase","firebase-functions-hash":"327b007ef8f69a9ac7fd4a676c0d9ee91665a95f"},"environment":"GEN_2","url":"https://us-central1-thevisamanager-bea80.cloudfunctions.net/getGoogleReviews","satisfiesPzi":true},"stages":[{"name":"BUILD","message":"Build finished","state":"COMPLETE","resource":"projects/973458787565/locations/us-central1/builds/be7264f0-8f10-4e61-b9dc-fa5c7ccdcc8d","resourceUri":"https://console.cloud.google.com/cloud-build/builds;region=us-central1/be7264f0-8f10-4e61-b9dc-fa5c7ccdcc8d?project=973458787565"},{"name":"SERVICE","message":"Updating Cloud Run service","state":"IN_PROGRESS","resource":"projects/thevisamanager-bea80/locations/us-central1/services/getgooglereviews","resourceUri":"https://console.cloud.google.com/run/detail/us-central1/getgooglereviews?project=thevisamanager-bea80","stateMessages":[{"severity":"INFO","type":"CloudRunServiceNewRevisionTrafficInfo","message":"A new revision will be deployed serving with 100% traffic."}]}],"sourceToken":"Cldwcm9qZWN0cy85NzM0NTg3ODc1NjUvbG9jYXRpb25zL3VzLWNlbnRyYWwxL2J1aWxkcy9iZTcyNjRmMC04ZjEwLTRlNjEtYjlkYy1mYTVjN2NjZGNjOGQSf3VzLWNlbnRyYWwxLWRvY2tlci5wa2cuZGV2L3RoZXZpc2FtYW5hZ2VyLWJlYTgwL2djZi1hcnRpZmFjdHMvdGhldmlzYW1hbmFnZXItLWJlYTgwX191cy0tY2VudHJhbDFfX2dldF9nb29nbGVfcmV2aWV3czp2ZXJzaW9uXzEY7ZmptaocIk5wcm9qZWN0cy90aGV2aXNhbWFuYWdlci1iZWE4MC9sb2NhdGlvbnMvdXMtY2VudHJhbDEvZnVuY3Rpb25zL2dldEdvb2dsZVJldmlld3MqCwjt7ODMBhCA17YOMghub2RlanMyMDp2CiNnY3IuaW8vZ2FlLXJ1bnRpbWVzL25vZGVqczIwOnN0YWJsZRJPdXMtY2VudHJhbDEtZG9ja2VyLnBrZy5kZXYvc2VydmVybGVzcy1ydW50aW1lcy9nb29nbGUtMjItZnVsbC9ydW50aW1lcy9ub2RlanMyMEAB","operationType":"UPDATE_FUNCTION","buildName":"projects/973458787565/locations/us-central1/builds/be7264f0-8f10-4e61-b9dc-fa5c7ccdcc8d"},"done":false}
[debug] [2026-02-20T10:25:19.479Z] Got source token Cldwcm9qZWN0cy85NzM0NTg3ODc1NjUvbG9jYXRpb25zL3VzLWNlbnRyYWwxL2J1aWxkcy9iZTcyNjRmMC04ZjEwLTRlNjEtYjlkYy1mYTVjN2NjZGNjOGQSf3VzLWNlbnRyYWwxLWRvY2tlci5wa2cuZGV2L3RoZXZpc2FtYW5hZ2VyLWJlYTgwL2djZi1hcnRpZmFjdHMvdGhldmlzYW1hbmFnZXItLWJlYTgwX191cy0tY2VudHJhbDFfX2dldF9nb29nbGVfcmV2aWV3czp2ZXJzaW9uXzEY7ZmptaocIk5wcm9qZWN0cy90aGV2aXNhbWFuYWdlci1iZWE4MC9sb2NhdGlvbnMvdXMtY2VudHJhbDEvZnVuY3Rpb25zL2dldEdvb2dsZVJldmlld3MqCwjt7ODMBhCA17YOMghub2RlanMyMDp2CiNnY3IuaW8vZ2FlLXJ1bnRpbWVzL25vZGVqczIwOnN0YWJsZRJPdXMtY2VudHJhbDEtZG9ja2VyLnBrZy5kZXYvc2VydmVybGVzcy1ydW50aW1lcy9nb29nbGUtMjItZnVsbC9ydW50aW1lcy9ub2RlanMyMEAB for region us-central1
[debug] [2026-02-20T10:25:20.347Z] <<< [apiv2][status] GET https://cloudfunctions.googleapis.com/v2/projects/thevisamanager-bea80/locations/us-central1/operations/operation-1771583086574-64b3ed490bb0e-a789a0fc-71d68833 200
[debug] [2026-02-20T10:25:20.347Z] <<< [apiv2][body] GET https://cloudfunctions.googleapis.com/v2/projects/thevisamanager-bea80/locations/us-central1/operations/operation-1771583086574-64b3ed490bb0e-a789a0fc-71d68833 {"name":"projects/thevisamanager-bea80/locations/us-central1/operations/operation-1771583086574-64b3ed490bb0e-a789a0fc-71d68833","metadata":{"@type":"type.googleapis.com/google.cloud.functions.v2.OperationMetadata","createTime":"2026-02-20T10:24:47.271709039Z","endTime":"2026-02-20T10:25:19.174293057Z","target":"projects/thevisamanager-bea80/locations/us-central1/functions/generateInvoice","verb":"update","cancelRequested":false,"apiVersion":"v2","requestResource":{"@type":"type.googleapis.com/google.cloud.functions.v2.Function","name":"projects/thevisamanager-bea80/locations/us-central1/functions/generateInvoice","buildConfig":{"runtime":"nodejs20","entryPoint":"generateInvoice","source":{"storageSource":{"bucket":"gcf-v2-sources-973458787565-us-central1","object":"generateInvoice/function-source.zip","generation":"1771583087229665"}},"environmentVariables":{"GOOGLE_NODE_RUN_SCRIPTS":""},"dockerRepository":"projects/thevisamanager-bea80/locations/us-central1/repositories/gcf-artifacts","sourceProvenance":{"resolvedStorageSource":{"bucket":"gcf-v2-sources-973458787565-us-central1","object":"generateInvoice/function-source.zip","generation":"1771506316885853"}},"dockerRegistry":"ARTIFACT_REGISTRY","sourceToken":"Cldwcm9qZWN0cy85NzM0NTg3ODc1NjUvbG9jYXRpb25zL3VzLWNlbnRyYWwxL2J1aWxkcy9iZTcyNjRmMC04ZjEwLTRlNjEtYjlkYy1mYTVjN2NjZGNjOGQSf3VzLWNlbnRyYWwxLWRvY2tlci5wa2cuZGV2L3RoZXZpc2FtYW5hZ2VyLWJlYTgwL2djZi1hcnRpZmFjdHMvdGhldmlzYW1hbmFnZXItLWJlYTgwX191cy0tY2VudHJhbDFfX2dldF9nb29nbGVfcmV2aWV3czp2ZXJzaW9uXzEY7ZmptaocIk5wcm9qZWN0cy90aGV2aXNhbWFuYWdlci1iZWE4MC9sb2NhdGlvbnMvdXMtY2VudHJhbDEvZnVuY3Rpb25zL2dldEdvb2dsZVJldmlld3MqCwjt7ODMBhCA17YOMghub2RlanMyMDp2CiNnY3IuaW8vZ2FlLXJ1bnRpbWVzL25vZGVqczIwOnN0YWJsZRJPdXMtY2VudHJhbDEtZG9ja2VyLnBrZy5kZXYvc2VydmVybGVzcy1ydW50aW1lcy9nb29nbGUtMjItZnVsbC9ydW50aW1lcy9ub2RlanMyMEAB","serviceAccount":"projects/thevisamanager-bea80/serviceAccounts/973458787565-compute@developer.gserviceaccount.com","automaticUpdatePolicy":{}},"serviceConfig":{"service":"projects/thevisamanager-bea80/locations/us-central1/services/generateinvoice","timeoutSeconds":60,"environmentVariables":{"FIREBASE_CONFIG":"{\"projectId\":\"thevisamanager-bea80\",\"storageBucket\":\"thevisamanager-bea80.firebasestorage.app\"}","GCLOUD_PROJECT":"thevisamanager-bea80","EVENTARC_CLOUD_EVENT_SOURCE":"projects/thevisamanager-bea80/locations/us-central1/services/generateInvoice","FUNCTION_TARGET":"generateInvoice","LOG_EXECUTION_ID":"true","FUNCTION_SIGNATURE_TYPE":"http"},"ingressSettings":"ALLOW_ALL","uri":"https://generateinvoice-fdkefcllsq-uc.a.run.app","serviceAccountEmail":"973458787565-compute@developer.gserviceaccount.com","availableMemory":"256Mi","allTrafficOnLatestRevision":true,"secretEnvironmentVariables":[{"key":"RAZORPAY_KEY_ID","projectId":"thevisamanager-bea80","secret":"RAZORPAY_KEY_ID","version":"13"},{"key":"RAZORPAY_KEY_SECRET","projectId":"thevisamanager-bea80","secret":"RAZORPAY_KEY_SECRET","version":"14"}],"revision":"generateinvoice-00118-nag","maxInstanceRequestConcurrency":80,"availableCpu":"1"},"state":"ACTIVE","labels":{"deployment-tool":"cli-firebase","deployment-callable":"true","firebase-functions-hash":"3be6f66445462f7a4f52be17e2686a758ca186b1"},"environment":"GEN_2","url":"https://us-central1-thevisamanager-bea80.cloudfunctions.net/generateInvoice","satisfiesPzi":true},"stages":[{"name":"BUILD","message":"Reusing build","state":"COMPLETE","resource":"projects/973458787565/locations/us-central1/builds/be7264f0-8f10-4e61-b9dc-fa5c7ccdcc8d","stateMessages":[{"severity":"WARNING","type":"BuildAnalysisWarning","message":"Node.js 20 is no longer supported by the Node.js community as of 30 April, 2026. Node.js 20 will be deprecated on 2026-04-30. We recommend you to upgrade to the latest version of Node.js as soon as possible."}]},{"name":"SERVICE","message":"Updating Cloud Run service","state":"COMPLETE","resource":"projects/thevisamanager-bea80/locations/us-central1/services/generateinvoice","resourceUri":"https://console.cloud.google.com/run/detail/us-central1/generateinvoice?project=thevisamanager-bea80","stateMessages":[{"severity":"INFO","type":"CloudRunServiceNewRevisionTrafficInfo","message":"A new revision will be deployed serving with 100% traffic."}]}],"sourceToken":"Cldwcm9qZWN0cy85NzM0NTg3ODc1NjUvbG9jYXRpb25zL3VzLWNlbnRyYWwxL2J1aWxkcy9iZTcyNjRmMC04ZjEwLTRlNjEtYjlkYy1mYTVjN2NjZGNjOGQSf3VzLWNlbnRyYWwxLWRvY2tlci5wa2cuZGV2L3RoZXZpc2FtYW5hZ2VyLWJlYTgwL2djZi1hcnRpZmFjdHMvdGhldmlzYW1hbmFnZXItLWJlYTgwX191cy0tY2VudHJhbDFfX2dldF9nb29nbGVfcmV2aWV3czp2ZXJzaW9uXzEY7ZmptaocIk5wcm9qZWN0cy90aGV2aXNhbWFuYWdlci1iZWE4MC9sb2NhdGlvbnMvdXMtY2VudHJhbDEvZnVuY3Rpb25zL2dldEdvb2dsZVJldmlld3MqCwjt7ODMBhCA17YOMghub2RlanMyMDp2CiNnY3IuaW8vZ2FlLXJ1bnRpbWVzL25vZGVqczIwOnN0YWJsZRJPdXMtY2VudHJhbDEtZG9ja2VyLnBrZy5kZXYvc2VydmVybGVzcy1ydW50aW1lcy9nb29nbGUtMjItZnVsbC9ydW50aW1lcy9ub2RlanMyMEAB","operationType":"UPDATE_FUNCTION","buildName":"projects/973458787565/locations/us-central1/builds/be7264f0-8f10-4e61-b9dc-fa5c7ccdcc8d"},"done":true,"response":{"@type":"type.googleapis.com/google.cloud.functions.v2.Function","name":"projects/thevisamanager-bea80/locations/us-central1/functions/generateInvoice","buildConfig":{"build":"projects/973458787565/locations/us-central1/builds/be7264f0-8f10-4e61-b9dc-fa5c7ccdcc8d","runtime":"nodejs20","entryPoint":"generateInvoice","source":{"storageSource":{"bucket":"gcf-v2-sources-973458787565-us-central1","object":"generateInvoice/function-source.zip","generation":"1771583087229665"}},"environmentVariables":{"GOOGLE_NODE_RUN_SCRIPTS":""},"dockerRepository":"projects/thevisamanager-bea80/locations/us-central1/repositories/gcf-artifacts","sourceProvenance":{"resolvedStorageSource":{"bucket":"gcf-v2-sources-973458787565-us-central1","object":"generateInvoice/function-source.zip","generation":"1771583087229665"}},"dockerRegistry":"ARTIFACT_REGISTRY","serviceAccount":"projects/thevisamanager-bea80/serviceAccounts/973458787565-compute@developer.gserviceaccount.com","automaticUpdatePolicy":{}},"serviceConfig":{"service":"projects/thevisamanager-bea80/locations/us-central1/services/generateinvoice","timeoutSeconds":60,"environmentVariables":{"FIREBASE_CONFIG":"{\"projectId\":\"thevisamanager-bea80\",\"storageBucket\":\"thevisamanager-bea80.firebasestorage.app\"}","GCLOUD_PROJECT":"thevisamanager-bea80","EVENTARC_CLOUD_EVENT_SOURCE":"projects/thevisamanager-bea80/locations/us-central1/services/generateInvoice","FUNCTION_TARGET":"generateInvoice","LOG_EXECUTION_ID":"true","FUNCTION_SIGNATURE_TYPE":"http"},"maxInstanceCount":20,"ingressSettings":"ALLOW_ALL","uri":"https://generateinvoice-fdkefcllsq-uc.a.run.app","serviceAccountEmail":"973458787565-compute@developer.gserviceaccount.com","availableMemory":"256Mi","allTrafficOnLatestRevision":true,"secretEnvironmentVariables":[{"key":"RAZORPAY_KEY_ID","projectId":"thevisamanager-bea80","secret":"RAZORPAY_KEY_ID","version":"13"},{"key":"RAZORPAY_KEY_SECRET","projectId":"thevisamanager-bea80","secret":"RAZORPAY_KEY_SECRET","version":"14"}],"revision":"generateinvoice-00119-kih","maxInstanceRequestConcurrency":80,"availableCpu":"1"},"state":"ACTIVE","updateTime":"2026-02-20T10:24:47.273811178Z","labels":{"deployment-tool":"cli-firebase","deployment-callable":"true","firebase-functions-hash":"3be6f66445462f7a4f52be17e2686a758ca186b1"},"environment":"GEN_2","url":"https://us-central1-thevisamanager-bea80.cloudfunctions.net/generateInvoice","createTime":"2025-12-08T05:32:33.790052946Z","satisfiesPzi":true}}
[debug] [2026-02-20T10:25:20.348Z] Got source token Cldwcm9qZWN0cy85NzM0NTg3ODc1NjUvbG9jYXRpb25zL3VzLWNlbnRyYWwxL2J1aWxkcy9iZTcyNjRmMC04ZjEwLTRlNjEtYjlkYy1mYTVjN2NjZGNjOGQSf3VzLWNlbnRyYWwxLWRvY2tlci5wa2cuZGV2L3RoZXZpc2FtYW5hZ2VyLWJlYTgwL2djZi1hcnRpZmFjdHMvdGhldmlzYW1hbmFnZXItLWJlYTgwX191cy0tY2VudHJhbDFfX2dldF9nb29nbGVfcmV2aWV3czp2ZXJzaW9uXzEY7ZmptaocIk5wcm9qZWN0cy90aGV2aXNhbWFuYWdlci1iZWE4MC9sb2NhdGlvbnMvdXMtY2VudHJhbDEvZnVuY3Rpb25zL2dldEdvb2dsZVJldmlld3MqCwjt7ODMBhCA17YOMghub2RlanMyMDp2CiNnY3IuaW8vZ2FlLXJ1bnRpbWVzL25vZGVqczIwOnN0YWJsZRJPdXMtY2VudHJhbDEtZG9ja2VyLnBrZy5kZXYvc2VydmVybGVzcy1ydW50aW1lcy9nb29nbGUtMjItZnVsbC9ydW50aW1lcy9ub2RlanMyMEAB for region us-central1
[info] +  functions[generateInvoice(us-central1)] Successful update operation. 
[debug] [2026-02-20T10:25:20.470Z] [update-default-us-central1-extractTextFromImage] Retrying task index 0
[debug] [2026-02-20T10:25:20.471Z] Checked if tokens are valid: true, expires at: 1771585909769
[debug] [2026-02-20T10:25:20.471Z] Checked if tokens are valid: true, expires at: 1771585909769
[debug] [2026-02-20T10:25:20.471Z] >>> [apiv2][query] GET https://cloudfunctions.googleapis.com/v2/projects/thevisamanager-bea80/locations/us-central1/operations/operation-1771583086810-64b3ed49453cf-7b8f9fa4-e210dcf9 [none]
[debug] [2026-02-20T10:25:20.662Z] <<< [apiv2][status] GET https://cloudfunctions.googleapis.com/v2/projects/thevisamanager-bea80/locations/us-central1/operations/operation-1771583087317-64b3ed49c1066-6f831152-856a71c2 200
[debug] [2026-02-20T10:25:20.662Z] <<< [apiv2][body] GET https://cloudfunctions.googleapis.com/v2/projects/thevisamanager-bea80/locations/us-central1/operations/operation-1771583087317-64b3ed49c1066-6f831152-856a71c2 {"name":"projects/thevisamanager-bea80/locations/us-central1/operations/operation-1771583087317-64b3ed49c1066-6f831152-856a71c2","metadata":{"@type":"type.googleapis.com/google.cloud.functions.v2.OperationMetadata","createTime":"2026-02-20T10:24:47.995566293Z","endTime":"2026-02-20T10:25:19.184994142Z","target":"projects/thevisamanager-bea80/locations/us-central1/functions/api","verb":"update","cancelRequested":false,"apiVersion":"v2","requestResource":{"@type":"type.googleapis.com/google.cloud.functions.v2.Function","name":"projects/thevisamanager-bea80/locations/us-central1/functions/api","buildConfig":{"runtime":"nodejs20","entryPoint":"api","source":{"storageSource":{"bucket":"gcf-v2-sources-973458787565-us-central1","object":"api/function-source.zip","generation":"1771583087952705"}},"environmentVariables":{"GOOGLE_NODE_RUN_SCRIPTS":""},"dockerRepository":"projects/thevisamanager-bea80/locations/us-central1/repositories/gcf-artifacts","sourceProvenance":{"resolvedStorageSource":{"bucket":"gcf-v2-sources-973458787565-us-central1","object":"api/function-source.zip","generation":"1771506316383213"}},"dockerRegistry":"ARTIFACT_REGISTRY","sourceToken":"Cldwcm9qZWN0cy85NzM0NTg3ODc1NjUvbG9jYXRpb25zL3VzLWNlbnRyYWwxL2J1aWxkcy9iZTcyNjRmMC04ZjEwLTRlNjEtYjlkYy1mYTVjN2NjZGNjOGQSf3VzLWNlbnRyYWwxLWRvY2tlci5wa2cuZGV2L3RoZXZpc2FtYW5hZ2VyLWJlYTgwL2djZi1hcnRpZmFjdHMvdGhldmlzYW1hbmFnZXItLWJlYTgwX191cy0tY2VudHJhbDFfX2dldF9nb29nbGVfcmV2aWV3czp2ZXJzaW9uXzEY7ZmptaocIk5wcm9qZWN0cy90aGV2aXNhbWFuYWdlci1iZWE4MC9sb2NhdGlvbnMvdXMtY2VudHJhbDEvZnVuY3Rpb25zL2dldEdvb2dsZVJldmlld3MqCwjt7ODMBhCA17YOMghub2RlanMyMDp2CiNnY3IuaW8vZ2FlLXJ1bnRpbWVzL25vZGVqczIwOnN0YWJsZRJPdXMtY2VudHJhbDEtZG9ja2VyLnBrZy5kZXYvc2VydmVybGVzcy1ydW50aW1lcy9nb29nbGUtMjItZnVsbC9ydW50aW1lcy9ub2RlanMyMEAB","serviceAccount":"projects/thevisamanager-bea80/serviceAccounts/973458787565-compute@developer.gserviceaccount.com","automaticUpdatePolicy":{}},"serviceConfig":{"service":"projects/thevisamanager-bea80/locations/us-central1/services/api","timeoutSeconds":60,"environmentVariables":{"FIREBASE_CONFIG":"{\"projectId\":\"thevisamanager-bea80\",\"storageBucket\":\"thevisamanager-bea80.firebasestorage.app\"}","GCLOUD_PROJECT":"thevisamanager-bea80","EVENTARC_CLOUD_EVENT_SOURCE":"projects/thevisamanager-bea80/locations/us-central1/services/api","FUNCTION_TARGET":"api","LOG_EXECUTION_ID":"true","FUNCTION_SIGNATURE_TYPE":"http"},"ingressSettings":"ALLOW_ALL","uri":"https://api-fdkefcllsq-uc.a.run.app","serviceAccountEmail":"973458787565-compute@developer.gserviceaccount.com","availableMemory":"256Mi","allTrafficOnLatestRevision":true,"secretEnvironmentVariables":[{"key":"RAZORPAY_KEY_ID","projectId":"thevisamanager-bea80","secret":"RAZORPAY_KEY_ID","version":"13"},{"key":"RAZORPAY_KEY_SECRET","projectId":"thevisamanager-bea80","secret":"RAZORPAY_KEY_SECRET","version":"14"}],"revision":"api-00014-ruh","maxInstanceRequestConcurrency":80,"availableCpu":"1"},"state":"ACTIVE","labels":{"deployment-tool":"cli-firebase","firebase-functions-hash":"3be6f66445462f7a4f52be17e2686a758ca186b1"},"environment":"GEN_2","url":"https://us-central1-thevisamanager-bea80.cloudfunctions.net/api","satisfiesPzi":true},"stages":[{"name":"BUILD","message":"Reusing build","state":"COMPLETE","resource":"projects/973458787565/locations/us-central1/builds/be7264f0-8f10-4e61-b9dc-fa5c7ccdcc8d","stateMessages":[{"severity":"WARNING","type":"BuildAnalysisWarning","message":"Node.js 20 is no longer supported by the Node.js community as of 30 April, 2026. Node.js 20 will be deprecated on 2026-04-30. We recommend you to upgrade to the latest version of Node.js as soon as possible."}]},{"name":"SERVICE","message":"Updating Cloud Run service","state":"COMPLETE","resource":"projects/thevisamanager-bea80/locations/us-central1/services/api","resourceUri":"https://console.cloud.google.com/run/detail/us-central1/api?project=thevisamanager-bea80","stateMessages":[{"severity":"INFO","type":"CloudRunServiceNewRevisionTrafficInfo","message":"A new revision will be deployed serving with 100% traffic."}]}],"sourceToken":"Cldwcm9qZWN0cy85NzM0NTg3ODc1NjUvbG9jYXRpb25zL3VzLWNlbnRyYWwxL2J1aWxkcy9iZTcyNjRmMC04ZjEwLTRlNjEtYjlkYy1mYTVjN2NjZGNjOGQSf3VzLWNlbnRyYWwxLWRvY2tlci5wa2cuZGV2L3RoZXZpc2FtYW5hZ2VyLWJlYTgwL2djZi1hcnRpZmFjdHMvdGhldmlzYW1hbmFnZXItLWJlYTgwX191cy0tY2VudHJhbDFfX2dldF9nb29nbGVfcmV2aWV3czp2ZXJzaW9uXzEY7ZmptaocIk5wcm9qZWN0cy90aGV2aXNhbWFuYWdlci1iZWE4MC9sb2NhdGlvbnMvdXMtY2VudHJhbDEvZnVuY3Rpb25zL2dldEdvb2dsZVJldmlld3MqCwjt7ODMBhCA17YOMghub2RlanMyMDp2CiNnY3IuaW8vZ2FlLXJ1bnRpbWVzL25vZGVqczIwOnN0YWJsZRJPdXMtY2VudHJhbDEtZG9ja2VyLnBrZy5kZXYvc2VydmVybGVzcy1ydW50aW1lcy9nb29nbGUtMjItZnVsbC9ydW50aW1lcy9ub2RlanMyMEAB","operationType":"UPDATE_FUNCTION","buildName":"projects/973458787565/locations/us-central1/builds/be7264f0-8f10-4e61-b9dc-fa5c7ccdcc8d"},"done":true,"response":{"@type":"type.googleapis.com/google.cloud.functions.v2.Function","name":"projects/thevisamanager-bea80/locations/us-central1/functions/api","buildConfig":{"build":"projects/973458787565/locations/us-central1/builds/be7264f0-8f10-4e61-b9dc-fa5c7ccdcc8d","runtime":"nodejs20","entryPoint":"api","source":{"storageSource":{"bucket":"gcf-v2-sources-973458787565-us-central1","object":"api/function-source.zip","generation":"1771583087952705"}},"environmentVariables":{"GOOGLE_NODE_RUN_SCRIPTS":""},"dockerRepository":"projects/thevisamanager-bea80/locations/us-central1/repositories/gcf-artifacts","sourceProvenance":{"resolvedStorageSource":{"bucket":"gcf-v2-sources-973458787565-us-central1","object":"api/function-source.zip","generation":"1771583087952705"}},"dockerRegistry":"ARTIFACT_REGISTRY","serviceAccount":"projects/thevisamanager-bea80/serviceAccounts/973458787565-compute@developer.gserviceaccount.com","automaticUpdatePolicy":{}},"serviceConfig":{"service":"projects/thevisamanager-bea80/locations/us-central1/services/api","timeoutSeconds":60,"environmentVariables":{"FIREBASE_CONFIG":"{\"projectId\":\"thevisamanager-bea80\",\"storageBucket\":\"thevisamanager-bea80.firebasestorage.app\"}","GCLOUD_PROJECT":"thevisamanager-bea80","EVENTARC_CLOUD_EVENT_SOURCE":"projects/thevisamanager-bea80/locations/us-central1/services/api","FUNCTION_TARGET":"api","LOG_EXECUTION_ID":"true","FUNCTION_SIGNATURE_TYPE":"http"},"maxInstanceCount":20,"ingressSettings":"ALLOW_ALL","uri":"https://api-fdkefcllsq-uc.a.run.app","serviceAccountEmail":"973458787565-compute@developer.gserviceaccount.com","availableMemory":"256Mi","allTrafficOnLatestRevision":true,"secretEnvironmentVariables":[{"key":"RAZORPAY_KEY_ID","projectId":"thevisamanager-bea80","secret":"RAZORPAY_KEY_ID","version":"13"},{"key":"RAZORPAY_KEY_SECRET","projectId":"thevisamanager-bea80","secret":"RAZORPAY_KEY_SECRET","version":"14"}],"revision":"api-00015-xap","maxInstanceRequestConcurrency":80,"availableCpu":"1"},"state":"ACTIVE","updateTime":"2026-02-20T10:24:47.997546853Z","labels":{"deployment-tool":"cli-firebase","firebase-functions-hash":"3be6f66445462f7a4f52be17e2686a758ca186b1"},"environment":"GEN_2","url":"https://us-central1-thevisamanager-bea80.cloudfunctions.net/api","createTime":"2026-01-31T12:45:04.761056249Z","satisfiesPzi":true}}
[debug] [2026-02-20T10:25:20.662Z] Got source token Cldwcm9qZWN0cy85NzM0NTg3ODc1NjUvbG9jYXRpb25zL3VzLWNlbnRyYWwxL2J1aWxkcy9iZTcyNjRmMC04ZjEwLTRlNjEtYjlkYy1mYTVjN2NjZGNjOGQSf3VzLWNlbnRyYWwxLWRvY2tlci5wa2cuZGV2L3RoZXZpc2FtYW5hZ2VyLWJlYTgwL2djZi1hcnRpZmFjdHMvdGhldmlzYW1hbmFnZXItLWJlYTgwX191cy0tY2VudHJhbDFfX2dldF9nb29nbGVfcmV2aWV3czp2ZXJzaW9uXzEY7ZmptaocIk5wcm9qZWN0cy90aGV2aXNhbWFuYWdlci1iZWE4MC9sb2NhdGlvbnMvdXMtY2VudHJhbDEvZnVuY3Rpb25zL2dldEdvb2dsZVJldmlld3MqCwjt7ODMBhCA17YOMghub2RlanMyMDp2CiNnY3IuaW8vZ2FlLXJ1bnRpbWVzL25vZGVqczIwOnN0YWJsZRJPdXMtY2VudHJhbDEtZG9ja2VyLnBrZy5kZXYvc2VydmVybGVzcy1ydW50aW1lcy9nb29nbGUtMjItZnVsbC9ydW50aW1lcy9ub2RlanMyMEAB for region us-central1
[info] +  functions[api(us-central1)] Successful update operation. 
[debug] [2026-02-20T10:25:21.734Z] <<< [apiv2][status] GET https://cloudfunctions.googleapis.com/v2/projects/thevisamanager-bea80/locations/us-central1/operations/operation-1771583086810-64b3ed49453cf-7b8f9fa4-e210dcf9 200
[debug] [2026-02-20T10:25:21.734Z] <<< [apiv2][body] GET https://cloudfunctions.googleapis.com/v2/projects/thevisamanager-bea80/locations/us-central1/operations/operation-1771583086810-64b3ed49453cf-7b8f9fa4-e210dcf9 {"name":"projects/thevisamanager-bea80/locations/us-central1/operations/operation-1771583086810-64b3ed49453cf-7b8f9fa4-e210dcf9","metadata":{"@type":"type.googleapis.com/google.cloud.functions.v2.OperationMetadata","createTime":"2026-02-20T10:24:47.624372993Z","endTime":"2026-02-20T10:25:18.904460473Z","target":"projects/thevisamanager-bea80/locations/us-central1/functions/extractTextFromImage","verb":"update","cancelRequested":false,"apiVersion":"v2","requestResource":{"@type":"type.googleapis.com/google.cloud.functions.v2.Function","name":"projects/thevisamanager-bea80/locations/us-central1/functions/extractTextFromImage","buildConfig":{"runtime":"nodejs20","entryPoint":"extractTextFromImage","source":{"storageSource":{"bucket":"gcf-v2-sources-973458787565-us-central1","object":"extractTextFromImage/function-source.zip","generation":"1771583087580264"}},"environmentVariables":{"GOOGLE_NODE_RUN_SCRIPTS":""},"dockerRepository":"projects/thevisamanager-bea80/locations/us-central1/repositories/gcf-artifacts","sourceProvenance":{"resolvedStorageSource":{"bucket":"gcf-v2-sources-973458787565-us-central1","object":"extractTextFromImage/function-source.zip","generation":"1770621006510739"}},"dockerRegistry":"ARTIFACT_REGISTRY","sourceToken":"Cldwcm9qZWN0cy85NzM0NTg3ODc1NjUvbG9jYXRpb25zL3VzLWNlbnRyYWwxL2J1aWxkcy9iZTcyNjRmMC04ZjEwLTRlNjEtYjlkYy1mYTVjN2NjZGNjOGQSf3VzLWNlbnRyYWwxLWRvY2tlci5wa2cuZGV2L3RoZXZpc2FtYW5hZ2VyLWJlYTgwL2djZi1hcnRpZmFjdHMvdGhldmlzYW1hbmFnZXItLWJlYTgwX191cy0tY2VudHJhbDFfX2dldF9nb29nbGVfcmV2aWV3czp2ZXJzaW9uXzEY7ZmptaocIk5wcm9qZWN0cy90aGV2aXNhbWFuYWdlci1iZWE4MC9sb2NhdGlvbnMvdXMtY2VudHJhbDEvZnVuY3Rpb25zL2dldEdvb2dsZVJldmlld3MqCwjt7ODMBhCA17YOMghub2RlanMyMDp2CiNnY3IuaW8vZ2FlLXJ1bnRpbWVzL25vZGVqczIwOnN0YWJsZRJPdXMtY2VudHJhbDEtZG9ja2VyLnBrZy5kZXYvc2VydmVybGVzcy1ydW50aW1lcy9nb29nbGUtMjItZnVsbC9ydW50aW1lcy9ub2RlanMyMEAB","serviceAccount":"projects/thevisamanager-bea80/serviceAccounts/973458787565-compute@developer.gserviceaccount.com","automaticUpdatePolicy":{}},"serviceConfig":{"service":"projects/thevisamanager-bea80/locations/us-central1/services/extracttextfromimage","timeoutSeconds":60,"environmentVariables":{"FIREBASE_CONFIG":"{\"projectId\":\"thevisamanager-bea80\",\"storageBucket\":\"thevisamanager-bea80.firebasestorage.app\"}","GCLOUD_PROJECT":"thevisamanager-bea80","EVENTARC_CLOUD_EVENT_SOURCE":"projects/thevisamanager-bea80/locations/us-central1/services/extractTextFromImage","FUNCTION_TARGET":"extractTextFromImage","LOG_EXECUTION_ID":"true","FUNCTION_SIGNATURE_TYPE":"http"},"ingressSettings":"ALLOW_ALL","uri":"https://extracttextfromimage-fdkefcllsq-uc.a.run.app","serviceAccountEmail":"973458787565-compute@developer.gserviceaccount.com","availableMemory":"256Mi","allTrafficOnLatestRevision":true,"secretEnvironmentVariables":[{"key":"VISION_API_KEY","projectId":"thevisamanager-bea80","secret":"VISION_API_KEY","version":"1"}],"revision":"extracttextfromimage-00025-yuy","maxInstanceRequestConcurrency":80,"availableCpu":"1"},"state":"ACTIVE","labels":{"deployment-tool":"cli-firebase","deployment-callable":"true","firebase-functions-hash":"6aa1c31b5d9894d6fa6cd089d652242d9ed3c40f"},"environment":"GEN_2","url":"https://us-central1-thevisamanager-bea80.cloudfunctions.net/extractTextFromImage","satisfiesPzi":true},"stages":[{"name":"BUILD","message":"Reusing build","state":"COMPLETE","resource":"projects/973458787565/locations/us-central1/builds/be7264f0-8f10-4e61-b9dc-fa5c7ccdcc8d","stateMessages":[{"severity":"WARNING","type":"BuildAnalysisWarning","message":"Node.js 20 is no longer supported by the Node.js community as of 30 April, 2026. Node.js 20 will be deprecated on 2026-04-30. We recommend you to upgrade to the latest version of Node.js as soon as possible."}]},{"name":"SERVICE","message":"Updating Cloud Run service","state":"COMPLETE","resource":"projects/thevisamanager-bea80/locations/us-central1/services/extracttextfromimage","resourceUri":"https://console.cloud.google.com/run/detail/us-central1/extracttextfromimage?project=thevisamanager-bea80","stateMessages":[{"severity":"INFO","type":"CloudRunServiceNewRevisionTrafficInfo","message":"A new revision will be deployed serving with 100% traffic."}]}],"sourceToken":"Cldwcm9qZWN0cy85NzM0NTg3ODc1NjUvbG9jYXRpb25zL3VzLWNlbnRyYWwxL2J1aWxkcy9iZTcyNjRmMC04ZjEwLTRlNjEtYjlkYy1mYTVjN2NjZGNjOGQSf3VzLWNlbnRyYWwxLWRvY2tlci5wa2cuZGV2L3RoZXZpc2FtYW5hZ2VyLWJlYTgwL2djZi1hcnRpZmFjdHMvdGhldmlzYW1hbmFnZXItLWJlYTgwX191cy0tY2VudHJhbDFfX2dldF9nb29nbGVfcmV2aWV3czp2ZXJzaW9uXzEY7ZmptaocIk5wcm9qZWN0cy90aGV2aXNhbWFuYWdlci1iZWE4MC9sb2NhdGlvbnMvdXMtY2VudHJhbDEvZnVuY3Rpb25zL2dldEdvb2dsZVJldmlld3MqCwjt7ODMBhCA17YOMghub2RlanMyMDp2CiNnY3IuaW8vZ2FlLXJ1bnRpbWVzL25vZGVqczIwOnN0YWJsZRJPdXMtY2VudHJhbDEtZG9ja2VyLnBrZy5kZXYvc2VydmVybGVzcy1ydW50aW1lcy9nb29nbGUtMjItZnVsbC9ydW50aW1lcy9ub2RlanMyMEAB","operationType":"UPDATE_FUNCTION","buildName":"projects/973458787565/locations/us-central1/builds/be7264f0-8f10-4e61-b9dc-fa5c7ccdcc8d"},"done":true,"response":{"@type":"type.googleapis.com/google.cloud.functions.v2.Function","name":"projects/thevisamanager-bea80/locations/us-central1/functions/extractTextFromImage","buildConfig":{"build":"projects/973458787565/locations/us-central1/builds/be7264f0-8f10-4e61-b9dc-fa5c7ccdcc8d","runtime":"nodejs20","entryPoint":"extractTextFromImage","source":{"storageSource":{"bucket":"gcf-v2-sources-973458787565-us-central1","object":"extractTextFromImage/function-source.zip","generation":"1771583087580264"}},"environmentVariables":{"GOOGLE_NODE_RUN_SCRIPTS":""},"dockerRepository":"projects/thevisamanager-bea80/locations/us-central1/repositories/gcf-artifacts","sourceProvenance":{"resolvedStorageSource":{"bucket":"gcf-v2-sources-973458787565-us-central1","object":"extractTextFromImage/function-source.zip","generation":"1771583087580264"}},"dockerRegistry":"ARTIFACT_REGISTRY","serviceAccount":"projects/thevisamanager-bea80/serviceAccounts/973458787565-compute@developer.gserviceaccount.com","automaticUpdatePolicy":{}},"serviceConfig":{"service":"projects/thevisamanager-bea80/locations/us-central1/services/extracttextfromimage","timeoutSeconds":60,"environmentVariables":{"FIREBASE_CONFIG":"{\"projectId\":\"thevisamanager-bea80\",\"storageBucket\":\"thevisamanager-bea80.firebasestorage.app\"}","GCLOUD_PROJECT":"thevisamanager-bea80","EVENTARC_CLOUD_EVENT_SOURCE":"projects/thevisamanager-bea80/locations/us-central1/services/extractTextFromImage","FUNCTION_TARGET":"extractTextFromImage","LOG_EXECUTION_ID":"true","FUNCTION_SIGNATURE_TYPE":"http"},"maxInstanceCount":20,"ingressSettings":"ALLOW_ALL","uri":"https://extracttextfromimage-fdkefcllsq-uc.a.run.app","serviceAccountEmail":"973458787565-compute@developer.gserviceaccount.com","availableMemory":"256Mi","allTrafficOnLatestRevision":true,"secretEnvironmentVariables":[{"key":"VISION_API_KEY","projectId":"thevisamanager-bea80","secret":"VISION_API_KEY","version":"1"}],"revision":"extracttextfromimage-00026-puv","maxInstanceRequestConcurrency":80,"availableCpu":"1"},"state":"ACTIVE","updateTime":"2026-02-20T10:24:47.626383270Z","labels":{"firebase-functions-hash":"6aa1c31b5d9894d6fa6cd089d652242d9ed3c40f","deployment-tool":"cli-firebase","deployment-callable":"true"},"environment":"GEN_2","url":"https://us-central1-thevisamanager-bea80.cloudfunctions.net/extractTextFromImage","createTime":"2025-12-24T08:01:57.548917481Z","satisfiesPzi":true}}
[debug] [2026-02-20T10:25:21.735Z] Got source token Cldwcm9qZWN0cy85NzM0NTg3ODc1NjUvbG9jYXRpb25zL3VzLWNlbnRyYWwxL2J1aWxkcy9iZTcyNjRmMC04ZjEwLTRlNjEtYjlkYy1mYTVjN2NjZGNjOGQSf3VzLWNlbnRyYWwxLWRvY2tlci5wa2cuZGV2L3RoZXZpc2FtYW5hZ2VyLWJlYTgwL2djZi1hcnRpZmFjdHMvdGhldmlzYW1hbmFnZXItLWJlYTgwX191cy0tY2VudHJhbDFfX2dldF9nb29nbGVfcmV2aWV3czp2ZXJzaW9uXzEY7ZmptaocIk5wcm9qZWN0cy90aGV2aXNhbWFuYWdlci1iZWE4MC9sb2NhdGlvbnMvdXMtY2VudHJhbDEvZnVuY3Rpb25zL2dldEdvb2dsZVJldmlld3MqCwjt7ODMBhCA17YOMghub2RlanMyMDp2CiNnY3IuaW8vZ2FlLXJ1bnRpbWVzL25vZGVqczIwOnN0YWJsZRJPdXMtY2VudHJhbDEtZG9ja2VyLnBrZy5kZXYvc2VydmVybGVzcy1ydW50aW1lcy9nb29nbGUtMjItZnVsbC9ydW50aW1lcy9ub2RlanMyMEAB for region us-central1
[info] +  functions[extractTextFromImage(us-central1)] Successful update operation. 
[debug] [2026-02-20T10:25:29.380Z] [delete-default-us-central1-cleanupUserData] Retrying task index 0
[debug] [2026-02-20T10:25:29.381Z] Checked if tokens are valid: true, expires at: 1771585909769
[debug] [2026-02-20T10:25:29.381Z] Checked if tokens are valid: true, expires at: 1771585909769
[debug] [2026-02-20T10:25:29.381Z] >>> [apiv2][query] GET https://cloudfunctions.googleapis.com/v1/operations/cHJvamVjdHMvdGhldmlzYW1hbmFnZXItYmVhODAvbG9jYXRpb25zL3VzLWNlbnRyYWwxL29wZXJhdGlvbnMvb3BlcmF0aW9uLTE3NzE1ODMwMzY0NTktNjRiM2VkMTk0MGJhNC1iZThhMDc1MS1mMGFjYTYyOA [none]
[debug] [2026-02-20T10:25:29.488Z] [update-default-us-central1-getGoogleReviews] Retrying task index 0
[debug] [2026-02-20T10:25:29.489Z] Checked if tokens are valid: true, expires at: 1771585909769
[debug] [2026-02-20T10:25:29.489Z] Checked if tokens are valid: true, expires at: 1771585909769
[debug] [2026-02-20T10:25:29.489Z] >>> [apiv2][query] GET https://cloudfunctions.googleapis.com/v2/projects/thevisamanager-bea80/locations/us-central1/operations/operation-1771583037078-64b3ed19d7ac3-8430cd1d-10e2b539 [none]
[debug] [2026-02-20T10:25:30.126Z] <<< [apiv2][status] GET https://cloudfunctions.googleapis.com/v2/projects/thevisamanager-bea80/locations/us-central1/operations/operation-1771583037078-64b3ed19d7ac3-8430cd1d-10e2b539 200
[debug] [2026-02-20T10:25:30.127Z] <<< [apiv2][body] GET https://cloudfunctions.googleapis.com/v2/projects/thevisamanager-bea80/locations/us-central1/operations/operation-1771583037078-64b3ed19d7ac3-8430cd1d-10e2b539 {"name":"projects/thevisamanager-bea80/locations/us-central1/operations/operation-1771583037078-64b3ed19d7ac3-8430cd1d-10e2b539","metadata":{"@type":"type.googleapis.com/google.cloud.functions.v2.OperationMetadata","createTime":"2026-02-20T10:23:57.950202037Z","endTime":"2026-02-20T10:25:20.326152569Z","target":"projects/thevisamanager-bea80/locations/us-central1/functions/getGoogleReviews","verb":"update","cancelRequested":false,"apiVersion":"v2","requestResource":{"@type":"type.googleapis.com/google.cloud.functions.v2.Function","name":"projects/thevisamanager-bea80/locations/us-central1/functions/getGoogleReviews","buildConfig":{"runtime":"nodejs20","entryPoint":"getGoogleReviews","source":{"storageSource":{"bucket":"gcf-v2-sources-973458787565-us-central1","object":"getGoogleReviews/function-source.zip","generation":"1771583037909598"}},"environmentVariables":{"GOOGLE_NODE_RUN_SCRIPTS":""},"dockerRepository":"projects/thevisamanager-bea80/locations/us-central1/repositories/gcf-artifacts","sourceProvenance":{"resolvedStorageSource":{"bucket":"gcf-v2-sources-973458787565-us-central1","object":"getGoogleReviews/function-source.zip","generation":"1770620936138804"}},"dockerRegistry":"ARTIFACT_REGISTRY","serviceAccount":"projects/thevisamanager-bea80/serviceAccounts/973458787565-compute@developer.gserviceaccount.com","automaticUpdatePolicy":{}},"serviceConfig":{"service":"projects/thevisamanager-bea80/locations/us-central1/services/getgooglereviews","timeoutSeconds":60,"environmentVariables":{"FIREBASE_CONFIG":"{\"projectId\":\"thevisamanager-bea80\",\"storageBucket\":\"thevisamanager-bea80.firebasestorage.app\"}","GCLOUD_PROJECT":"thevisamanager-bea80","EVENTARC_CLOUD_EVENT_SOURCE":"projects/thevisamanager-bea80/locations/us-central1/services/getGoogleReviews","FUNCTION_TARGET":"getGoogleReviews","LOG_EXECUTION_ID":"true","FUNCTION_SIGNATURE_TYPE":"http"},"ingressSettings":"ALLOW_ALL","uri":"https://getgooglereviews-fdkefcllsq-uc.a.run.app","serviceAccountEmail":"973458787565-compute@developer.gserviceaccount.com","availableMemory":"256Mi","allTrafficOnLatestRevision":true,"secretEnvironmentVariables":[{"key":"GOOGLE_PLACES_KEY","projectId":"thevisamanager-bea80","secret":"GOOGLE_PLACES_KEY","version":"5"}],"revision":"getgooglereviews-00007-qoz","maxInstanceRequestConcurrency":80,"availableCpu":"1"},"state":"ACTIVE","labels":{"deployment-tool":"cli-firebase","firebase-functions-hash":"327b007ef8f69a9ac7fd4a676c0d9ee91665a95f"},"environment":"GEN_2","url":"https://us-central1-thevisamanager-bea80.cloudfunctions.net/getGoogleReviews","satisfiesPzi":true},"stages":[{"name":"BUILD","message":"Build finished","state":"COMPLETE","resource":"projects/973458787565/locations/us-central1/builds/be7264f0-8f10-4e61-b9dc-fa5c7ccdcc8d","resourceUri":"https://console.cloud.google.com/cloud-build/builds;region=us-central1/be7264f0-8f10-4e61-b9dc-fa5c7ccdcc8d?project=973458787565"},{"name":"SERVICE","message":"Updating Cloud Run service","state":"COMPLETE","resource":"projects/thevisamanager-bea80/locations/us-central1/services/getgooglereviews","resourceUri":"https://console.cloud.google.com/run/detail/us-central1/getgooglereviews?project=thevisamanager-bea80","stateMessages":[{"severity":"INFO","type":"CloudRunServiceNewRevisionTrafficInfo","message":"A new revision will be deployed serving with 100% traffic."}]}],"sourceToken":"Cldwcm9qZWN0cy85NzM0NTg3ODc1NjUvbG9jYXRpb25zL3VzLWNlbnRyYWwxL2J1aWxkcy9iZTcyNjRmMC04ZjEwLTRlNjEtYjlkYy1mYTVjN2NjZGNjOGQSf3VzLWNlbnRyYWwxLWRvY2tlci5wa2cuZGV2L3RoZXZpc2FtYW5hZ2VyLWJlYTgwL2djZi1hcnRpZmFjdHMvdGhldmlzYW1hbmFnZXItLWJlYTgwX191cy0tY2VudHJhbDFfX2dldF9nb29nbGVfcmV2aWV3czp2ZXJzaW9uXzEY7ZmptaocIk5wcm9qZWN0cy90aGV2aXNhbWFuYWdlci1iZWE4MC9sb2NhdGlvbnMvdXMtY2VudHJhbDEvZnVuY3Rpb25zL2dldEdvb2dsZVJldmlld3MqCwjt7ODMBhCA17YOMghub2RlanMyMDp2CiNnY3IuaW8vZ2FlLXJ1bnRpbWVzL25vZGVqczIwOnN0YWJsZRJPdXMtY2VudHJhbDEtZG9ja2VyLnBrZy5kZXYvc2VydmVybGVzcy1ydW50aW1lcy9nb29nbGUtMjItZnVsbC9ydW50aW1lcy9ub2RlanMyMEAB","operationType":"UPDATE_FUNCTION","buildName":"projects/973458787565/locations/us-central1/builds/be7264f0-8f10-4e61-b9dc-fa5c7ccdcc8d"},"done":true,"response":{"@type":"type.googleapis.com/google.cloud.functions.v2.Function","name":"projects/thevisamanager-bea80/locations/us-central1/functions/getGoogleReviews","buildConfig":{"build":"projects/973458787565/locations/us-central1/builds/be7264f0-8f10-4e61-b9dc-fa5c7ccdcc8d","runtime":"nodejs20","entryPoint":"getGoogleReviews","source":{"storageSource":{"bucket":"gcf-v2-sources-973458787565-us-central1","object":"getGoogleReviews/function-source.zip","generation":"1771583037909598"}},"environmentVariables":{"GOOGLE_NODE_RUN_SCRIPTS":""},"dockerRepository":"projects/thevisamanager-bea80/locations/us-central1/repositories/gcf-artifacts","sourceProvenance":{"resolvedStorageSource":{"bucket":"gcf-v2-sources-973458787565-us-central1","object":"getGoogleReviews/function-source.zip","generation":"1771583037909598"}},"dockerRegistry":"ARTIFACT_REGISTRY","serviceAccount":"projects/thevisamanager-bea80/serviceAccounts/973458787565-compute@developer.gserviceaccount.com","automaticUpdatePolicy":{}},"serviceConfig":{"service":"projects/thevisamanager-bea80/locations/us-central1/services/getgooglereviews","timeoutSeconds":60,"environmentVariables":{"FIREBASE_CONFIG":"{\"projectId\":\"thevisamanager-bea80\",\"storageBucket\":\"thevisamanager-bea80.firebasestorage.app\"}","GCLOUD_PROJECT":"thevisamanager-bea80","EVENTARC_CLOUD_EVENT_SOURCE":"projects/thevisamanager-bea80/locations/us-central1/services/getGoogleReviews","FUNCTION_TARGET":"getGoogleReviews","LOG_EXECUTION_ID":"true","FUNCTION_SIGNATURE_TYPE":"http"},"maxInstanceCount":20,"ingressSettings":"ALLOW_ALL","uri":"https://getgooglereviews-fdkefcllsq-uc.a.run.app","serviceAccountEmail":"973458787565-compute@developer.gserviceaccount.com","availableMemory":"256Mi","allTrafficOnLatestRevision":true,"secretEnvironmentVariables":[{"key":"GOOGLE_PLACES_KEY","projectId":"thevisamanager-bea80","secret":"GOOGLE_PLACES_KEY","version":"5"}],"revision":"getgooglereviews-00008-yeb","maxInstanceRequestConcurrency":80,"availableCpu":"1"},"state":"ACTIVE","updateTime":"2026-02-20T10:23:57.952183942Z","labels":{"deployment-tool":"cli-firebase","firebase-functions-hash":"327b007ef8f69a9ac7fd4a676c0d9ee91665a95f"},"environment":"GEN_2","url":"https://us-central1-thevisamanager-bea80.cloudfunctions.net/getGoogleReviews","createTime":"2026-01-19T07:30:49.765289009Z","satisfiesPzi":true}}
[debug] [2026-02-20T10:25:30.127Z] Got source token Cldwcm9qZWN0cy85NzM0NTg3ODc1NjUvbG9jYXRpb25zL3VzLWNlbnRyYWwxL2J1aWxkcy9iZTcyNjRmMC04ZjEwLTRlNjEtYjlkYy1mYTVjN2NjZGNjOGQSf3VzLWNlbnRyYWwxLWRvY2tlci5wa2cuZGV2L3RoZXZpc2FtYW5hZ2VyLWJlYTgwL2djZi1hcnRpZmFjdHMvdGhldmlzYW1hbmFnZXItLWJlYTgwX191cy0tY2VudHJhbDFfX2dldF9nb29nbGVfcmV2aWV3czp2ZXJzaW9uXzEY7ZmptaocIk5wcm9qZWN0cy90aGV2aXNhbWFuYWdlci1iZWE4MC9sb2NhdGlvbnMvdXMtY2VudHJhbDEvZnVuY3Rpb25zL2dldEdvb2dsZVJldmlld3MqCwjt7ODMBhCA17YOMghub2RlanMyMDp2CiNnY3IuaW8vZ2FlLXJ1bnRpbWVzL25vZGVqczIwOnN0YWJsZRJPdXMtY2VudHJhbDEtZG9ja2VyLnBrZy5kZXYvc2VydmVybGVzcy1ydW50aW1lcy9nb29nbGUtMjItZnVsbC9ydW50aW1lcy9ub2RlanMyMEAB for region us-central1
[info] +  functions[getGoogleReviews(us-central1)] Successful update operation. 
[debug] [2026-02-20T10:25:30.129Z] <<< [apiv2][status] GET https://cloudfunctions.googleapis.com/v1/operations/cHJvamVjdHMvdGhldmlzYW1hbmFnZXItYmVhODAvbG9jYXRpb25zL3VzLWNlbnRyYWwxL29wZXJhdGlvbnMvb3BlcmF0aW9uLTE3NzE1ODMwMzY0NTktNjRiM2VkMTk0MGJhNC1iZThhMDc1MS1mMGFjYTYyOA 200
[debug] [2026-02-20T10:25:30.129Z] <<< [apiv2][body] GET https://cloudfunctions.googleapis.com/v1/operations/cHJvamVjdHMvdGhldmlzYW1hbmFnZXItYmVhODAvbG9jYXRpb25zL3VzLWNlbnRyYWwxL29wZXJhdGlvbnMvb3BlcmF0aW9uLTE3NzE1ODMwMzY0NTktNjRiM2VkMTk0MGJhNC1iZThhMDc1MS1mMGFjYTYyOA {"name":"operations/cHJvamVjdHMvdGhldmlzYW1hbmFnZXItYmVhODAvbG9jYXRpb25zL3VzLWNlbnRyYWwxL29wZXJhdGlvbnMvb3BlcmF0aW9uLTE3NzE1ODMwMzY0NTktNjRiM2VkMTk0MGJhNC1iZThhMDc1MS1mMGFjYTYyOA","metadata":{"@type":"type.googleapis.com/google.cloud.functions.v1.OperationMetadataV1","target":"projects/thevisamanager-bea80/locations/us-central1/functions/cleanupUserData","type":"DELETE_FUNCTION","request":{"@type":"type.googleapis.com/google.cloud.functions.v1.CloudFunction","name":"projects/thevisamanager-bea80/locations/us-central1/functions/cleanupUserData","httpsTrigger":{},"updateTime":"1970-01-01T00:00:00Z"},"updateTime":"2026-02-20T10:23:56.541273886Z"}}
[debug] [2026-02-20T10:25:40.139Z] [delete-default-us-central1-cleanupUserData] Retrying task index 0
[debug] [2026-02-20T10:25:40.140Z] Checked if tokens are valid: true, expires at: 1771585909769
[debug] [2026-02-20T10:25:40.140Z] Checked if tokens are valid: true, expires at: 1771585909769
[debug] [2026-02-20T10:25:40.140Z] >>> [apiv2][query] GET https://cloudfunctions.googleapis.com/v1/operations/cHJvamVjdHMvdGhldmlzYW1hbmFnZXItYmVhODAvbG9jYXRpb25zL3VzLWNlbnRyYWwxL29wZXJhdGlvbnMvb3BlcmF0aW9uLTE3NzE1ODMwMzY0NTktNjRiM2VkMTk0MGJhNC1iZThhMDc1MS1mMGFjYTYyOA [none]
[debug] [2026-02-20T10:25:40.878Z] <<< [apiv2][status] GET https://cloudfunctions.googleapis.com/v1/operations/cHJvamVjdHMvdGhldmlzYW1hbmFnZXItYmVhODAvbG9jYXRpb25zL3VzLWNlbnRyYWwxL29wZXJhdGlvbnMvb3BlcmF0aW9uLTE3NzE1ODMwMzY0NTktNjRiM2VkMTk0MGJhNC1iZThhMDc1MS1mMGFjYTYyOA 200
[debug] [2026-02-20T10:25:40.878Z] <<< [apiv2][body] GET https://cloudfunctions.googleapis.com/v1/operations/cHJvamVjdHMvdGhldmlzYW1hbmFnZXItYmVhODAvbG9jYXRpb25zL3VzLWNlbnRyYWwxL29wZXJhdGlvbnMvb3BlcmF0aW9uLTE3NzE1ODMwMzY0NTktNjRiM2VkMTk0MGJhNC1iZThhMDc1MS1mMGFjYTYyOA {"name":"operations/cHJvamVjdHMvdGhldmlzYW1hbmFnZXItYmVhODAvbG9jYXRpb25zL3VzLWNlbnRyYWwxL29wZXJhdGlvbnMvb3BlcmF0aW9uLTE3NzE1ODMwMzY0NTktNjRiM2VkMTk0MGJhNC1iZThhMDc1MS1mMGFjYTYyOA","metadata":{"@type":"type.googleapis.com/google.cloud.functions.v1.OperationMetadataV1","target":"projects/thevisamanager-bea80/locations/us-central1/functions/cleanupUserData","type":"DELETE_FUNCTION","request":{"@type":"type.googleapis.com/google.cloud.functions.v1.CloudFunction","name":"projects/thevisamanager-bea80/locations/us-central1/functions/cleanupUserData","httpsTrigger":{},"updateTime":"1970-01-01T00:00:00Z"},"updateTime":"2026-02-20T10:23:56.541273886Z"}}
[debug] [2026-02-20T10:25:50.887Z] [delete-default-us-central1-cleanupUserData] Retrying task index 0
[debug] [2026-02-20T10:25:50.888Z] Checked if tokens are valid: true, expires at: 1771585909769
[debug] [2026-02-20T10:25:50.888Z] Checked if tokens are valid: true, expires at: 1771585909769
[debug] [2026-02-20T10:25:50.888Z] >>> [apiv2][query] GET https://cloudfunctions.googleapis.com/v1/operations/cHJvamVjdHMvdGhldmlzYW1hbmFnZXItYmVhODAvbG9jYXRpb25zL3VzLWNlbnRyYWwxL29wZXJhdGlvbnMvb3BlcmF0aW9uLTE3NzE1ODMwMzY0NTktNjRiM2VkMTk0MGJhNC1iZThhMDc1MS1mMGFjYTYyOA [none]
[debug] [2026-02-20T10:25:51.651Z] <<< [apiv2][status] GET https://cloudfunctions.googleapis.com/v1/operations/cHJvamVjdHMvdGhldmlzYW1hbmFnZXItYmVhODAvbG9jYXRpb25zL3VzLWNlbnRyYWwxL29wZXJhdGlvbnMvb3BlcmF0aW9uLTE3NzE1ODMwMzY0NTktNjRiM2VkMTk0MGJhNC1iZThhMDc1MS1mMGFjYTYyOA 200
[debug] [2026-02-20T10:25:51.651Z] <<< [apiv2][body] GET https://cloudfunctions.googleapis.com/v1/operations/cHJvamVjdHMvdGhldmlzYW1hbmFnZXItYmVhODAvbG9jYXRpb25zL3VzLWNlbnRyYWwxL29wZXJhdGlvbnMvb3BlcmF0aW9uLTE3NzE1ODMwMzY0NTktNjRiM2VkMTk0MGJhNC1iZThhMDc1MS1mMGFjYTYyOA {"name":"operations/cHJvamVjdHMvdGhldmlzYW1hbmFnZXItYmVhODAvbG9jYXRpb25zL3VzLWNlbnRyYWwxL29wZXJhdGlvbnMvb3BlcmF0aW9uLTE3NzE1ODMwMzY0NTktNjRiM2VkMTk0MGJhNC1iZThhMDc1MS1mMGFjYTYyOA","metadata":{"@type":"type.googleapis.com/google.cloud.functions.v1.OperationMetadataV1","target":"projects/thevisamanager-bea80/locations/us-central1/functions/cleanupUserData","type":"DELETE_FUNCTION","request":{"@type":"type.googleapis.com/google.cloud.functions.v1.CloudFunction","name":"projects/thevisamanager-bea80/locations/us-central1/functions/cleanupUserData","httpsTrigger":{},"updateTime":"1970-01-01T00:00:00Z"},"updateTime":"2026-02-20T10:23:56.541273886Z"}}
[debug] [2026-02-20T10:26:01.665Z] [delete-default-us-central1-cleanupUserData] Retrying task index 0
[debug] [2026-02-20T10:26:01.666Z] Checked if tokens are valid: true, expires at: 1771585909769
[debug] [2026-02-20T10:26:01.666Z] Checked if tokens are valid: true, expires at: 1771585909769
[debug] [2026-02-20T10:26:01.666Z] >>> [apiv2][query] GET https://cloudfunctions.googleapis.com/v1/operations/cHJvamVjdHMvdGhldmlzYW1hbmFnZXItYmVhODAvbG9jYXRpb25zL3VzLWNlbnRyYWwxL29wZXJhdGlvbnMvb3BlcmF0aW9uLTE3NzE1ODMwMzY0NTktNjRiM2VkMTk0MGJhNC1iZThhMDc1MS1mMGFjYTYyOA [none]
[debug] [2026-02-20T10:26:02.338Z] <<< [apiv2][status] GET https://cloudfunctions.googleapis.com/v1/operations/cHJvamVjdHMvdGhldmlzYW1hbmFnZXItYmVhODAvbG9jYXRpb25zL3VzLWNlbnRyYWwxL29wZXJhdGlvbnMvb3BlcmF0aW9uLTE3NzE1ODMwMzY0NTktNjRiM2VkMTk0MGJhNC1iZThhMDc1MS1mMGFjYTYyOA 200
[debug] [2026-02-20T10:26:02.339Z] <<< [apiv2][body] GET https://cloudfunctions.googleapis.com/v1/operations/cHJvamVjdHMvdGhldmlzYW1hbmFnZXItYmVhODAvbG9jYXRpb25zL3VzLWNlbnRyYWwxL29wZXJhdGlvbnMvb3BlcmF0aW9uLTE3NzE1ODMwMzY0NTktNjRiM2VkMTk0MGJhNC1iZThhMDc1MS1mMGFjYTYyOA {"name":"operations/cHJvamVjdHMvdGhldmlzYW1hbmFnZXItYmVhODAvbG9jYXRpb25zL3VzLWNlbnRyYWwxL29wZXJhdGlvbnMvb3BlcmF0aW9uLTE3NzE1ODMwMzY0NTktNjRiM2VkMTk0MGJhNC1iZThhMDc1MS1mMGFjYTYyOA","metadata":{"@type":"type.googleapis.com/google.cloud.functions.v1.OperationMetadataV1","target":"projects/thevisamanager-bea80/locations/us-central1/functions/cleanupUserData","type":"DELETE_FUNCTION","request":{"@type":"type.googleapis.com/google.cloud.functions.v1.CloudFunction","name":"projects/thevisamanager-bea80/locations/us-central1/functions/cleanupUserData","httpsTrigger":{},"updateTime":"1970-01-01T00:00:00Z"},"updateTime":"2026-02-20T10:23:56.541273886Z"}}
[debug] [2026-02-20T10:26:12.339Z] [delete-default-us-central1-cleanupUserData] Retrying task index 0
[debug] [2026-02-20T10:26:12.340Z] Checked if tokens are valid: true, expires at: 1771585909769
[debug] [2026-02-20T10:26:12.340Z] Checked if tokens are valid: true, expires at: 1771585909769
[debug] [2026-02-20T10:26:12.340Z] >>> [apiv2][query] GET https://cloudfunctions.googleapis.com/v1/operations/cHJvamVjdHMvdGhldmlzYW1hbmFnZXItYmVhODAvbG9jYXRpb25zL3VzLWNlbnRyYWwxL29wZXJhdGlvbnMvb3BlcmF0aW9uLTE3NzE1ODMwMzY0NTktNjRiM2VkMTk0MGJhNC1iZThhMDc1MS1mMGFjYTYyOA [none]
[debug] [2026-02-20T10:26:13.067Z] <<< [apiv2][status] GET https://cloudfunctions.googleapis.com/v1/operations/cHJvamVjdHMvdGhldmlzYW1hbmFnZXItYmVhODAvbG9jYXRpb25zL3VzLWNlbnRyYWwxL29wZXJhdGlvbnMvb3BlcmF0aW9uLTE3NzE1ODMwMzY0NTktNjRiM2VkMTk0MGJhNC1iZThhMDc1MS1mMGFjYTYyOA 200
[debug] [2026-02-20T10:26:13.067Z] <<< [apiv2][body] GET https://cloudfunctions.googleapis.com/v1/operations/cHJvamVjdHMvdGhldmlzYW1hbmFnZXItYmVhODAvbG9jYXRpb25zL3VzLWNlbnRyYWwxL29wZXJhdGlvbnMvb3BlcmF0aW9uLTE3NzE1ODMwMzY0NTktNjRiM2VkMTk0MGJhNC1iZThhMDc1MS1mMGFjYTYyOA {"name":"operations/cHJvamVjdHMvdGhldmlzYW1hbmFnZXItYmVhODAvbG9jYXRpb25zL3VzLWNlbnRyYWwxL29wZXJhdGlvbnMvb3BlcmF0aW9uLTE3NzE1ODMwMzY0NTktNjRiM2VkMTk0MGJhNC1iZThhMDc1MS1mMGFjYTYyOA","metadata":{"@type":"type.googleapis.com/google.cloud.functions.v1.OperationMetadataV1","target":"projects/thevisamanager-bea80/locations/us-central1/functions/cleanupUserData","type":"DELETE_FUNCTION","request":{"@type":"type.googleapis.com/google.cloud.functions.v1.CloudFunction","name":"projects/thevisamanager-bea80/locations/us-central1/functions/cleanupUserData","httpsTrigger":{},"updateTime":"1970-01-01T00:00:00Z"},"updateTime":"2026-02-20T10:23:56.541273886Z"}}
[debug] [2026-02-20T10:26:23.083Z] [delete-default-us-central1-cleanupUserData] Retrying task index 0
[debug] [2026-02-20T10:26:23.084Z] Checked if tokens are valid: true, expires at: 1771585909769
[debug] [2026-02-20T10:26:23.089Z] Checked if tokens are valid: true, expires at: 1771585909769
[debug] [2026-02-20T10:26:23.089Z] >>> [apiv2][query] GET https://cloudfunctions.googleapis.com/v1/operations/cHJvamVjdHMvdGhldmlzYW1hbmFnZXItYmVhODAvbG9jYXRpb25zL3VzLWNlbnRyYWwxL29wZXJhdGlvbnMvb3BlcmF0aW9uLTE3NzE1ODMwMzY0NTktNjRiM2VkMTk0MGJhNC1iZThhMDc1MS1mMGFjYTYyOA [none]
[debug] [2026-02-20T10:26:23.783Z] <<< [apiv2][status] GET https://cloudfunctions.googleapis.com/v1/operations/cHJvamVjdHMvdGhldmlzYW1hbmFnZXItYmVhODAvbG9jYXRpb25zL3VzLWNlbnRyYWwxL29wZXJhdGlvbnMvb3BlcmF0aW9uLTE3NzE1ODMwMzY0NTktNjRiM2VkMTk0MGJhNC1iZThhMDc1MS1mMGFjYTYyOA 200
[debug] [2026-02-20T10:26:23.783Z] <<< [apiv2][body] GET https://cloudfunctions.googleapis.com/v1/operations/cHJvamVjdHMvdGhldmlzYW1hbmFnZXItYmVhODAvbG9jYXRpb25zL3VzLWNlbnRyYWwxL29wZXJhdGlvbnMvb3BlcmF0aW9uLTE3NzE1ODMwMzY0NTktNjRiM2VkMTk0MGJhNC1iZThhMDc1MS1mMGFjYTYyOA {"name":"operations/cHJvamVjdHMvdGhldmlzYW1hbmFnZXItYmVhODAvbG9jYXRpb25zL3VzLWNlbnRyYWwxL29wZXJhdGlvbnMvb3BlcmF0aW9uLTE3NzE1ODMwMzY0NTktNjRiM2VkMTk0MGJhNC1iZThhMDc1MS1mMGFjYTYyOA","metadata":{"@type":"type.googleapis.com/google.cloud.functions.v1.OperationMetadataV1","target":"projects/thevisamanager-bea80/locations/us-central1/functions/cleanupUserData","type":"DELETE_FUNCTION","request":{"@type":"type.googleapis.com/google.cloud.functions.v1.CloudFunction","name":"projects/thevisamanager-bea80/locations/us-central1/functions/cleanupUserData","httpsTrigger":{},"updateTime":"1970-01-01T00:00:00Z"},"updateTime":"2026-02-20T10:23:56.541273886Z"}}
[debug] [2026-02-20T10:26:33.788Z] [delete-default-us-central1-cleanupUserData] Retrying task index 0
[debug] [2026-02-20T10:26:33.789Z] Checked if tokens are valid: true, expires at: 1771585909769
[debug] [2026-02-20T10:26:33.790Z] Checked if tokens are valid: true, expires at: 1771585909769
[debug] [2026-02-20T10:26:33.790Z] >>> [apiv2][query] GET https://cloudfunctions.googleapis.com/v1/operations/cHJvamVjdHMvdGhldmlzYW1hbmFnZXItYmVhODAvbG9jYXRpb25zL3VzLWNlbnRyYWwxL29wZXJhdGlvbnMvb3BlcmF0aW9uLTE3NzE1ODMwMzY0NTktNjRiM2VkMTk0MGJhNC1iZThhMDc1MS1mMGFjYTYyOA [none]
[debug] [2026-02-20T10:26:34.430Z] <<< [apiv2][status] GET https://cloudfunctions.googleapis.com/v1/operations/cHJvamVjdHMvdGhldmlzYW1hbmFnZXItYmVhODAvbG9jYXRpb25zL3VzLWNlbnRyYWwxL29wZXJhdGlvbnMvb3BlcmF0aW9uLTE3NzE1ODMwMzY0NTktNjRiM2VkMTk0MGJhNC1iZThhMDc1MS1mMGFjYTYyOA 200
[debug] [2026-02-20T10:26:34.430Z] <<< [apiv2][body] GET https://cloudfunctions.googleapis.com/v1/operations/cHJvamVjdHMvdGhldmlzYW1hbmFnZXItYmVhODAvbG9jYXRpb25zL3VzLWNlbnRyYWwxL29wZXJhdGlvbnMvb3BlcmF0aW9uLTE3NzE1ODMwMzY0NTktNjRiM2VkMTk0MGJhNC1iZThhMDc1MS1mMGFjYTYyOA {"name":"operations/cHJvamVjdHMvdGhldmlzYW1hbmFnZXItYmVhODAvbG9jYXRpb25zL3VzLWNlbnRyYWwxL29wZXJhdGlvbnMvb3BlcmF0aW9uLTE3NzE1ODMwMzY0NTktNjRiM2VkMTk0MGJhNC1iZThhMDc1MS1mMGFjYTYyOA","metadata":{"@type":"type.googleapis.com/google.cloud.functions.v1.OperationMetadataV1","target":"projects/thevisamanager-bea80/locations/us-central1/functions/cleanupUserData","type":"DELETE_FUNCTION","request":{"@type":"type.googleapis.com/google.cloud.functions.v1.CloudFunction","name":"projects/thevisamanager-bea80/locations/us-central1/functions/cleanupUserData","httpsTrigger":{},"updateTime":"1970-01-01T00:00:00Z"},"updateTime":"2026-02-20T10:23:56.541273886Z"}}
[debug] [2026-02-20T10:26:44.437Z] [delete-default-us-central1-cleanupUserData] Retrying task index 0
[debug] [2026-02-20T10:26:44.438Z] Checked if tokens are valid: true, expires at: 1771585909769
[debug] [2026-02-20T10:26:44.439Z] Checked if tokens are valid: true, expires at: 1771585909769
[debug] [2026-02-20T10:26:44.439Z] >>> [apiv2][query] GET https://cloudfunctions.googleapis.com/v1/operations/cHJvamVjdHMvdGhldmlzYW1hbmFnZXItYmVhODAvbG9jYXRpb25zL3VzLWNlbnRyYWwxL29wZXJhdGlvbnMvb3BlcmF0aW9uLTE3NzE1ODMwMzY0NTktNjRiM2VkMTk0MGJhNC1iZThhMDc1MS1mMGFjYTYyOA [none]
[debug] [2026-02-20T10:26:45.211Z] <<< [apiv2][status] GET https://cloudfunctions.googleapis.com/v1/operations/cHJvamVjdHMvdGhldmlzYW1hbmFnZXItYmVhODAvbG9jYXRpb25zL3VzLWNlbnRyYWwxL29wZXJhdGlvbnMvb3BlcmF0aW9uLTE3NzE1ODMwMzY0NTktNjRiM2VkMTk0MGJhNC1iZThhMDc1MS1mMGFjYTYyOA 200
[debug] [2026-02-20T10:26:45.211Z] <<< [apiv2][body] GET https://cloudfunctions.googleapis.com/v1/operations/cHJvamVjdHMvdGhldmlzYW1hbmFnZXItYmVhODAvbG9jYXRpb25zL3VzLWNlbnRyYWwxL29wZXJhdGlvbnMvb3BlcmF0aW9uLTE3NzE1ODMwMzY0NTktNjRiM2VkMTk0MGJhNC1iZThhMDc1MS1mMGFjYTYyOA {"name":"operations/cHJvamVjdHMvdGhldmlzYW1hbmFnZXItYmVhODAvbG9jYXRpb25zL3VzLWNlbnRyYWwxL29wZXJhdGlvbnMvb3BlcmF0aW9uLTE3NzE1ODMwMzY0NTktNjRiM2VkMTk0MGJhNC1iZThhMDc1MS1mMGFjYTYyOA","metadata":{"@type":"type.googleapis.com/google.cloud.functions.v1.OperationMetadataV1","target":"projects/thevisamanager-bea80/locations/us-central1/functions/cleanupUserData","type":"DELETE_FUNCTION","request":{"@type":"type.googleapis.com/google.cloud.functions.v1.CloudFunction","name":"projects/thevisamanager-bea80/locations/us-central1/functions/cleanupUserData","httpsTrigger":{},"updateTime":"1970-01-01T00:00:00Z"},"updateTime":"2026-02-20T10:23:56.541273886Z"}}
[debug] [2026-02-20T10:26:55.221Z] [delete-default-us-central1-cleanupUserData] Retrying task index 0
[debug] [2026-02-20T10:26:55.222Z] Checked if tokens are valid: true, expires at: 1771585909769
[debug] [2026-02-20T10:26:55.223Z] Checked if tokens are valid: true, expires at: 1771585909769
[debug] [2026-02-20T10:26:55.223Z] >>> [apiv2][query] GET https://cloudfunctions.googleapis.com/v1/operations/cHJvamVjdHMvdGhldmlzYW1hbmFnZXItYmVhODAvbG9jYXRpb25zL3VzLWNlbnRyYWwxL29wZXJhdGlvbnMvb3BlcmF0aW9uLTE3NzE1ODMwMzY0NTktNjRiM2VkMTk0MGJhNC1iZThhMDc1MS1mMGFjYTYyOA [none]
[debug] [2026-02-20T10:26:56.039Z] <<< [apiv2][status] GET https://cloudfunctions.googleapis.com/v1/operations/cHJvamVjdHMvdGhldmlzYW1hbmFnZXItYmVhODAvbG9jYXRpb25zL3VzLWNlbnRyYWwxL29wZXJhdGlvbnMvb3BlcmF0aW9uLTE3NzE1ODMwMzY0NTktNjRiM2VkMTk0MGJhNC1iZThhMDc1MS1mMGFjYTYyOA 200
[debug] [2026-02-20T10:26:56.039Z] <<< [apiv2][body] GET https://cloudfunctions.googleapis.com/v1/operations/cHJvamVjdHMvdGhldmlzYW1hbmFnZXItYmVhODAvbG9jYXRpb25zL3VzLWNlbnRyYWwxL29wZXJhdGlvbnMvb3BlcmF0aW9uLTE3NzE1ODMwMzY0NTktNjRiM2VkMTk0MGJhNC1iZThhMDc1MS1mMGFjYTYyOA {"name":"operations/cHJvamVjdHMvdGhldmlzYW1hbmFnZXItYmVhODAvbG9jYXRpb25zL3VzLWNlbnRyYWwxL29wZXJhdGlvbnMvb3BlcmF0aW9uLTE3NzE1ODMwMzY0NTktNjRiM2VkMTk0MGJhNC1iZThhMDc1MS1mMGFjYTYyOA","metadata":{"@type":"type.googleapis.com/google.cloud.functions.v1.OperationMetadataV1","target":"projects/thevisamanager-bea80/locations/us-central1/functions/cleanupUserData","type":"DELETE_FUNCTION","request":{"@type":"type.googleapis.com/google.cloud.functions.v1.CloudFunction","name":"projects/thevisamanager-bea80/locations/us-central1/functions/cleanupUserData","httpsTrigger":{},"updateTime":"1970-01-01T00:00:00Z"},"updateTime":"2026-02-20T10:23:56.541273886Z"}}
[debug] [2026-02-20T10:27:06.056Z] [delete-default-us-central1-cleanupUserData] Retrying task index 0
[debug] [2026-02-20T10:27:06.057Z] Checked if tokens are valid: true, expires at: 1771585909769
[debug] [2026-02-20T10:27:06.057Z] Checked if tokens are valid: true, expires at: 1771585909769
[debug] [2026-02-20T10:27:06.057Z] >>> [apiv2][query] GET https://cloudfunctions.googleapis.com/v1/operations/cHJvamVjdHMvdGhldmlzYW1hbmFnZXItYmVhODAvbG9jYXRpb25zL3VzLWNlbnRyYWwxL29wZXJhdGlvbnMvb3BlcmF0aW9uLTE3NzE1ODMwMzY0NTktNjRiM2VkMTk0MGJhNC1iZThhMDc1MS1mMGFjYTYyOA [none]
[debug] [2026-02-20T10:27:06.791Z] <<< [apiv2][status] GET https://cloudfunctions.googleapis.com/v1/operations/cHJvamVjdHMvdGhldmlzYW1hbmFnZXItYmVhODAvbG9jYXRpb25zL3VzLWNlbnRyYWwxL29wZXJhdGlvbnMvb3BlcmF0aW9uLTE3NzE1ODMwMzY0NTktNjRiM2VkMTk0MGJhNC1iZThhMDc1MS1mMGFjYTYyOA 200
[debug] [2026-02-20T10:27:06.791Z] <<< [apiv2][body] GET https://cloudfunctions.googleapis.com/v1/operations/cHJvamVjdHMvdGhldmlzYW1hbmFnZXItYmVhODAvbG9jYXRpb25zL3VzLWNlbnRyYWwxL29wZXJhdGlvbnMvb3BlcmF0aW9uLTE3NzE1ODMwMzY0NTktNjRiM2VkMTk0MGJhNC1iZThhMDc1MS1mMGFjYTYyOA {"name":"operations/cHJvamVjdHMvdGhldmlzYW1hbmFnZXItYmVhODAvbG9jYXRpb25zL3VzLWNlbnRyYWwxL29wZXJhdGlvbnMvb3BlcmF0aW9uLTE3NzE1ODMwMzY0NTktNjRiM2VkMTk0MGJhNC1iZThhMDc1MS1mMGFjYTYyOA","metadata":{"@type":"type.googleapis.com/google.cloud.functions.v1.OperationMetadataV1","target":"projects/thevisamanager-bea80/locations/us-central1/functions/cleanupUserData","type":"DELETE_FUNCTION","request":{"@type":"type.googleapis.com/google.cloud.functions.v1.CloudFunction","name":"projects/thevisamanager-bea80/locations/us-central1/functions/cleanupUserData","httpsTrigger":{},"updateTime":"1970-01-01T00:00:00Z"},"updateTime":"2026-02-20T10:23:56.541273886Z"}}
[debug] [2026-02-20T10:27:16.801Z] [delete-default-us-central1-cleanupUserData] Retrying task index 0
[debug] [2026-02-20T10:27:16.802Z] Checked if tokens are valid: true, expires at: 1771585909769
[debug] [2026-02-20T10:27:16.802Z] Checked if tokens are valid: true, expires at: 1771585909769
[debug] [2026-02-20T10:27:16.802Z] >>> [apiv2][query] GET https://cloudfunctions.googleapis.com/v1/operations/cHJvamVjdHMvdGhldmlzYW1hbmFnZXItYmVhODAvbG9jYXRpb25zL3VzLWNlbnRyYWwxL29wZXJhdGlvbnMvb3BlcmF0aW9uLTE3NzE1ODMwMzY0NTktNjRiM2VkMTk0MGJhNC1iZThhMDc1MS1mMGFjYTYyOA [none]
[debug] [2026-02-20T10:27:17.543Z] <<< [apiv2][status] GET https://cloudfunctions.googleapis.com/v1/operations/cHJvamVjdHMvdGhldmlzYW1hbmFnZXItYmVhODAvbG9jYXRpb25zL3VzLWNlbnRyYWwxL29wZXJhdGlvbnMvb3BlcmF0aW9uLTE3NzE1ODMwMzY0NTktNjRiM2VkMTk0MGJhNC1iZThhMDc1MS1mMGFjYTYyOA 200
[debug] [2026-02-20T10:27:17.544Z] <<< [apiv2][body] GET https://cloudfunctions.googleapis.com/v1/operations/cHJvamVjdHMvdGhldmlzYW1hbmFnZXItYmVhODAvbG9jYXRpb25zL3VzLWNlbnRyYWwxL29wZXJhdGlvbnMvb3BlcmF0aW9uLTE3NzE1ODMwMzY0NTktNjRiM2VkMTk0MGJhNC1iZThhMDc1MS1mMGFjYTYyOA {"name":"operations/cHJvamVjdHMvdGhldmlzYW1hbmFnZXItYmVhODAvbG9jYXRpb25zL3VzLWNlbnRyYWwxL29wZXJhdGlvbnMvb3BlcmF0aW9uLTE3NzE1ODMwMzY0NTktNjRiM2VkMTk0MGJhNC1iZThhMDc1MS1mMGFjYTYyOA","metadata":{"@type":"type.googleapis.com/google.cloud.functions.v1.OperationMetadataV1","target":"projects/thevisamanager-bea80/locations/us-central1/functions/cleanupUserData","type":"DELETE_FUNCTION","request":{"@type":"type.googleapis.com/google.cloud.functions.v1.CloudFunction","name":"projects/thevisamanager-bea80/locations/us-central1/functions/cleanupUserData","httpsTrigger":{},"updateTime":"1970-01-01T00:00:00Z"},"updateTime":"2026-02-20T10:23:56.541273886Z"}}
[debug] [2026-02-20T10:27:27.554Z] [delete-default-us-central1-cleanupUserData] Retrying task index 0
[debug] [2026-02-20T10:27:27.555Z] Checked if tokens are valid: true, expires at: 1771585909769
[debug] [2026-02-20T10:27:27.555Z] Checked if tokens are valid: true, expires at: 1771585909769
[debug] [2026-02-20T10:27:27.555Z] >>> [apiv2][query] GET https://cloudfunctions.googleapis.com/v1/operations/cHJvamVjdHMvdGhldmlzYW1hbmFnZXItYmVhODAvbG9jYXRpb25zL3VzLWNlbnRyYWwxL29wZXJhdGlvbnMvb3BlcmF0aW9uLTE3NzE1ODMwMzY0NTktNjRiM2VkMTk0MGJhNC1iZThhMDc1MS1mMGFjYTYyOA [none]
[debug] [2026-02-20T10:27:28.295Z] <<< [apiv2][status] GET https://cloudfunctions.googleapis.com/v1/operations/cHJvamVjdHMvdGhldmlzYW1hbmFnZXItYmVhODAvbG9jYXRpb25zL3VzLWNlbnRyYWwxL29wZXJhdGlvbnMvb3BlcmF0aW9uLTE3NzE1ODMwMzY0NTktNjRiM2VkMTk0MGJhNC1iZThhMDc1MS1mMGFjYTYyOA 200
[debug] [2026-02-20T10:27:28.295Z] <<< [apiv2][body] GET https://cloudfunctions.googleapis.com/v1/operations/cHJvamVjdHMvdGhldmlzYW1hbmFnZXItYmVhODAvbG9jYXRpb25zL3VzLWNlbnRyYWwxL29wZXJhdGlvbnMvb3BlcmF0aW9uLTE3NzE1ODMwMzY0NTktNjRiM2VkMTk0MGJhNC1iZThhMDc1MS1mMGFjYTYyOA {"name":"operations/cHJvamVjdHMvdGhldmlzYW1hbmFnZXItYmVhODAvbG9jYXRpb25zL3VzLWNlbnRyYWwxL29wZXJhdGlvbnMvb3BlcmF0aW9uLTE3NzE1ODMwMzY0NTktNjRiM2VkMTk0MGJhNC1iZThhMDc1MS1mMGFjYTYyOA","metadata":{"@type":"type.googleapis.com/google.cloud.functions.v1.OperationMetadataV1","target":"projects/thevisamanager-bea80/locations/us-central1/functions/cleanupUserData","type":"DELETE_FUNCTION","request":{"@type":"type.googleapis.com/google.cloud.functions.v1.CloudFunction","name":"projects/thevisamanager-bea80/locations/us-central1/functions/cleanupUserData","httpsTrigger":{},"updateTime":"1970-01-01T00:00:00Z"},"updateTime":"2026-02-20T10:23:56.541273886Z"}}
[debug] [2026-02-20T10:27:38.308Z] [delete-default-us-central1-cleanupUserData] Retrying task index 0
[debug] [2026-02-20T10:27:38.309Z] Checked if tokens are valid: true, expires at: 1771585909769
[debug] [2026-02-20T10:27:38.309Z] Checked if tokens are valid: true, expires at: 1771585909769
[debug] [2026-02-20T10:27:38.309Z] >>> [apiv2][query] GET https://cloudfunctions.googleapis.com/v1/operations/cHJvamVjdHMvdGhldmlzYW1hbmFnZXItYmVhODAvbG9jYXRpb25zL3VzLWNlbnRyYWwxL29wZXJhdGlvbnMvb3BlcmF0aW9uLTE3NzE1ODMwMzY0NTktNjRiM2VkMTk0MGJhNC1iZThhMDc1MS1mMGFjYTYyOA [none]
[debug] [2026-02-20T10:27:39.045Z] <<< [apiv2][status] GET https://cloudfunctions.googleapis.com/v1/operations/cHJvamVjdHMvdGhldmlzYW1hbmFnZXItYmVhODAvbG9jYXRpb25zL3VzLWNlbnRyYWwxL29wZXJhdGlvbnMvb3BlcmF0aW9uLTE3NzE1ODMwMzY0NTktNjRiM2VkMTk0MGJhNC1iZThhMDc1MS1mMGFjYTYyOA 200
[debug] [2026-02-20T10:27:39.045Z] <<< [apiv2][body] GET https://cloudfunctions.googleapis.com/v1/operations/cHJvamVjdHMvdGhldmlzYW1hbmFnZXItYmVhODAvbG9jYXRpb25zL3VzLWNlbnRyYWwxL29wZXJhdGlvbnMvb3BlcmF0aW9uLTE3NzE1ODMwMzY0NTktNjRiM2VkMTk0MGJhNC1iZThhMDc1MS1mMGFjYTYyOA {"name":"operations/cHJvamVjdHMvdGhldmlzYW1hbmFnZXItYmVhODAvbG9jYXRpb25zL3VzLWNlbnRyYWwxL29wZXJhdGlvbnMvb3BlcmF0aW9uLTE3NzE1ODMwMzY0NTktNjRiM2VkMTk0MGJhNC1iZThhMDc1MS1mMGFjYTYyOA","metadata":{"@type":"type.googleapis.com/google.cloud.functions.v1.OperationMetadataV1","target":"projects/thevisamanager-bea80/locations/us-central1/functions/cleanupUserData","type":"DELETE_FUNCTION","request":{"@type":"type.googleapis.com/google.cloud.functions.v1.CloudFunction","name":"projects/thevisamanager-bea80/locations/us-central1/functions/cleanupUserData","httpsTrigger":{},"updateTime":"1970-01-01T00:00:00Z"},"updateTime":"2026-02-20T10:23:56.541273886Z"}}
[debug] [2026-02-20T10:27:49.055Z] [delete-default-us-central1-cleanupUserData] Retrying task index 0
[debug] [2026-02-20T10:27:49.056Z] Checked if tokens are valid: true, expires at: 1771585909769
[debug] [2026-02-20T10:27:49.056Z] Checked if tokens are valid: true, expires at: 1771585909769
[debug] [2026-02-20T10:27:49.056Z] >>> [apiv2][query] GET https://cloudfunctions.googleapis.com/v1/operations/cHJvamVjdHMvdGhldmlzYW1hbmFnZXItYmVhODAvbG9jYXRpb25zL3VzLWNlbnRyYWwxL29wZXJhdGlvbnMvb3BlcmF0aW9uLTE3NzE1ODMwMzY0NTktNjRiM2VkMTk0MGJhNC1iZThhMDc1MS1mMGFjYTYyOA [none]
[debug] [2026-02-20T10:27:49.801Z] <<< [apiv2][status] GET https://cloudfunctions.googleapis.com/v1/operations/cHJvamVjdHMvdGhldmlzYW1hbmFnZXItYmVhODAvbG9jYXRpb25zL3VzLWNlbnRyYWwxL29wZXJhdGlvbnMvb3BlcmF0aW9uLTE3NzE1ODMwMzY0NTktNjRiM2VkMTk0MGJhNC1iZThhMDc1MS1mMGFjYTYyOA 200
[debug] [2026-02-20T10:27:49.801Z] <<< [apiv2][body] GET https://cloudfunctions.googleapis.com/v1/operations/cHJvamVjdHMvdGhldmlzYW1hbmFnZXItYmVhODAvbG9jYXRpb25zL3VzLWNlbnRyYWwxL29wZXJhdGlvbnMvb3BlcmF0aW9uLTE3NzE1ODMwMzY0NTktNjRiM2VkMTk0MGJhNC1iZThhMDc1MS1mMGFjYTYyOA {"name":"operations/cHJvamVjdHMvdGhldmlzYW1hbmFnZXItYmVhODAvbG9jYXRpb25zL3VzLWNlbnRyYWwxL29wZXJhdGlvbnMvb3BlcmF0aW9uLTE3NzE1ODMwMzY0NTktNjRiM2VkMTk0MGJhNC1iZThhMDc1MS1mMGFjYTYyOA","metadata":{"@type":"type.googleapis.com/google.cloud.functions.v1.OperationMetadataV1","target":"projects/thevisamanager-bea80/locations/us-central1/functions/cleanupUserData","type":"DELETE_FUNCTION","request":{"@type":"type.googleapis.com/google.cloud.functions.v1.CloudFunction","name":"projects/thevisamanager-bea80/locations/us-central1/functions/cleanupUserData","httpsTrigger":{},"updateTime":"1970-01-01T00:00:00Z"},"updateTime":"2026-02-20T10:23:56.541273886Z"}}
[debug] [2026-02-20T10:27:59.815Z] [delete-default-us-central1-cleanupUserData] Retrying task index 0
[debug] [2026-02-20T10:27:59.816Z] Checked if tokens are valid: true, expires at: 1771585909769
[debug] [2026-02-20T10:27:59.816Z] Checked if tokens are valid: true, expires at: 1771585909769
[debug] [2026-02-20T10:27:59.816Z] >>> [apiv2][query] GET https://cloudfunctions.googleapis.com/v1/operations/cHJvamVjdHMvdGhldmlzYW1hbmFnZXItYmVhODAvbG9jYXRpb25zL3VzLWNlbnRyYWwxL29wZXJhdGlvbnMvb3BlcmF0aW9uLTE3NzE1ODMwMzY0NTktNjRiM2VkMTk0MGJhNC1iZThhMDc1MS1mMGFjYTYyOA [none]
[debug] [2026-02-20T10:28:00.552Z] <<< [apiv2][status] GET https://cloudfunctions.googleapis.com/v1/operations/cHJvamVjdHMvdGhldmlzYW1hbmFnZXItYmVhODAvbG9jYXRpb25zL3VzLWNlbnRyYWwxL29wZXJhdGlvbnMvb3BlcmF0aW9uLTE3NzE1ODMwMzY0NTktNjRiM2VkMTk0MGJhNC1iZThhMDc1MS1mMGFjYTYyOA 200
[debug] [2026-02-20T10:28:00.552Z] <<< [apiv2][body] GET https://cloudfunctions.googleapis.com/v1/operations/cHJvamVjdHMvdGhldmlzYW1hbmFnZXItYmVhODAvbG9jYXRpb25zL3VzLWNlbnRyYWwxL29wZXJhdGlvbnMvb3BlcmF0aW9uLTE3NzE1ODMwMzY0NTktNjRiM2VkMTk0MGJhNC1iZThhMDc1MS1mMGFjYTYyOA {"name":"operations/cHJvamVjdHMvdGhldmlzYW1hbmFnZXItYmVhODAvbG9jYXRpb25zL3VzLWNlbnRyYWwxL29wZXJhdGlvbnMvb3BlcmF0aW9uLTE3NzE1ODMwMzY0NTktNjRiM2VkMTk0MGJhNC1iZThhMDc1MS1mMGFjYTYyOA","metadata":{"@type":"type.googleapis.com/google.cloud.functions.v1.OperationMetadataV1","target":"projects/thevisamanager-bea80/locations/us-central1/functions/cleanupUserData","type":"DELETE_FUNCTION","request":{"@type":"type.googleapis.com/google.cloud.functions.v1.CloudFunction","name":"projects/thevisamanager-bea80/locations/us-central1/functions/cleanupUserData","httpsTrigger":{},"updateTime":"1970-01-01T00:00:00Z"},"updateTime":"2026-02-20T10:23:56.541273886Z"}}
[debug] [2026-02-20T10:28:10.560Z] [delete-default-us-central1-cleanupUserData] Retrying task index 0
[debug] [2026-02-20T10:28:10.560Z] Checked if tokens are valid: true, expires at: 1771585909769
[debug] [2026-02-20T10:28:10.561Z] Checked if tokens are valid: true, expires at: 1771585909769
[debug] [2026-02-20T10:28:10.561Z] >>> [apiv2][query] GET https://cloudfunctions.googleapis.com/v1/operations/cHJvamVjdHMvdGhldmlzYW1hbmFnZXItYmVhODAvbG9jYXRpb25zL3VzLWNlbnRyYWwxL29wZXJhdGlvbnMvb3BlcmF0aW9uLTE3NzE1ODMwMzY0NTktNjRiM2VkMTk0MGJhNC1iZThhMDc1MS1mMGFjYTYyOA [none]
[debug] [2026-02-20T10:28:11.301Z] <<< [apiv2][status] GET https://cloudfunctions.googleapis.com/v1/operations/cHJvamVjdHMvdGhldmlzYW1hbmFnZXItYmVhODAvbG9jYXRpb25zL3VzLWNlbnRyYWwxL29wZXJhdGlvbnMvb3BlcmF0aW9uLTE3NzE1ODMwMzY0NTktNjRiM2VkMTk0MGJhNC1iZThhMDc1MS1mMGFjYTYyOA 200
[debug] [2026-02-20T10:28:11.302Z] <<< [apiv2][body] GET https://cloudfunctions.googleapis.com/v1/operations/cHJvamVjdHMvdGhldmlzYW1hbmFnZXItYmVhODAvbG9jYXRpb25zL3VzLWNlbnRyYWwxL29wZXJhdGlvbnMvb3BlcmF0aW9uLTE3NzE1ODMwMzY0NTktNjRiM2VkMTk0MGJhNC1iZThhMDc1MS1mMGFjYTYyOA {"name":"operations/cHJvamVjdHMvdGhldmlzYW1hbmFnZXItYmVhODAvbG9jYXRpb25zL3VzLWNlbnRyYWwxL29wZXJhdGlvbnMvb3BlcmF0aW9uLTE3NzE1ODMwMzY0NTktNjRiM2VkMTk0MGJhNC1iZThhMDc1MS1mMGFjYTYyOA","metadata":{"@type":"type.googleapis.com/google.cloud.functions.v1.OperationMetadataV1","target":"projects/thevisamanager-bea80/locations/us-central1/functions/cleanupUserData","type":"DELETE_FUNCTION","request":{"@type":"type.googleapis.com/google.cloud.functions.v1.CloudFunction","name":"projects/thevisamanager-bea80/locations/us-central1/functions/cleanupUserData","httpsTrigger":{},"updateTime":"1970-01-01T00:00:00Z"},"updateTime":"2026-02-20T10:23:56.541273886Z"}}
[debug] [2026-02-20T10:28:21.313Z] [delete-default-us-central1-cleanupUserData] Retrying task index 0
[debug] [2026-02-20T10:28:21.322Z] Checked if tokens are valid: true, expires at: 1771585909769
[debug] [2026-02-20T10:28:21.323Z] Checked if tokens are valid: true, expires at: 1771585909769
[debug] [2026-02-20T10:28:21.323Z] >>> [apiv2][query] GET https://cloudfunctions.googleapis.com/v1/operations/cHJvamVjdHMvdGhldmlzYW1hbmFnZXItYmVhODAvbG9jYXRpb25zL3VzLWNlbnRyYWwxL29wZXJhdGlvbnMvb3BlcmF0aW9uLTE3NzE1ODMwMzY0NTktNjRiM2VkMTk0MGJhNC1iZThhMDc1MS1mMGFjYTYyOA [none]
[debug] [2026-02-20T10:28:22.057Z] <<< [apiv2][status] GET https://cloudfunctions.googleapis.com/v1/operations/cHJvamVjdHMvdGhldmlzYW1hbmFnZXItYmVhODAvbG9jYXRpb25zL3VzLWNlbnRyYWwxL29wZXJhdGlvbnMvb3BlcmF0aW9uLTE3NzE1ODMwMzY0NTktNjRiM2VkMTk0MGJhNC1iZThhMDc1MS1mMGFjYTYyOA 200
[debug] [2026-02-20T10:28:22.057Z] <<< [apiv2][body] GET https://cloudfunctions.googleapis.com/v1/operations/cHJvamVjdHMvdGhldmlzYW1hbmFnZXItYmVhODAvbG9jYXRpb25zL3VzLWNlbnRyYWwxL29wZXJhdGlvbnMvb3BlcmF0aW9uLTE3NzE1ODMwMzY0NTktNjRiM2VkMTk0MGJhNC1iZThhMDc1MS1mMGFjYTYyOA {"name":"operations/cHJvamVjdHMvdGhldmlzYW1hbmFnZXItYmVhODAvbG9jYXRpb25zL3VzLWNlbnRyYWwxL29wZXJhdGlvbnMvb3BlcmF0aW9uLTE3NzE1ODMwMzY0NTktNjRiM2VkMTk0MGJhNC1iZThhMDc1MS1mMGFjYTYyOA","metadata":{"@type":"type.googleapis.com/google.cloud.functions.v1.OperationMetadataV1","target":"projects/thevisamanager-bea80/locations/us-central1/functions/cleanupUserData","type":"DELETE_FUNCTION","request":{"@type":"type.googleapis.com/google.cloud.functions.v1.CloudFunction","name":"projects/thevisamanager-bea80/locations/us-central1/functions/cleanupUserData","httpsTrigger":{},"updateTime":"1970-01-01T00:00:00Z"},"updateTime":"2026-02-20T10:23:56.541273886Z"}}
[debug] [2026-02-20T10:28:32.069Z] [delete-default-us-central1-cleanupUserData] Retrying task index 0
[debug] [2026-02-20T10:28:32.070Z] Checked if tokens are valid: true, expires at: 1771585909769
[debug] [2026-02-20T10:28:32.070Z] Checked if tokens are valid: true, expires at: 1771585909769
[debug] [2026-02-20T10:28:32.070Z] >>> [apiv2][query] GET https://cloudfunctions.googleapis.com/v1/operations/cHJvamVjdHMvdGhldmlzYW1hbmFnZXItYmVhODAvbG9jYXRpb25zL3VzLWNlbnRyYWwxL29wZXJhdGlvbnMvb3BlcmF0aW9uLTE3NzE1ODMwMzY0NTktNjRiM2VkMTk0MGJhNC1iZThhMDc1MS1mMGFjYTYyOA [none]
[debug] [2026-02-20T10:28:32.811Z] <<< [apiv2][status] GET https://cloudfunctions.googleapis.com/v1/operations/cHJvamVjdHMvdGhldmlzYW1hbmFnZXItYmVhODAvbG9jYXRpb25zL3VzLWNlbnRyYWwxL29wZXJhdGlvbnMvb3BlcmF0aW9uLTE3NzE1ODMwMzY0NTktNjRiM2VkMTk0MGJhNC1iZThhMDc1MS1mMGFjYTYyOA 200
[debug] [2026-02-20T10:28:32.811Z] <<< [apiv2][body] GET https://cloudfunctions.googleapis.com/v1/operations/cHJvamVjdHMvdGhldmlzYW1hbmFnZXItYmVhODAvbG9jYXRpb25zL3VzLWNlbnRyYWwxL29wZXJhdGlvbnMvb3BlcmF0aW9uLTE3NzE1ODMwMzY0NTktNjRiM2VkMTk0MGJhNC1iZThhMDc1MS1mMGFjYTYyOA {"name":"operations/cHJvamVjdHMvdGhldmlzYW1hbmFnZXItYmVhODAvbG9jYXRpb25zL3VzLWNlbnRyYWwxL29wZXJhdGlvbnMvb3BlcmF0aW9uLTE3NzE1ODMwMzY0NTktNjRiM2VkMTk0MGJhNC1iZThhMDc1MS1mMGFjYTYyOA","metadata":{"@type":"type.googleapis.com/google.cloud.functions.v1.OperationMetadataV1","target":"projects/thevisamanager-bea80/locations/us-central1/functions/cleanupUserData","type":"DELETE_FUNCTION","request":{"@type":"type.googleapis.com/google.cloud.functions.v1.CloudFunction","name":"projects/thevisamanager-bea80/locations/us-central1/functions/cleanupUserData","httpsTrigger":{},"updateTime":"1970-01-01T00:00:00Z"},"updateTime":"2026-02-20T10:23:56.541273886Z"}}
[debug] [2026-02-20T10:28:42.816Z] [delete-default-us-central1-cleanupUserData] Retrying task index 0
[debug] [2026-02-20T10:28:42.816Z] Checked if tokens are valid: true, expires at: 1771585909769
[debug] [2026-02-20T10:28:42.817Z] Checked if tokens are valid: true, expires at: 1771585909769
[debug] [2026-02-20T10:28:42.817Z] >>> [apiv2][query] GET https://cloudfunctions.googleapis.com/v1/operations/cHJvamVjdHMvdGhldmlzYW1hbmFnZXItYmVhODAvbG9jYXRpb25zL3VzLWNlbnRyYWwxL29wZXJhdGlvbnMvb3BlcmF0aW9uLTE3NzE1ODMwMzY0NTktNjRiM2VkMTk0MGJhNC1iZThhMDc1MS1mMGFjYTYyOA [none]
[debug] [2026-02-20T10:28:43.662Z] <<< [apiv2][status] GET https://cloudfunctions.googleapis.com/v1/operations/cHJvamVjdHMvdGhldmlzYW1hbmFnZXItYmVhODAvbG9jYXRpb25zL3VzLWNlbnRyYWwxL29wZXJhdGlvbnMvb3BlcmF0aW9uLTE3NzE1ODMwMzY0NTktNjRiM2VkMTk0MGJhNC1iZThhMDc1MS1mMGFjYTYyOA 200
[debug] [2026-02-20T10:28:43.663Z] <<< [apiv2][body] GET https://cloudfunctions.googleapis.com/v1/operations/cHJvamVjdHMvdGhldmlzYW1hbmFnZXItYmVhODAvbG9jYXRpb25zL3VzLWNlbnRyYWwxL29wZXJhdGlvbnMvb3BlcmF0aW9uLTE3NzE1ODMwMzY0NTktNjRiM2VkMTk0MGJhNC1iZThhMDc1MS1mMGFjYTYyOA {"name":"operations/cHJvamVjdHMvdGhldmlzYW1hbmFnZXItYmVhODAvbG9jYXRpb25zL3VzLWNlbnRyYWwxL29wZXJhdGlvbnMvb3BlcmF0aW9uLTE3NzE1ODMwMzY0NTktNjRiM2VkMTk0MGJhNC1iZThhMDc1MS1mMGFjYTYyOA","metadata":{"@type":"type.googleapis.com/google.cloud.functions.v1.OperationMetadataV1","target":"projects/thevisamanager-bea80/locations/us-central1/functions/cleanupUserData","type":"DELETE_FUNCTION","request":{"@type":"type.googleapis.com/google.cloud.functions.v1.CloudFunction","name":"projects/thevisamanager-bea80/locations/us-central1/functions/cleanupUserData","httpsTrigger":{},"updateTime":"1970-01-01T00:00:00Z"},"updateTime":"2026-02-20T10:23:56.541273886Z"}}
[debug] [2026-02-20T10:28:53.678Z] [delete-default-us-central1-cleanupUserData] Retrying task index 0
[debug] [2026-02-20T10:28:53.678Z] Checked if tokens are valid: true, expires at: 1771585909769
[debug] [2026-02-20T10:28:53.678Z] Checked if tokens are valid: true, expires at: 1771585909769
[debug] [2026-02-20T10:28:53.679Z] >>> [apiv2][query] GET https://cloudfunctions.googleapis.com/v1/operations/cHJvamVjdHMvdGhldmlzYW1hbmFnZXItYmVhODAvbG9jYXRpb25zL3VzLWNlbnRyYWwxL29wZXJhdGlvbnMvb3BlcmF0aW9uLTE3NzE1ODMwMzY0NTktNjRiM2VkMTk0MGJhNC1iZThhMDc1MS1mMGFjYTYyOA [none]
[debug] [2026-02-20T10:28:54.331Z] <<< [apiv2][status] GET https://cloudfunctions.googleapis.com/v1/operations/cHJvamVjdHMvdGhldmlzYW1hbmFnZXItYmVhODAvbG9jYXRpb25zL3VzLWNlbnRyYWwxL29wZXJhdGlvbnMvb3BlcmF0aW9uLTE3NzE1ODMwMzY0NTktNjRiM2VkMTk0MGJhNC1iZThhMDc1MS1mMGFjYTYyOA 200
[debug] [2026-02-20T10:28:54.332Z] <<< [apiv2][body] GET https://cloudfunctions.googleapis.com/v1/operations/cHJvamVjdHMvdGhldmlzYW1hbmFnZXItYmVhODAvbG9jYXRpb25zL3VzLWNlbnRyYWwxL29wZXJhdGlvbnMvb3BlcmF0aW9uLTE3NzE1ODMwMzY0NTktNjRiM2VkMTk0MGJhNC1iZThhMDc1MS1mMGFjYTYyOA {"name":"operations/cHJvamVjdHMvdGhldmlzYW1hbmFnZXItYmVhODAvbG9jYXRpb25zL3VzLWNlbnRyYWwxL29wZXJhdGlvbnMvb3BlcmF0aW9uLTE3NzE1ODMwMzY0NTktNjRiM2VkMTk0MGJhNC1iZThhMDc1MS1mMGFjYTYyOA","metadata":{"@type":"type.googleapis.com/google.cloud.functions.v1.OperationMetadataV1","target":"projects/thevisamanager-bea80/locations/us-central1/functions/cleanupUserData","type":"DELETE_FUNCTION","request":{"@type":"type.googleapis.com/google.cloud.functions.v1.CloudFunction","name":"projects/thevisamanager-bea80/locations/us-central1/functions/cleanupUserData","httpsTrigger":{},"updateTime":"1970-01-01T00:00:00Z"},"updateTime":"2026-02-20T10:23:56.541273886Z"}}
[debug] [2026-02-20T10:29:04.340Z] [delete-default-us-central1-cleanupUserData] Retrying task index 0
[debug] [2026-02-20T10:29:04.341Z] Checked if tokens are valid: true, expires at: 1771585909769
[debug] [2026-02-20T10:29:04.341Z] Checked if tokens are valid: true, expires at: 1771585909769
[debug] [2026-02-20T10:29:04.341Z] >>> [apiv2][query] GET https://cloudfunctions.googleapis.com/v1/operations/cHJvamVjdHMvdGhldmlzYW1hbmFnZXItYmVhODAvbG9jYXRpb25zL3VzLWNlbnRyYWwxL29wZXJhdGlvbnMvb3BlcmF0aW9uLTE3NzE1ODMwMzY0NTktNjRiM2VkMTk0MGJhNC1iZThhMDc1MS1mMGFjYTYyOA [none]
[debug] [2026-02-20T10:29:05.065Z] <<< [apiv2][status] GET https://cloudfunctions.googleapis.com/v1/operations/cHJvamVjdHMvdGhldmlzYW1hbmFnZXItYmVhODAvbG9jYXRpb25zL3VzLWNlbnRyYWwxL29wZXJhdGlvbnMvb3BlcmF0aW9uLTE3NzE1ODMwMzY0NTktNjRiM2VkMTk0MGJhNC1iZThhMDc1MS1mMGFjYTYyOA 200
[debug] [2026-02-20T10:29:05.065Z] <<< [apiv2][body] GET https://cloudfunctions.googleapis.com/v1/operations/cHJvamVjdHMvdGhldmlzYW1hbmFnZXItYmVhODAvbG9jYXRpb25zL3VzLWNlbnRyYWwxL29wZXJhdGlvbnMvb3BlcmF0aW9uLTE3NzE1ODMwMzY0NTktNjRiM2VkMTk0MGJhNC1iZThhMDc1MS1mMGFjYTYyOA {"name":"operations/cHJvamVjdHMvdGhldmlzYW1hbmFnZXItYmVhODAvbG9jYXRpb25zL3VzLWNlbnRyYWwxL29wZXJhdGlvbnMvb3BlcmF0aW9uLTE3NzE1ODMwMzY0NTktNjRiM2VkMTk0MGJhNC1iZThhMDc1MS1mMGFjYTYyOA","metadata":{"@type":"type.googleapis.com/google.cloud.functions.v1.OperationMetadataV1","target":"projects/thevisamanager-bea80/locations/us-central1/functions/cleanupUserData","type":"DELETE_FUNCTION","request":{"@type":"type.googleapis.com/google.cloud.functions.v1.CloudFunction","name":"projects/thevisamanager-bea80/locations/us-central1/functions/cleanupUserData","httpsTrigger":{},"updateTime":"1970-01-01T00:00:00Z"},"updateTime":"2026-02-20T10:23:56.541273886Z"}}
[debug] [2026-02-20T10:29:15.067Z] [delete-default-us-central1-cleanupUserData] Retrying task index 0
[debug] [2026-02-20T10:29:15.068Z] Checked if tokens are valid: true, expires at: 1771585909769
[debug] [2026-02-20T10:29:15.069Z] Checked if tokens are valid: true, expires at: 1771585909769
[debug] [2026-02-20T10:29:15.069Z] >>> [apiv2][query] GET https://cloudfunctions.googleapis.com/v1/operations/cHJvamVjdHMvdGhldmlzYW1hbmFnZXItYmVhODAvbG9jYXRpb25zL3VzLWNlbnRyYWwxL29wZXJhdGlvbnMvb3BlcmF0aW9uLTE3NzE1ODMwMzY0NTktNjRiM2VkMTk0MGJhNC1iZThhMDc1MS1mMGFjYTYyOA [none]
[debug] [2026-02-20T10:29:15.716Z] <<< [apiv2][status] GET https://cloudfunctions.googleapis.com/v1/operations/cHJvamVjdHMvdGhldmlzYW1hbmFnZXItYmVhODAvbG9jYXRpb25zL3VzLWNlbnRyYWwxL29wZXJhdGlvbnMvb3BlcmF0aW9uLTE3NzE1ODMwMzY0NTktNjRiM2VkMTk0MGJhNC1iZThhMDc1MS1mMGFjYTYyOA 200
[debug] [2026-02-20T10:29:15.716Z] <<< [apiv2][body] GET https://cloudfunctions.googleapis.com/v1/operations/cHJvamVjdHMvdGhldmlzYW1hbmFnZXItYmVhODAvbG9jYXRpb25zL3VzLWNlbnRyYWwxL29wZXJhdGlvbnMvb3BlcmF0aW9uLTE3NzE1ODMwMzY0NTktNjRiM2VkMTk0MGJhNC1iZThhMDc1MS1mMGFjYTYyOA {"name":"operations/cHJvamVjdHMvdGhldmlzYW1hbmFnZXItYmVhODAvbG9jYXRpb25zL3VzLWNlbnRyYWwxL29wZXJhdGlvbnMvb3BlcmF0aW9uLTE3NzE1ODMwMzY0NTktNjRiM2VkMTk0MGJhNC1iZThhMDc1MS1mMGFjYTYyOA","metadata":{"@type":"type.googleapis.com/google.cloud.functions.v1.OperationMetadataV1","target":"projects/thevisamanager-bea80/locations/us-central1/functions/cleanupUserData","type":"DELETE_FUNCTION","request":{"@type":"type.googleapis.com/google.cloud.functions.v1.CloudFunction","name":"projects/thevisamanager-bea80/locations/us-central1/functions/cleanupUserData","httpsTrigger":{},"updateTime":"1970-01-01T00:00:00Z"},"updateTime":"2026-02-20T10:23:56.541273886Z"}}
[debug] [2026-02-20T10:29:25.718Z] [delete-default-us-central1-cleanupUserData] Retrying task index 0
[debug] [2026-02-20T10:29:25.718Z] Checked if tokens are valid: true, expires at: 1771585909769
[debug] [2026-02-20T10:29:25.718Z] Checked if tokens are valid: true, expires at: 1771585909769
[debug] [2026-02-20T10:29:25.718Z] >>> [apiv2][query] GET https://cloudfunctions.googleapis.com/v1/operations/cHJvamVjdHMvdGhldmlzYW1hbmFnZXItYmVhODAvbG9jYXRpb25zL3VzLWNlbnRyYWwxL29wZXJhdGlvbnMvb3BlcmF0aW9uLTE3NzE1ODMwMzY0NTktNjRiM2VkMTk0MGJhNC1iZThhMDc1MS1mMGFjYTYyOA [none]
[debug] [2026-02-20T10:29:26.464Z] <<< [apiv2][status] GET https://cloudfunctions.googleapis.com/v1/operations/cHJvamVjdHMvdGhldmlzYW1hbmFnZXItYmVhODAvbG9jYXRpb25zL3VzLWNlbnRyYWwxL29wZXJhdGlvbnMvb3BlcmF0aW9uLTE3NzE1ODMwMzY0NTktNjRiM2VkMTk0MGJhNC1iZThhMDc1MS1mMGFjYTYyOA 200
[debug] [2026-02-20T10:29:26.464Z] <<< [apiv2][body] GET https://cloudfunctions.googleapis.com/v1/operations/cHJvamVjdHMvdGhldmlzYW1hbmFnZXItYmVhODAvbG9jYXRpb25zL3VzLWNlbnRyYWwxL29wZXJhdGlvbnMvb3BlcmF0aW9uLTE3NzE1ODMwMzY0NTktNjRiM2VkMTk0MGJhNC1iZThhMDc1MS1mMGFjYTYyOA {"name":"operations/cHJvamVjdHMvdGhldmlzYW1hbmFnZXItYmVhODAvbG9jYXRpb25zL3VzLWNlbnRyYWwxL29wZXJhdGlvbnMvb3BlcmF0aW9uLTE3NzE1ODMwMzY0NTktNjRiM2VkMTk0MGJhNC1iZThhMDc1MS1mMGFjYTYyOA","metadata":{"@type":"type.googleapis.com/google.cloud.functions.v1.OperationMetadataV1","target":"projects/thevisamanager-bea80/locations/us-central1/functions/cleanupUserData","type":"DELETE_FUNCTION","request":{"@type":"type.googleapis.com/google.cloud.functions.v1.CloudFunction","name":"projects/thevisamanager-bea80/locations/us-central1/functions/cleanupUserData","httpsTrigger":{},"updateTime":"1970-01-01T00:00:00Z"},"updateTime":"2026-02-20T10:23:56.541273886Z"}}
[debug] [2026-02-20T10:29:36.477Z] [delete-default-us-central1-cleanupUserData] Retrying task index 0
[debug] [2026-02-20T10:29:36.477Z] Checked if tokens are valid: true, expires at: 1771585909769
[debug] [2026-02-20T10:29:36.477Z] Checked if tokens are valid: true, expires at: 1771585909769
[debug] [2026-02-20T10:29:36.478Z] >>> [apiv2][query] GET https://cloudfunctions.googleapis.com/v1/operations/cHJvamVjdHMvdGhldmlzYW1hbmFnZXItYmVhODAvbG9jYXRpb25zL3VzLWNlbnRyYWwxL29wZXJhdGlvbnMvb3BlcmF0aW9uLTE3NzE1ODMwMzY0NTktNjRiM2VkMTk0MGJhNC1iZThhMDc1MS1mMGFjYTYyOA [none]
[debug] [2026-02-20T10:29:37.221Z] <<< [apiv2][status] GET https://cloudfunctions.googleapis.com/v1/operations/cHJvamVjdHMvdGhldmlzYW1hbmFnZXItYmVhODAvbG9jYXRpb25zL3VzLWNlbnRyYWwxL29wZXJhdGlvbnMvb3BlcmF0aW9uLTE3NzE1ODMwMzY0NTktNjRiM2VkMTk0MGJhNC1iZThhMDc1MS1mMGFjYTYyOA 200
[debug] [2026-02-20T10:29:37.221Z] <<< [apiv2][body] GET https://cloudfunctions.googleapis.com/v1/operations/cHJvamVjdHMvdGhldmlzYW1hbmFnZXItYmVhODAvbG9jYXRpb25zL3VzLWNlbnRyYWwxL29wZXJhdGlvbnMvb3BlcmF0aW9uLTE3NzE1ODMwMzY0NTktNjRiM2VkMTk0MGJhNC1iZThhMDc1MS1mMGFjYTYyOA {"name":"operations/cHJvamVjdHMvdGhldmlzYW1hbmFnZXItYmVhODAvbG9jYXRpb25zL3VzLWNlbnRyYWwxL29wZXJhdGlvbnMvb3BlcmF0aW9uLTE3NzE1ODMwMzY0NTktNjRiM2VkMTk0MGJhNC1iZThhMDc1MS1mMGFjYTYyOA","metadata":{"@type":"type.googleapis.com/google.cloud.functions.v1.OperationMetadataV1","target":"projects/thevisamanager-bea80/locations/us-central1/functions/cleanupUserData","type":"DELETE_FUNCTION","request":{"@type":"type.googleapis.com/google.cloud.functions.v1.CloudFunction","name":"projects/thevisamanager-bea80/locations/us-central1/functions/cleanupUserData","httpsTrigger":{},"updateTime":"1970-01-01T00:00:00Z"},"updateTime":"2026-02-20T10:23:56.541273886Z"}}
[debug] [2026-02-20T10:29:47.225Z] [delete-default-us-central1-cleanupUserData] Retrying task index 0
[debug] [2026-02-20T10:29:47.226Z] Checked if tokens are valid: true, expires at: 1771585909769
[debug] [2026-02-20T10:29:47.226Z] Checked if tokens are valid: true, expires at: 1771585909769
[debug] [2026-02-20T10:29:47.226Z] >>> [apiv2][query] GET https://cloudfunctions.googleapis.com/v1/operations/cHJvamVjdHMvdGhldmlzYW1hbmFnZXItYmVhODAvbG9jYXRpb25zL3VzLWNlbnRyYWwxL29wZXJhdGlvbnMvb3BlcmF0aW9uLTE3NzE1ODMwMzY0NTktNjRiM2VkMTk0MGJhNC1iZThhMDc1MS1mMGFjYTYyOA [none]
[debug] [2026-02-20T10:29:47.935Z] <<< [apiv2][status] GET https://cloudfunctions.googleapis.com/v1/operations/cHJvamVjdHMvdGhldmlzYW1hbmFnZXItYmVhODAvbG9jYXRpb25zL3VzLWNlbnRyYWwxL29wZXJhdGlvbnMvb3BlcmF0aW9uLTE3NzE1ODMwMzY0NTktNjRiM2VkMTk0MGJhNC1iZThhMDc1MS1mMGFjYTYyOA 200
[debug] [2026-02-20T10:29:47.935Z] <<< [apiv2][body] GET https://cloudfunctions.googleapis.com/v1/operations/cHJvamVjdHMvdGhldmlzYW1hbmFnZXItYmVhODAvbG9jYXRpb25zL3VzLWNlbnRyYWwxL29wZXJhdGlvbnMvb3BlcmF0aW9uLTE3NzE1ODMwMzY0NTktNjRiM2VkMTk0MGJhNC1iZThhMDc1MS1mMGFjYTYyOA {"name":"operations/cHJvamVjdHMvdGhldmlzYW1hbmFnZXItYmVhODAvbG9jYXRpb25zL3VzLWNlbnRyYWwxL29wZXJhdGlvbnMvb3BlcmF0aW9uLTE3NzE1ODMwMzY0NTktNjRiM2VkMTk0MGJhNC1iZThhMDc1MS1mMGFjYTYyOA","metadata":{"@type":"type.googleapis.com/google.cloud.functions.v1.OperationMetadataV1","target":"projects/thevisamanager-bea80/locations/us-central1/functions/cleanupUserData","type":"DELETE_FUNCTION","request":{"@type":"type.googleapis.com/google.cloud.functions.v1.CloudFunction","name":"projects/thevisamanager-bea80/locations/us-central1/functions/cleanupUserData","httpsTrigger":{},"updateTime":"1970-01-01T00:00:00Z"},"updateTime":"2026-02-20T10:23:56.541273886Z"}}
[debug] [2026-02-20T10:29:57.936Z] [delete-default-us-central1-cleanupUserData] Retrying task index 0
[debug] [2026-02-20T10:29:57.937Z] Checked if tokens are valid: true, expires at: 1771585909769
[debug] [2026-02-20T10:29:57.937Z] Checked if tokens are valid: true, expires at: 1771585909769
[debug] [2026-02-20T10:29:57.938Z] >>> [apiv2][query] GET https://cloudfunctions.googleapis.com/v1/operations/cHJvamVjdHMvdGhldmlzYW1hbmFnZXItYmVhODAvbG9jYXRpb25zL3VzLWNlbnRyYWwxL29wZXJhdGlvbnMvb3BlcmF0aW9uLTE3NzE1ODMwMzY0NTktNjRiM2VkMTk0MGJhNC1iZThhMDc1MS1mMGFjYTYyOA [none]
[debug] [2026-02-20T10:29:58.726Z] <<< [apiv2][status] GET https://cloudfunctions.googleapis.com/v1/operations/cHJvamVjdHMvdGhldmlzYW1hbmFnZXItYmVhODAvbG9jYXRpb25zL3VzLWNlbnRyYWwxL29wZXJhdGlvbnMvb3BlcmF0aW9uLTE3NzE1ODMwMzY0NTktNjRiM2VkMTk0MGJhNC1iZThhMDc1MS1mMGFjYTYyOA 200
[debug] [2026-02-20T10:29:58.726Z] <<< [apiv2][body] GET https://cloudfunctions.googleapis.com/v1/operations/cHJvamVjdHMvdGhldmlzYW1hbmFnZXItYmVhODAvbG9jYXRpb25zL3VzLWNlbnRyYWwxL29wZXJhdGlvbnMvb3BlcmF0aW9uLTE3NzE1ODMwMzY0NTktNjRiM2VkMTk0MGJhNC1iZThhMDc1MS1mMGFjYTYyOA {"name":"operations/cHJvamVjdHMvdGhldmlzYW1hbmFnZXItYmVhODAvbG9jYXRpb25zL3VzLWNlbnRyYWwxL29wZXJhdGlvbnMvb3BlcmF0aW9uLTE3NzE1ODMwMzY0NTktNjRiM2VkMTk0MGJhNC1iZThhMDc1MS1mMGFjYTYyOA","metadata":{"@type":"type.googleapis.com/google.cloud.functions.v1.OperationMetadataV1","target":"projects/thevisamanager-bea80/locations/us-central1/functions/cleanupUserData","type":"DELETE_FUNCTION","request":{"@type":"type.googleapis.com/google.cloud.functions.v1.CloudFunction","name":"projects/thevisamanager-bea80/locations/us-central1/functions/cleanupUserData","httpsTrigger":{},"updateTime":"1970-01-01T00:00:00Z"},"updateTime":"2026-02-20T10:23:56.541273886Z"}}
[debug] [2026-02-20T10:30:08.742Z] [delete-default-us-central1-cleanupUserData] Retrying task index 0
[debug] [2026-02-20T10:30:08.742Z] Checked if tokens are valid: true, expires at: 1771585909769
[debug] [2026-02-20T10:30:08.742Z] Checked if tokens are valid: true, expires at: 1771585909769
[debug] [2026-02-20T10:30:08.742Z] >>> [apiv2][query] GET https://cloudfunctions.googleapis.com/v1/operations/cHJvamVjdHMvdGhldmlzYW1hbmFnZXItYmVhODAvbG9jYXRpb25zL3VzLWNlbnRyYWwxL29wZXJhdGlvbnMvb3BlcmF0aW9uLTE3NzE1ODMwMzY0NTktNjRiM2VkMTk0MGJhNC1iZThhMDc1MS1mMGFjYTYyOA [none]
[debug] [2026-02-20T10:30:09.575Z] <<< [apiv2][status] GET https://cloudfunctions.googleapis.com/v1/operations/cHJvamVjdHMvdGhldmlzYW1hbmFnZXItYmVhODAvbG9jYXRpb25zL3VzLWNlbnRyYWwxL29wZXJhdGlvbnMvb3BlcmF0aW9uLTE3NzE1ODMwMzY0NTktNjRiM2VkMTk0MGJhNC1iZThhMDc1MS1mMGFjYTYyOA 200
[debug] [2026-02-20T10:30:09.575Z] <<< [apiv2][body] GET https://cloudfunctions.googleapis.com/v1/operations/cHJvamVjdHMvdGhldmlzYW1hbmFnZXItYmVhODAvbG9jYXRpb25zL3VzLWNlbnRyYWwxL29wZXJhdGlvbnMvb3BlcmF0aW9uLTE3NzE1ODMwMzY0NTktNjRiM2VkMTk0MGJhNC1iZThhMDc1MS1mMGFjYTYyOA {"name":"operations/cHJvamVjdHMvdGhldmlzYW1hbmFnZXItYmVhODAvbG9jYXRpb25zL3VzLWNlbnRyYWwxL29wZXJhdGlvbnMvb3BlcmF0aW9uLTE3NzE1ODMwMzY0NTktNjRiM2VkMTk0MGJhNC1iZThhMDc1MS1mMGFjYTYyOA","metadata":{"@type":"type.googleapis.com/google.cloud.functions.v1.OperationMetadataV1","target":"projects/thevisamanager-bea80/locations/us-central1/functions/cleanupUserData","type":"DELETE_FUNCTION","request":{"@type":"type.googleapis.com/google.cloud.functions.v1.CloudFunction","name":"projects/thevisamanager-bea80/locations/us-central1/functions/cleanupUserData","httpsTrigger":{},"updateTime":"1970-01-01T00:00:00Z"},"updateTime":"2026-02-20T10:23:56.541273886Z"}}
[debug] [2026-02-20T10:30:19.587Z] [delete-default-us-central1-cleanupUserData] Retrying task index 0
[debug] [2026-02-20T10:30:19.587Z] Checked if tokens are valid: true, expires at: 1771585909769
[debug] [2026-02-20T10:30:19.587Z] Checked if tokens are valid: true, expires at: 1771585909769
[debug] [2026-02-20T10:30:19.587Z] >>> [apiv2][query] GET https://cloudfunctions.googleapis.com/v1/operations/cHJvamVjdHMvdGhldmlzYW1hbmFnZXItYmVhODAvbG9jYXRpb25zL3VzLWNlbnRyYWwxL29wZXJhdGlvbnMvb3BlcmF0aW9uLTE3NzE1ODMwMzY0NTktNjRiM2VkMTk0MGJhNC1iZThhMDc1MS1mMGFjYTYyOA [none]
[debug] [2026-02-20T10:30:20.330Z] <<< [apiv2][status] GET https://cloudfunctions.googleapis.com/v1/operations/cHJvamVjdHMvdGhldmlzYW1hbmFnZXItYmVhODAvbG9jYXRpb25zL3VzLWNlbnRyYWwxL29wZXJhdGlvbnMvb3BlcmF0aW9uLTE3NzE1ODMwMzY0NTktNjRiM2VkMTk0MGJhNC1iZThhMDc1MS1mMGFjYTYyOA 200
[debug] [2026-02-20T10:30:20.330Z] <<< [apiv2][body] GET https://cloudfunctions.googleapis.com/v1/operations/cHJvamVjdHMvdGhldmlzYW1hbmFnZXItYmVhODAvbG9jYXRpb25zL3VzLWNlbnRyYWwxL29wZXJhdGlvbnMvb3BlcmF0aW9uLTE3NzE1ODMwMzY0NTktNjRiM2VkMTk0MGJhNC1iZThhMDc1MS1mMGFjYTYyOA {"name":"operations/cHJvamVjdHMvdGhldmlzYW1hbmFnZXItYmVhODAvbG9jYXRpb25zL3VzLWNlbnRyYWwxL29wZXJhdGlvbnMvb3BlcmF0aW9uLTE3NzE1ODMwMzY0NTktNjRiM2VkMTk0MGJhNC1iZThhMDc1MS1mMGFjYTYyOA","metadata":{"@type":"type.googleapis.com/google.cloud.functions.v1.OperationMetadataV1","target":"projects/thevisamanager-bea80/locations/us-central1/functions/cleanupUserData","type":"DELETE_FUNCTION","request":{"@type":"type.googleapis.com/google.cloud.functions.v1.CloudFunction","name":"projects/thevisamanager-bea80/locations/us-central1/functions/cleanupUserData","httpsTrigger":{},"updateTime":"1970-01-01T00:00:00Z"},"updateTime":"2026-02-20T10:23:56.541273886Z"}}
[debug] [2026-02-20T10:30:30.334Z] [delete-default-us-central1-cleanupUserData] Retrying task index 0
[debug] [2026-02-20T10:30:30.335Z] Checked if tokens are valid: true, expires at: 1771585909769
[debug] [2026-02-20T10:30:30.335Z] Checked if tokens are valid: true, expires at: 1771585909769
[debug] [2026-02-20T10:30:30.335Z] >>> [apiv2][query] GET https://cloudfunctions.googleapis.com/v1/operations/cHJvamVjdHMvdGhldmlzYW1hbmFnZXItYmVhODAvbG9jYXRpb25zL3VzLWNlbnRyYWwxL29wZXJhdGlvbnMvb3BlcmF0aW9uLTE3NzE1ODMwMzY0NTktNjRiM2VkMTk0MGJhNC1iZThhMDc1MS1mMGFjYTYyOA [none]
[debug] [2026-02-20T10:30:31.082Z] <<< [apiv2][status] GET https://cloudfunctions.googleapis.com/v1/operations/cHJvamVjdHMvdGhldmlzYW1hbmFnZXItYmVhODAvbG9jYXRpb25zL3VzLWNlbnRyYWwxL29wZXJhdGlvbnMvb3BlcmF0aW9uLTE3NzE1ODMwMzY0NTktNjRiM2VkMTk0MGJhNC1iZThhMDc1MS1mMGFjYTYyOA 200
[debug] [2026-02-20T10:30:31.082Z] <<< [apiv2][body] GET https://cloudfunctions.googleapis.com/v1/operations/cHJvamVjdHMvdGhldmlzYW1hbmFnZXItYmVhODAvbG9jYXRpb25zL3VzLWNlbnRyYWwxL29wZXJhdGlvbnMvb3BlcmF0aW9uLTE3NzE1ODMwMzY0NTktNjRiM2VkMTk0MGJhNC1iZThhMDc1MS1mMGFjYTYyOA {"name":"operations/cHJvamVjdHMvdGhldmlzYW1hbmFnZXItYmVhODAvbG9jYXRpb25zL3VzLWNlbnRyYWwxL29wZXJhdGlvbnMvb3BlcmF0aW9uLTE3NzE1ODMwMzY0NTktNjRiM2VkMTk0MGJhNC1iZThhMDc1MS1mMGFjYTYyOA","metadata":{"@type":"type.googleapis.com/google.cloud.functions.v1.OperationMetadataV1","target":"projects/thevisamanager-bea80/locations/us-central1/functions/cleanupUserData","type":"DELETE_FUNCTION","request":{"@type":"type.googleapis.com/google.cloud.functions.v1.CloudFunction","name":"projects/thevisamanager-bea80/locations/us-central1/functions/cleanupUserData","httpsTrigger":{},"updateTime":"1970-01-01T00:00:00Z"},"updateTime":"2026-02-20T10:23:56.541273886Z"}}
[debug] [2026-02-20T10:30:41.094Z] [delete-default-us-central1-cleanupUserData] Retrying task index 0
[debug] [2026-02-20T10:30:41.094Z] Checked if tokens are valid: true, expires at: 1771585909769
[debug] [2026-02-20T10:30:41.094Z] Checked if tokens are valid: true, expires at: 1771585909769
[debug] [2026-02-20T10:30:41.094Z] >>> [apiv2][query] GET https://cloudfunctions.googleapis.com/v1/operations/cHJvamVjdHMvdGhldmlzYW1hbmFnZXItYmVhODAvbG9jYXRpb25zL3VzLWNlbnRyYWwxL29wZXJhdGlvbnMvb3BlcmF0aW9uLTE3NzE1ODMwMzY0NTktNjRiM2VkMTk0MGJhNC1iZThhMDc1MS1mMGFjYTYyOA [none]
[debug] [2026-02-20T10:30:41.839Z] <<< [apiv2][status] GET https://cloudfunctions.googleapis.com/v1/operations/cHJvamVjdHMvdGhldmlzYW1hbmFnZXItYmVhODAvbG9jYXRpb25zL3VzLWNlbnRyYWwxL29wZXJhdGlvbnMvb3BlcmF0aW9uLTE3NzE1ODMwMzY0NTktNjRiM2VkMTk0MGJhNC1iZThhMDc1MS1mMGFjYTYyOA 200
[debug] [2026-02-20T10:30:41.839Z] <<< [apiv2][body] GET https://cloudfunctions.googleapis.com/v1/operations/cHJvamVjdHMvdGhldmlzYW1hbmFnZXItYmVhODAvbG9jYXRpb25zL3VzLWNlbnRyYWwxL29wZXJhdGlvbnMvb3BlcmF0aW9uLTE3NzE1ODMwMzY0NTktNjRiM2VkMTk0MGJhNC1iZThhMDc1MS1mMGFjYTYyOA {"name":"operations/cHJvamVjdHMvdGhldmlzYW1hbmFnZXItYmVhODAvbG9jYXRpb25zL3VzLWNlbnRyYWwxL29wZXJhdGlvbnMvb3BlcmF0aW9uLTE3NzE1ODMwMzY0NTktNjRiM2VkMTk0MGJhNC1iZThhMDc1MS1mMGFjYTYyOA","metadata":{"@type":"type.googleapis.com/google.cloud.functions.v1.OperationMetadataV1","target":"projects/thevisamanager-bea80/locations/us-central1/functions/cleanupUserData","type":"DELETE_FUNCTION","request":{"@type":"type.googleapis.com/google.cloud.functions.v1.CloudFunction","name":"projects/thevisamanager-bea80/locations/us-central1/functions/cleanupUserData","httpsTrigger":{},"updateTime":"1970-01-01T00:00:00Z"},"updateTime":"2026-02-20T10:23:56.541273886Z"}}
[debug] [2026-02-20T10:30:51.853Z] [delete-default-us-central1-cleanupUserData] Retrying task index 0
[debug] [2026-02-20T10:30:51.854Z] Checked if tokens are valid: true, expires at: 1771585909769
[debug] [2026-02-20T10:30:51.854Z] Checked if tokens are valid: true, expires at: 1771585909769
[debug] [2026-02-20T10:30:51.854Z] >>> [apiv2][query] GET https://cloudfunctions.googleapis.com/v1/operations/cHJvamVjdHMvdGhldmlzYW1hbmFnZXItYmVhODAvbG9jYXRpb25zL3VzLWNlbnRyYWwxL29wZXJhdGlvbnMvb3BlcmF0aW9uLTE3NzE1ODMwMzY0NTktNjRiM2VkMTk0MGJhNC1iZThhMDc1MS1mMGFjYTYyOA [none]
[debug] [2026-02-20T10:30:52.605Z] <<< [apiv2][status] GET https://cloudfunctions.googleapis.com/v1/operations/cHJvamVjdHMvdGhldmlzYW1hbmFnZXItYmVhODAvbG9jYXRpb25zL3VzLWNlbnRyYWwxL29wZXJhdGlvbnMvb3BlcmF0aW9uLTE3NzE1ODMwMzY0NTktNjRiM2VkMTk0MGJhNC1iZThhMDc1MS1mMGFjYTYyOA 200
[debug] [2026-02-20T10:30:52.606Z] <<< [apiv2][body] GET https://cloudfunctions.googleapis.com/v1/operations/cHJvamVjdHMvdGhldmlzYW1hbmFnZXItYmVhODAvbG9jYXRpb25zL3VzLWNlbnRyYWwxL29wZXJhdGlvbnMvb3BlcmF0aW9uLTE3NzE1ODMwMzY0NTktNjRiM2VkMTk0MGJhNC1iZThhMDc1MS1mMGFjYTYyOA {"name":"operations/cHJvamVjdHMvdGhldmlzYW1hbmFnZXItYmVhODAvbG9jYXRpb25zL3VzLWNlbnRyYWwxL29wZXJhdGlvbnMvb3BlcmF0aW9uLTE3NzE1ODMwMzY0NTktNjRiM2VkMTk0MGJhNC1iZThhMDc1MS1mMGFjYTYyOA","metadata":{"@type":"type.googleapis.com/google.cloud.functions.v1.OperationMetadataV1","target":"projects/thevisamanager-bea80/locations/us-central1/functions/cleanupUserData","type":"DELETE_FUNCTION","request":{"@type":"type.googleapis.com/google.cloud.functions.v1.CloudFunction","name":"projects/thevisamanager-bea80/locations/us-central1/functions/cleanupUserData","httpsTrigger":{},"updateTime":"1970-01-01T00:00:00Z"},"updateTime":"2026-02-20T10:23:56.541273886Z"}}
[debug] [2026-02-20T10:31:02.618Z] [delete-default-us-central1-cleanupUserData] Retrying task index 0
[debug] [2026-02-20T10:31:02.619Z] Checked if tokens are valid: true, expires at: 1771585909769
[debug] [2026-02-20T10:31:02.619Z] Checked if tokens are valid: true, expires at: 1771585909769
[debug] [2026-02-20T10:31:02.619Z] >>> [apiv2][query] GET https://cloudfunctions.googleapis.com/v1/operations/cHJvamVjdHMvdGhldmlzYW1hbmFnZXItYmVhODAvbG9jYXRpb25zL3VzLWNlbnRyYWwxL29wZXJhdGlvbnMvb3BlcmF0aW9uLTE3NzE1ODMwMzY0NTktNjRiM2VkMTk0MGJhNC1iZThhMDc1MS1mMGFjYTYyOA [none]
[debug] [2026-02-20T10:31:03.238Z] <<< [apiv2][status] GET https://cloudfunctions.googleapis.com/v1/operations/cHJvamVjdHMvdGhldmlzYW1hbmFnZXItYmVhODAvbG9jYXRpb25zL3VzLWNlbnRyYWwxL29wZXJhdGlvbnMvb3BlcmF0aW9uLTE3NzE1ODMwMzY0NTktNjRiM2VkMTk0MGJhNC1iZThhMDc1MS1mMGFjYTYyOA 200
[debug] [2026-02-20T10:31:03.239Z] <<< [apiv2][body] GET https://cloudfunctions.googleapis.com/v1/operations/cHJvamVjdHMvdGhldmlzYW1hbmFnZXItYmVhODAvbG9jYXRpb25zL3VzLWNlbnRyYWwxL29wZXJhdGlvbnMvb3BlcmF0aW9uLTE3NzE1ODMwMzY0NTktNjRiM2VkMTk0MGJhNC1iZThhMDc1MS1mMGFjYTYyOA {"name":"operations/cHJvamVjdHMvdGhldmlzYW1hbmFnZXItYmVhODAvbG9jYXRpb25zL3VzLWNlbnRyYWwxL29wZXJhdGlvbnMvb3BlcmF0aW9uLTE3NzE1ODMwMzY0NTktNjRiM2VkMTk0MGJhNC1iZThhMDc1MS1mMGFjYTYyOA","metadata":{"@type":"type.googleapis.com/google.cloud.functions.v1.OperationMetadataV1","target":"projects/thevisamanager-bea80/locations/us-central1/functions/cleanupUserData","type":"DELETE_FUNCTION","request":{"@type":"type.googleapis.com/google.cloud.functions.v1.CloudFunction","name":"projects/thevisamanager-bea80/locations/us-central1/functions/cleanupUserData","httpsTrigger":{},"updateTime":"1970-01-01T00:00:00Z"},"updateTime":"2026-02-20T10:23:56.541273886Z"}}
[debug] [2026-02-20T10:31:13.252Z] [delete-default-us-central1-cleanupUserData] Retrying task index 0
[debug] [2026-02-20T10:31:13.253Z] Checked if tokens are valid: true, expires at: 1771585909769
[debug] [2026-02-20T10:31:13.253Z] Checked if tokens are valid: true, expires at: 1771585909769
[debug] [2026-02-20T10:31:13.254Z] >>> [apiv2][query] GET https://cloudfunctions.googleapis.com/v1/operations/cHJvamVjdHMvdGhldmlzYW1hbmFnZXItYmVhODAvbG9jYXRpb25zL3VzLWNlbnRyYWwxL29wZXJhdGlvbnMvb3BlcmF0aW9uLTE3NzE1ODMwMzY0NTktNjRiM2VkMTk0MGJhNC1iZThhMDc1MS1mMGFjYTYyOA [none]
[debug] [2026-02-20T10:31:13.872Z] <<< [apiv2][status] GET https://cloudfunctions.googleapis.com/v1/operations/cHJvamVjdHMvdGhldmlzYW1hbmFnZXItYmVhODAvbG9jYXRpb25zL3VzLWNlbnRyYWwxL29wZXJhdGlvbnMvb3BlcmF0aW9uLTE3NzE1ODMwMzY0NTktNjRiM2VkMTk0MGJhNC1iZThhMDc1MS1mMGFjYTYyOA 200
[debug] [2026-02-20T10:31:13.872Z] <<< [apiv2][body] GET https://cloudfunctions.googleapis.com/v1/operations/cHJvamVjdHMvdGhldmlzYW1hbmFnZXItYmVhODAvbG9jYXRpb25zL3VzLWNlbnRyYWwxL29wZXJhdGlvbnMvb3BlcmF0aW9uLTE3NzE1ODMwMzY0NTktNjRiM2VkMTk0MGJhNC1iZThhMDc1MS1mMGFjYTYyOA {"name":"operations/cHJvamVjdHMvdGhldmlzYW1hbmFnZXItYmVhODAvbG9jYXRpb25zL3VzLWNlbnRyYWwxL29wZXJhdGlvbnMvb3BlcmF0aW9uLTE3NzE1ODMwMzY0NTktNjRiM2VkMTk0MGJhNC1iZThhMDc1MS1mMGFjYTYyOA","metadata":{"@type":"type.googleapis.com/google.cloud.functions.v1.OperationMetadataV1","target":"projects/thevisamanager-bea80/locations/us-central1/functions/cleanupUserData","type":"DELETE_FUNCTION","request":{"@type":"type.googleapis.com/google.cloud.functions.v1.CloudFunction","name":"projects/thevisamanager-bea80/locations/us-central1/functions/cleanupUserData","httpsTrigger":{},"updateTime":"1970-01-01T00:00:00Z"},"updateTime":"2026-02-20T10:23:56.541273886Z"}}
[debug] [2026-02-20T10:31:23.883Z] [delete-default-us-central1-cleanupUserData] Retrying task index 0
[debug] [2026-02-20T10:31:23.900Z] Checked if tokens are valid: true, expires at: 1771585909769
[debug] [2026-02-20T10:31:23.900Z] Checked if tokens are valid: true, expires at: 1771585909769
[debug] [2026-02-20T10:31:23.901Z] >>> [apiv2][query] GET https://cloudfunctions.googleapis.com/v1/operations/cHJvamVjdHMvdGhldmlzYW1hbmFnZXItYmVhODAvbG9jYXRpb25zL3VzLWNlbnRyYWwxL29wZXJhdGlvbnMvb3BlcmF0aW9uLTE3NzE1ODMwMzY0NTktNjRiM2VkMTk0MGJhNC1iZThhMDc1MS1mMGFjYTYyOA [none]
[debug] [2026-02-20T10:31:24.639Z] <<< [apiv2][status] GET https://cloudfunctions.googleapis.com/v1/operations/cHJvamVjdHMvdGhldmlzYW1hbmFnZXItYmVhODAvbG9jYXRpb25zL3VzLWNlbnRyYWwxL29wZXJhdGlvbnMvb3BlcmF0aW9uLTE3NzE1ODMwMzY0NTktNjRiM2VkMTk0MGJhNC1iZThhMDc1MS1mMGFjYTYyOA 200
[debug] [2026-02-20T10:31:24.639Z] <<< [apiv2][body] GET https://cloudfunctions.googleapis.com/v1/operations/cHJvamVjdHMvdGhldmlzYW1hbmFnZXItYmVhODAvbG9jYXRpb25zL3VzLWNlbnRyYWwxL29wZXJhdGlvbnMvb3BlcmF0aW9uLTE3NzE1ODMwMzY0NTktNjRiM2VkMTk0MGJhNC1iZThhMDc1MS1mMGFjYTYyOA {"name":"operations/cHJvamVjdHMvdGhldmlzYW1hbmFnZXItYmVhODAvbG9jYXRpb25zL3VzLWNlbnRyYWwxL29wZXJhdGlvbnMvb3BlcmF0aW9uLTE3NzE1ODMwMzY0NTktNjRiM2VkMTk0MGJhNC1iZThhMDc1MS1mMGFjYTYyOA","metadata":{"@type":"type.googleapis.com/google.cloud.functions.v1.OperationMetadataV1","target":"projects/thevisamanager-bea80/locations/us-central1/functions/cleanupUserData","type":"DELETE_FUNCTION","request":{"@type":"type.googleapis.com/google.cloud.functions.v1.CloudFunction","name":"projects/thevisamanager-bea80/locations/us-central1/functions/cleanupUserData","httpsTrigger":{},"updateTime":"1970-01-01T00:00:00Z"},"updateTime":"2026-02-20T10:23:56.541273886Z"}}
[debug] [2026-02-20T10:31:34.643Z] [delete-default-us-central1-cleanupUserData] Retrying task index 0
[debug] [2026-02-20T10:31:34.644Z] Checked if tokens are valid: true, expires at: 1771585909769
[debug] [2026-02-20T10:31:34.644Z] Checked if tokens are valid: true, expires at: 1771585909769
[debug] [2026-02-20T10:31:34.644Z] >>> [apiv2][query] GET https://cloudfunctions.googleapis.com/v1/operations/cHJvamVjdHMvdGhldmlzYW1hbmFnZXItYmVhODAvbG9jYXRpb25zL3VzLWNlbnRyYWwxL29wZXJhdGlvbnMvb3BlcmF0aW9uLTE3NzE1ODMwMzY0NTktNjRiM2VkMTk0MGJhNC1iZThhMDc1MS1mMGFjYTYyOA [none]
[debug] [2026-02-20T10:31:35.391Z] <<< [apiv2][status] GET https://cloudfunctions.googleapis.com/v1/operations/cHJvamVjdHMvdGhldmlzYW1hbmFnZXItYmVhODAvbG9jYXRpb25zL3VzLWNlbnRyYWwxL29wZXJhdGlvbnMvb3BlcmF0aW9uLTE3NzE1ODMwMzY0NTktNjRiM2VkMTk0MGJhNC1iZThhMDc1MS1mMGFjYTYyOA 200
[debug] [2026-02-20T10:31:35.391Z] <<< [apiv2][body] GET https://cloudfunctions.googleapis.com/v1/operations/cHJvamVjdHMvdGhldmlzYW1hbmFnZXItYmVhODAvbG9jYXRpb25zL3VzLWNlbnRyYWwxL29wZXJhdGlvbnMvb3BlcmF0aW9uLTE3NzE1ODMwMzY0NTktNjRiM2VkMTk0MGJhNC1iZThhMDc1MS1mMGFjYTYyOA {"name":"operations/cHJvamVjdHMvdGhldmlzYW1hbmFnZXItYmVhODAvbG9jYXRpb25zL3VzLWNlbnRyYWwxL29wZXJhdGlvbnMvb3BlcmF0aW9uLTE3NzE1ODMwMzY0NTktNjRiM2VkMTk0MGJhNC1iZThhMDc1MS1mMGFjYTYyOA","metadata":{"@type":"type.googleapis.com/google.cloud.functions.v1.OperationMetadataV1","target":"projects/thevisamanager-bea80/locations/us-central1/functions/cleanupUserData","type":"DELETE_FUNCTION","request":{"@type":"type.googleapis.com/google.cloud.functions.v1.CloudFunction","name":"projects/thevisamanager-bea80/locations/us-central1/functions/cleanupUserData","httpsTrigger":{},"updateTime":"1970-01-01T00:00:00Z"},"updateTime":"2026-02-20T10:23:56.541273886Z"}}
[debug] [2026-02-20T10:31:45.391Z] [delete-default-us-central1-cleanupUserData] Retrying task index 0
[debug] [2026-02-20T10:31:45.392Z] Checked if tokens are valid: true, expires at: 1771585909769
[debug] [2026-02-20T10:31:45.392Z] Checked if tokens are valid: true, expires at: 1771585909769
[debug] [2026-02-20T10:31:45.392Z] >>> [apiv2][query] GET https://cloudfunctions.googleapis.com/v1/operations/cHJvamVjdHMvdGhldmlzYW1hbmFnZXItYmVhODAvbG9jYXRpb25zL3VzLWNlbnRyYWwxL29wZXJhdGlvbnMvb3BlcmF0aW9uLTE3NzE1ODMwMzY0NTktNjRiM2VkMTk0MGJhNC1iZThhMDc1MS1mMGFjYTYyOA [none]
[debug] [2026-02-20T10:31:46.046Z] <<< [apiv2][status] GET https://cloudfunctions.googleapis.com/v1/operations/cHJvamVjdHMvdGhldmlzYW1hbmFnZXItYmVhODAvbG9jYXRpb25zL3VzLWNlbnRyYWwxL29wZXJhdGlvbnMvb3BlcmF0aW9uLTE3NzE1ODMwMzY0NTktNjRiM2VkMTk0MGJhNC1iZThhMDc1MS1mMGFjYTYyOA 200
[debug] [2026-02-20T10:31:46.046Z] <<< [apiv2][body] GET https://cloudfunctions.googleapis.com/v1/operations/cHJvamVjdHMvdGhldmlzYW1hbmFnZXItYmVhODAvbG9jYXRpb25zL3VzLWNlbnRyYWwxL29wZXJhdGlvbnMvb3BlcmF0aW9uLTE3NzE1ODMwMzY0NTktNjRiM2VkMTk0MGJhNC1iZThhMDc1MS1mMGFjYTYyOA {"name":"operations/cHJvamVjdHMvdGhldmlzYW1hbmFnZXItYmVhODAvbG9jYXRpb25zL3VzLWNlbnRyYWwxL29wZXJhdGlvbnMvb3BlcmF0aW9uLTE3NzE1ODMwMzY0NTktNjRiM2VkMTk0MGJhNC1iZThhMDc1MS1mMGFjYTYyOA","metadata":{"@type":"type.googleapis.com/google.cloud.functions.v1.OperationMetadataV1","target":"projects/thevisamanager-bea80/locations/us-central1/functions/cleanupUserData","type":"DELETE_FUNCTION","request":{"@type":"type.googleapis.com/google.cloud.functions.v1.CloudFunction","name":"projects/thevisamanager-bea80/locations/us-central1/functions/cleanupUserData","httpsTrigger":{},"updateTime":"1970-01-01T00:00:00Z"},"updateTime":"2026-02-20T10:23:56.541273886Z"}}
[debug] [2026-02-20T10:31:56.057Z] [delete-default-us-central1-cleanupUserData] Retrying task index 0
[debug] [2026-02-20T10:31:56.058Z] Checked if tokens are valid: true, expires at: 1771585909769
[debug] [2026-02-20T10:31:56.058Z] Checked if tokens are valid: true, expires at: 1771585909769
[debug] [2026-02-20T10:31:56.058Z] >>> [apiv2][query] GET https://cloudfunctions.googleapis.com/v1/operations/cHJvamVjdHMvdGhldmlzYW1hbmFnZXItYmVhODAvbG9jYXRpb25zL3VzLWNlbnRyYWwxL29wZXJhdGlvbnMvb3BlcmF0aW9uLTE3NzE1ODMwMzY0NTktNjRiM2VkMTk0MGJhNC1iZThhMDc1MS1mMGFjYTYyOA [none]
[debug] [2026-02-20T10:31:56.691Z] <<< [apiv2][status] GET https://cloudfunctions.googleapis.com/v1/operations/cHJvamVjdHMvdGhldmlzYW1hbmFnZXItYmVhODAvbG9jYXRpb25zL3VzLWNlbnRyYWwxL29wZXJhdGlvbnMvb3BlcmF0aW9uLTE3NzE1ODMwMzY0NTktNjRiM2VkMTk0MGJhNC1iZThhMDc1MS1mMGFjYTYyOA 200
[debug] [2026-02-20T10:31:56.691Z] <<< [apiv2][body] GET https://cloudfunctions.googleapis.com/v1/operations/cHJvamVjdHMvdGhldmlzYW1hbmFnZXItYmVhODAvbG9jYXRpb25zL3VzLWNlbnRyYWwxL29wZXJhdGlvbnMvb3BlcmF0aW9uLTE3NzE1ODMwMzY0NTktNjRiM2VkMTk0MGJhNC1iZThhMDc1MS1mMGFjYTYyOA {"name":"operations/cHJvamVjdHMvdGhldmlzYW1hbmFnZXItYmVhODAvbG9jYXRpb25zL3VzLWNlbnRyYWwxL29wZXJhdGlvbnMvb3BlcmF0aW9uLTE3NzE1ODMwMzY0NTktNjRiM2VkMTk0MGJhNC1iZThhMDc1MS1mMGFjYTYyOA","metadata":{"@type":"type.googleapis.com/google.cloud.functions.v1.OperationMetadataV1","target":"projects/thevisamanager-bea80/locations/us-central1/functions/cleanupUserData","type":"DELETE_FUNCTION","request":{"@type":"type.googleapis.com/google.cloud.functions.v1.CloudFunction","name":"projects/thevisamanager-bea80/locations/us-central1/functions/cleanupUserData","httpsTrigger":{},"updateTime":"1970-01-01T00:00:00Z"},"updateTime":"2026-02-20T10:23:56.541273886Z"}}
[debug] [2026-02-20T10:32:06.704Z] [delete-default-us-central1-cleanupUserData] Retrying task index 0
[debug] [2026-02-20T10:32:06.704Z] Checked if tokens are valid: true, expires at: 1771585909769
[debug] [2026-02-20T10:32:06.705Z] Checked if tokens are valid: true, expires at: 1771585909769
[debug] [2026-02-20T10:32:06.705Z] >>> [apiv2][query] GET https://cloudfunctions.googleapis.com/v1/operations/cHJvamVjdHMvdGhldmlzYW1hbmFnZXItYmVhODAvbG9jYXRpb25zL3VzLWNlbnRyYWwxL29wZXJhdGlvbnMvb3BlcmF0aW9uLTE3NzE1ODMwMzY0NTktNjRiM2VkMTk0MGJhNC1iZThhMDc1MS1mMGFjYTYyOA [none]
[debug] [2026-02-20T10:32:07.440Z] <<< [apiv2][status] GET https://cloudfunctions.googleapis.com/v1/operations/cHJvamVjdHMvdGhldmlzYW1hbmFnZXItYmVhODAvbG9jYXRpb25zL3VzLWNlbnRyYWwxL29wZXJhdGlvbnMvb3BlcmF0aW9uLTE3NzE1ODMwMzY0NTktNjRiM2VkMTk0MGJhNC1iZThhMDc1MS1mMGFjYTYyOA 200
[debug] [2026-02-20T10:32:07.441Z] <<< [apiv2][body] GET https://cloudfunctions.googleapis.com/v1/operations/cHJvamVjdHMvdGhldmlzYW1hbmFnZXItYmVhODAvbG9jYXRpb25zL3VzLWNlbnRyYWwxL29wZXJhdGlvbnMvb3BlcmF0aW9uLTE3NzE1ODMwMzY0NTktNjRiM2VkMTk0MGJhNC1iZThhMDc1MS1mMGFjYTYyOA {"name":"operations/cHJvamVjdHMvdGhldmlzYW1hbmFnZXItYmVhODAvbG9jYXRpb25zL3VzLWNlbnRyYWwxL29wZXJhdGlvbnMvb3BlcmF0aW9uLTE3NzE1ODMwMzY0NTktNjRiM2VkMTk0MGJhNC1iZThhMDc1MS1mMGFjYTYyOA","metadata":{"@type":"type.googleapis.com/google.cloud.functions.v1.OperationMetadataV1","target":"projects/thevisamanager-bea80/locations/us-central1/functions/cleanupUserData","type":"DELETE_FUNCTION","request":{"@type":"type.googleapis.com/google.cloud.functions.v1.CloudFunction","name":"projects/thevisamanager-bea80/locations/us-central1/functions/cleanupUserData","httpsTrigger":{},"updateTime":"1970-01-01T00:00:00Z"},"updateTime":"2026-02-20T10:23:56.541273886Z"}}
[debug] [2026-02-20T10:32:17.450Z] [delete-default-us-central1-cleanupUserData] Retrying task index 0
[debug] [2026-02-20T10:32:17.451Z] Checked if tokens are valid: true, expires at: 1771585909769
[debug] [2026-02-20T10:32:17.451Z] Checked if tokens are valid: true, expires at: 1771585909769
[debug] [2026-02-20T10:32:17.451Z] >>> [apiv2][query] GET https://cloudfunctions.googleapis.com/v1/operations/cHJvamVjdHMvdGhldmlzYW1hbmFnZXItYmVhODAvbG9jYXRpb25zL3VzLWNlbnRyYWwxL29wZXJhdGlvbnMvb3BlcmF0aW9uLTE3NzE1ODMwMzY0NTktNjRiM2VkMTk0MGJhNC1iZThhMDc1MS1mMGFjYTYyOA [none]
[debug] [2026-02-20T10:32:18.194Z] <<< [apiv2][status] GET https://cloudfunctions.googleapis.com/v1/operations/cHJvamVjdHMvdGhldmlzYW1hbmFnZXItYmVhODAvbG9jYXRpb25zL3VzLWNlbnRyYWwxL29wZXJhdGlvbnMvb3BlcmF0aW9uLTE3NzE1ODMwMzY0NTktNjRiM2VkMTk0MGJhNC1iZThhMDc1MS1mMGFjYTYyOA 200
[debug] [2026-02-20T10:32:18.194Z] <<< [apiv2][body] GET https://cloudfunctions.googleapis.com/v1/operations/cHJvamVjdHMvdGhldmlzYW1hbmFnZXItYmVhODAvbG9jYXRpb25zL3VzLWNlbnRyYWwxL29wZXJhdGlvbnMvb3BlcmF0aW9uLTE3NzE1ODMwMzY0NTktNjRiM2VkMTk0MGJhNC1iZThhMDc1MS1mMGFjYTYyOA {"name":"operations/cHJvamVjdHMvdGhldmlzYW1hbmFnZXItYmVhODAvbG9jYXRpb25zL3VzLWNlbnRyYWwxL29wZXJhdGlvbnMvb3BlcmF0aW9uLTE3NzE1ODMwMzY0NTktNjRiM2VkMTk0MGJhNC1iZThhMDc1MS1mMGFjYTYyOA","metadata":{"@type":"type.googleapis.com/google.cloud.functions.v1.OperationMetadataV1","target":"projects/thevisamanager-bea80/locations/us-central1/functions/cleanupUserData","type":"DELETE_FUNCTION","request":{"@type":"type.googleapis.com/google.cloud.functions.v1.CloudFunction","name":"projects/thevisamanager-bea80/locations/us-central1/functions/cleanupUserData","httpsTrigger":{},"updateTime":"1970-01-01T00:00:00Z"},"updateTime":"2026-02-20T10:23:56.541273886Z"}}
[debug] [2026-02-20T10:32:28.210Z] [delete-default-us-central1-cleanupUserData] Retrying task index 0
[debug] [2026-02-20T10:32:28.211Z] Checked if tokens are valid: true, expires at: 1771585909769
[debug] [2026-02-20T10:32:28.211Z] Checked if tokens are valid: true, expires at: 1771585909769
[debug] [2026-02-20T10:32:28.212Z] >>> [apiv2][query] GET https://cloudfunctions.googleapis.com/v1/operations/cHJvamVjdHMvdGhldmlzYW1hbmFnZXItYmVhODAvbG9jYXRpb25zL3VzLWNlbnRyYWwxL29wZXJhdGlvbnMvb3BlcmF0aW9uLTE3NzE1ODMwMzY0NTktNjRiM2VkMTk0MGJhNC1iZThhMDc1MS1mMGFjYTYyOA [none]
[debug] [2026-02-20T10:32:28.947Z] <<< [apiv2][status] GET https://cloudfunctions.googleapis.com/v1/operations/cHJvamVjdHMvdGhldmlzYW1hbmFnZXItYmVhODAvbG9jYXRpb25zL3VzLWNlbnRyYWwxL29wZXJhdGlvbnMvb3BlcmF0aW9uLTE3NzE1ODMwMzY0NTktNjRiM2VkMTk0MGJhNC1iZThhMDc1MS1mMGFjYTYyOA 200
[debug] [2026-02-20T10:32:28.947Z] <<< [apiv2][body] GET https://cloudfunctions.googleapis.com/v1/operations/cHJvamVjdHMvdGhldmlzYW1hbmFnZXItYmVhODAvbG9jYXRpb25zL3VzLWNlbnRyYWwxL29wZXJhdGlvbnMvb3BlcmF0aW9uLTE3NzE1ODMwMzY0NTktNjRiM2VkMTk0MGJhNC1iZThhMDc1MS1mMGFjYTYyOA {"name":"operations/cHJvamVjdHMvdGhldmlzYW1hbmFnZXItYmVhODAvbG9jYXRpb25zL3VzLWNlbnRyYWwxL29wZXJhdGlvbnMvb3BlcmF0aW9uLTE3NzE1ODMwMzY0NTktNjRiM2VkMTk0MGJhNC1iZThhMDc1MS1mMGFjYTYyOA","metadata":{"@type":"type.googleapis.com/google.cloud.functions.v1.OperationMetadataV1","target":"projects/thevisamanager-bea80/locations/us-central1/functions/cleanupUserData","type":"DELETE_FUNCTION","request":{"@type":"type.googleapis.com/google.cloud.functions.v1.CloudFunction","name":"projects/thevisamanager-bea80/locations/us-central1/functions/cleanupUserData","httpsTrigger":{},"updateTime":"1970-01-01T00:00:00Z"},"updateTime":"2026-02-20T10:23:56.541273886Z"}}
[debug] [2026-02-20T10:32:38.954Z] [delete-default-us-central1-cleanupUserData] Retrying task index 0
[debug] [2026-02-20T10:32:38.956Z] Checked if tokens are valid: true, expires at: 1771585909769
[debug] [2026-02-20T10:32:38.956Z] Checked if tokens are valid: true, expires at: 1771585909769
[debug] [2026-02-20T10:32:38.957Z] >>> [apiv2][query] GET https://cloudfunctions.googleapis.com/v1/operations/cHJvamVjdHMvdGhldmlzYW1hbmFnZXItYmVhODAvbG9jYXRpb25zL3VzLWNlbnRyYWwxL29wZXJhdGlvbnMvb3BlcmF0aW9uLTE3NzE1ODMwMzY0NTktNjRiM2VkMTk0MGJhNC1iZThhMDc1MS1mMGFjYTYyOA [none]
[debug] [2026-02-20T10:32:39.696Z] <<< [apiv2][status] GET https://cloudfunctions.googleapis.com/v1/operations/cHJvamVjdHMvdGhldmlzYW1hbmFnZXItYmVhODAvbG9jYXRpb25zL3VzLWNlbnRyYWwxL29wZXJhdGlvbnMvb3BlcmF0aW9uLTE3NzE1ODMwMzY0NTktNjRiM2VkMTk0MGJhNC1iZThhMDc1MS1mMGFjYTYyOA 200
[debug] [2026-02-20T10:32:39.696Z] <<< [apiv2][body] GET https://cloudfunctions.googleapis.com/v1/operations/cHJvamVjdHMvdGhldmlzYW1hbmFnZXItYmVhODAvbG9jYXRpb25zL3VzLWNlbnRyYWwxL29wZXJhdGlvbnMvb3BlcmF0aW9uLTE3NzE1ODMwMzY0NTktNjRiM2VkMTk0MGJhNC1iZThhMDc1MS1mMGFjYTYyOA {"name":"operations/cHJvamVjdHMvdGhldmlzYW1hbmFnZXItYmVhODAvbG9jYXRpb25zL3VzLWNlbnRyYWwxL29wZXJhdGlvbnMvb3BlcmF0aW9uLTE3NzE1ODMwMzY0NTktNjRiM2VkMTk0MGJhNC1iZThhMDc1MS1mMGFjYTYyOA","metadata":{"@type":"type.googleapis.com/google.cloud.functions.v1.OperationMetadataV1","target":"projects/thevisamanager-bea80/locations/us-central1/functions/cleanupUserData","type":"DELETE_FUNCTION","request":{"@type":"type.googleapis.com/google.cloud.functions.v1.CloudFunction","name":"projects/thevisamanager-bea80/locations/us-central1/functions/cleanupUserData","httpsTrigger":{},"updateTime":"1970-01-01T00:00:00Z"},"updateTime":"2026-02-20T10:23:56.541273886Z"}}
[debug] [2026-02-20T10:32:49.701Z] [delete-default-us-central1-cleanupUserData] Retrying task index 0
[debug] [2026-02-20T10:32:49.702Z] Checked if tokens are valid: true, expires at: 1771585909769
[debug] [2026-02-20T10:32:49.702Z] Checked if tokens are valid: true, expires at: 1771585909769
[debug] [2026-02-20T10:32:49.702Z] >>> [apiv2][query] GET https://cloudfunctions.googleapis.com/v1/operations/cHJvamVjdHMvdGhldmlzYW1hbmFnZXItYmVhODAvbG9jYXRpb25zL3VzLWNlbnRyYWwxL29wZXJhdGlvbnMvb3BlcmF0aW9uLTE3NzE1ODMwMzY0NTktNjRiM2VkMTk0MGJhNC1iZThhMDc1MS1mMGFjYTYyOA [none]
[debug] [2026-02-20T10:32:50.449Z] <<< [apiv2][status] GET https://cloudfunctions.googleapis.com/v1/operations/cHJvamVjdHMvdGhldmlzYW1hbmFnZXItYmVhODAvbG9jYXRpb25zL3VzLWNlbnRyYWwxL29wZXJhdGlvbnMvb3BlcmF0aW9uLTE3NzE1ODMwMzY0NTktNjRiM2VkMTk0MGJhNC1iZThhMDc1MS1mMGFjYTYyOA 200
[debug] [2026-02-20T10:32:50.449Z] <<< [apiv2][body] GET https://cloudfunctions.googleapis.com/v1/operations/cHJvamVjdHMvdGhldmlzYW1hbmFnZXItYmVhODAvbG9jYXRpb25zL3VzLWNlbnRyYWwxL29wZXJhdGlvbnMvb3BlcmF0aW9uLTE3NzE1ODMwMzY0NTktNjRiM2VkMTk0MGJhNC1iZThhMDc1MS1mMGFjYTYyOA {"name":"operations/cHJvamVjdHMvdGhldmlzYW1hbmFnZXItYmVhODAvbG9jYXRpb25zL3VzLWNlbnRyYWwxL29wZXJhdGlvbnMvb3BlcmF0aW9uLTE3NzE1ODMwMzY0NTktNjRiM2VkMTk0MGJhNC1iZThhMDc1MS1mMGFjYTYyOA","metadata":{"@type":"type.googleapis.com/google.cloud.functions.v1.OperationMetadataV1","target":"projects/thevisamanager-bea80/locations/us-central1/functions/cleanupUserData","type":"DELETE_FUNCTION","request":{"@type":"type.googleapis.com/google.cloud.functions.v1.CloudFunction","name":"projects/thevisamanager-bea80/locations/us-central1/functions/cleanupUserData","httpsTrigger":{},"updateTime":"1970-01-01T00:00:00Z"},"updateTime":"2026-02-20T10:23:56.541273886Z"}}
[debug] [2026-02-20T10:33:00.461Z] [delete-default-us-central1-cleanupUserData] Retrying task index 0
[debug] [2026-02-20T10:33:00.462Z] Checked if tokens are valid: true, expires at: 1771585909769
[debug] [2026-02-20T10:33:00.463Z] Checked if tokens are valid: true, expires at: 1771585909769
[debug] [2026-02-20T10:33:00.463Z] >>> [apiv2][query] GET https://cloudfunctions.googleapis.com/v1/operations/cHJvamVjdHMvdGhldmlzYW1hbmFnZXItYmVhODAvbG9jYXRpb25zL3VzLWNlbnRyYWwxL29wZXJhdGlvbnMvb3BlcmF0aW9uLTE3NzE1ODMwMzY0NTktNjRiM2VkMTk0MGJhNC1iZThhMDc1MS1mMGFjYTYyOA [none]
[debug] [2026-02-20T10:33:01.202Z] <<< [apiv2][status] GET https://cloudfunctions.googleapis.com/v1/operations/cHJvamVjdHMvdGhldmlzYW1hbmFnZXItYmVhODAvbG9jYXRpb25zL3VzLWNlbnRyYWwxL29wZXJhdGlvbnMvb3BlcmF0aW9uLTE3NzE1ODMwMzY0NTktNjRiM2VkMTk0MGJhNC1iZThhMDc1MS1mMGFjYTYyOA 200
[debug] [2026-02-20T10:33:01.203Z] <<< [apiv2][body] GET https://cloudfunctions.googleapis.com/v1/operations/cHJvamVjdHMvdGhldmlzYW1hbmFnZXItYmVhODAvbG9jYXRpb25zL3VzLWNlbnRyYWwxL29wZXJhdGlvbnMvb3BlcmF0aW9uLTE3NzE1ODMwMzY0NTktNjRiM2VkMTk0MGJhNC1iZThhMDc1MS1mMGFjYTYyOA {"name":"operations/cHJvamVjdHMvdGhldmlzYW1hbmFnZXItYmVhODAvbG9jYXRpb25zL3VzLWNlbnRyYWwxL29wZXJhdGlvbnMvb3BlcmF0aW9uLTE3NzE1ODMwMzY0NTktNjRiM2VkMTk0MGJhNC1iZThhMDc1MS1mMGFjYTYyOA","metadata":{"@type":"type.googleapis.com/google.cloud.functions.v1.OperationMetadataV1","target":"projects/thevisamanager-bea80/locations/us-central1/functions/cleanupUserData","type":"DELETE_FUNCTION","request":{"@type":"type.googleapis.com/google.cloud.functions.v1.CloudFunction","name":"projects/thevisamanager-bea80/locations/us-central1/functions/cleanupUserData","httpsTrigger":{},"updateTime":"1970-01-01T00:00:00Z"},"updateTime":"2026-02-20T10:23:56.541273886Z"}}
[debug] [2026-02-20T10:33:11.216Z] [delete-default-us-central1-cleanupUserData] Retrying task index 0
[debug] [2026-02-20T10:33:11.216Z] Checked if tokens are valid: true, expires at: 1771585909769
[debug] [2026-02-20T10:33:11.216Z] Checked if tokens are valid: true, expires at: 1771585909769
[debug] [2026-02-20T10:33:11.216Z] >>> [apiv2][query] GET https://cloudfunctions.googleapis.com/v1/operations/cHJvamVjdHMvdGhldmlzYW1hbmFnZXItYmVhODAvbG9jYXRpb25zL3VzLWNlbnRyYWwxL29wZXJhdGlvbnMvb3BlcmF0aW9uLTE3NzE1ODMwMzY0NTktNjRiM2VkMTk0MGJhNC1iZThhMDc1MS1mMGFjYTYyOA [none]
[debug] [2026-02-20T10:33:11.923Z] <<< [apiv2][status] GET https://cloudfunctions.googleapis.com/v1/operations/cHJvamVjdHMvdGhldmlzYW1hbmFnZXItYmVhODAvbG9jYXRpb25zL3VzLWNlbnRyYWwxL29wZXJhdGlvbnMvb3BlcmF0aW9uLTE3NzE1ODMwMzY0NTktNjRiM2VkMTk0MGJhNC1iZThhMDc1MS1mMGFjYTYyOA 200
[debug] [2026-02-20T10:33:11.923Z] <<< [apiv2][body] GET https://cloudfunctions.googleapis.com/v1/operations/cHJvamVjdHMvdGhldmlzYW1hbmFnZXItYmVhODAvbG9jYXRpb25zL3VzLWNlbnRyYWwxL29wZXJhdGlvbnMvb3BlcmF0aW9uLTE3NzE1ODMwMzY0NTktNjRiM2VkMTk0MGJhNC1iZThhMDc1MS1mMGFjYTYyOA {"name":"operations/cHJvamVjdHMvdGhldmlzYW1hbmFnZXItYmVhODAvbG9jYXRpb25zL3VzLWNlbnRyYWwxL29wZXJhdGlvbnMvb3BlcmF0aW9uLTE3NzE1ODMwMzY0NTktNjRiM2VkMTk0MGJhNC1iZThhMDc1MS1mMGFjYTYyOA","metadata":{"@type":"type.googleapis.com/google.cloud.functions.v1.OperationMetadataV1","target":"projects/thevisamanager-bea80/locations/us-central1/functions/cleanupUserData","type":"DELETE_FUNCTION","request":{"@type":"type.googleapis.com/google.cloud.functions.v1.CloudFunction","name":"projects/thevisamanager-bea80/locations/us-central1/functions/cleanupUserData","httpsTrigger":{},"updateTime":"1970-01-01T00:00:00Z"},"updateTime":"2026-02-20T10:23:56.541273886Z"}}
[debug] [2026-02-20T10:33:21.937Z] [delete-default-us-central1-cleanupUserData] Retrying task index 0
[debug] [2026-02-20T10:33:21.938Z] Checked if tokens are valid: true, expires at: 1771585909769
[debug] [2026-02-20T10:33:21.940Z] Checked if tokens are valid: true, expires at: 1771585909769
[debug] [2026-02-20T10:33:21.940Z] >>> [apiv2][query] GET https://cloudfunctions.googleapis.com/v1/operations/cHJvamVjdHMvdGhldmlzYW1hbmFnZXItYmVhODAvbG9jYXRpb25zL3VzLWNlbnRyYWwxL29wZXJhdGlvbnMvb3BlcmF0aW9uLTE3NzE1ODMwMzY0NTktNjRiM2VkMTk0MGJhNC1iZThhMDc1MS1mMGFjYTYyOA [none]
[debug] [2026-02-20T10:33:22.615Z] <<< [apiv2][status] GET https://cloudfunctions.googleapis.com/v1/operations/cHJvamVjdHMvdGhldmlzYW1hbmFnZXItYmVhODAvbG9jYXRpb25zL3VzLWNlbnRyYWwxL29wZXJhdGlvbnMvb3BlcmF0aW9uLTE3NzE1ODMwMzY0NTktNjRiM2VkMTk0MGJhNC1iZThhMDc1MS1mMGFjYTYyOA 200
[debug] [2026-02-20T10:33:22.615Z] <<< [apiv2][body] GET https://cloudfunctions.googleapis.com/v1/operations/cHJvamVjdHMvdGhldmlzYW1hbmFnZXItYmVhODAvbG9jYXRpb25zL3VzLWNlbnRyYWwxL29wZXJhdGlvbnMvb3BlcmF0aW9uLTE3NzE1ODMwMzY0NTktNjRiM2VkMTk0MGJhNC1iZThhMDc1MS1mMGFjYTYyOA {"name":"operations/cHJvamVjdHMvdGhldmlzYW1hbmFnZXItYmVhODAvbG9jYXRpb25zL3VzLWNlbnRyYWwxL29wZXJhdGlvbnMvb3BlcmF0aW9uLTE3NzE1ODMwMzY0NTktNjRiM2VkMTk0MGJhNC1iZThhMDc1MS1mMGFjYTYyOA","metadata":{"@type":"type.googleapis.com/google.cloud.functions.v1.OperationMetadataV1","target":"projects/thevisamanager-bea80/locations/us-central1/functions/cleanupUserData","type":"DELETE_FUNCTION","request":{"@type":"type.googleapis.com/google.cloud.functions.v1.CloudFunction","name":"projects/thevisamanager-bea80/locations/us-central1/functions/cleanupUserData","httpsTrigger":{},"updateTime":"1970-01-01T00:00:00Z"},"updateTime":"2026-02-20T10:23:56.541273886Z"}}
[debug] [2026-02-20T10:33:32.615Z] [delete-default-us-central1-cleanupUserData] Retrying task index 0
[debug] [2026-02-20T10:33:32.616Z] Checked if tokens are valid: true, expires at: 1771585909769
[debug] [2026-02-20T10:33:32.616Z] Checked if tokens are valid: true, expires at: 1771585909769
[debug] [2026-02-20T10:33:32.616Z] >>> [apiv2][query] GET https://cloudfunctions.googleapis.com/v1/operations/cHJvamVjdHMvdGhldmlzYW1hbmFnZXItYmVhODAvbG9jYXRpb25zL3VzLWNlbnRyYWwxL29wZXJhdGlvbnMvb3BlcmF0aW9uLTE3NzE1ODMwMzY0NTktNjRiM2VkMTk0MGJhNC1iZThhMDc1MS1mMGFjYTYyOA [none]
[debug] [2026-02-20T10:33:33.252Z] <<< [apiv2][status] GET https://cloudfunctions.googleapis.com/v1/operations/cHJvamVjdHMvdGhldmlzYW1hbmFnZXItYmVhODAvbG9jYXRpb25zL3VzLWNlbnRyYWwxL29wZXJhdGlvbnMvb3BlcmF0aW9uLTE3NzE1ODMwMzY0NTktNjRiM2VkMTk0MGJhNC1iZThhMDc1MS1mMGFjYTYyOA 200
[debug] [2026-02-20T10:33:33.252Z] <<< [apiv2][body] GET https://cloudfunctions.googleapis.com/v1/operations/cHJvamVjdHMvdGhldmlzYW1hbmFnZXItYmVhODAvbG9jYXRpb25zL3VzLWNlbnRyYWwxL29wZXJhdGlvbnMvb3BlcmF0aW9uLTE3NzE1ODMwMzY0NTktNjRiM2VkMTk0MGJhNC1iZThhMDc1MS1mMGFjYTYyOA {"name":"operations/cHJvamVjdHMvdGhldmlzYW1hbmFnZXItYmVhODAvbG9jYXRpb25zL3VzLWNlbnRyYWwxL29wZXJhdGlvbnMvb3BlcmF0aW9uLTE3NzE1ODMwMzY0NTktNjRiM2VkMTk0MGJhNC1iZThhMDc1MS1mMGFjYTYyOA","metadata":{"@type":"type.googleapis.com/google.cloud.functions.v1.OperationMetadataV1","target":"projects/thevisamanager-bea80/locations/us-central1/functions/cleanupUserData","type":"DELETE_FUNCTION","request":{"@type":"type.googleapis.com/google.cloud.functions.v1.CloudFunction","name":"projects/thevisamanager-bea80/locations/us-central1/functions/cleanupUserData","httpsTrigger":{},"updateTime":"1970-01-01T00:00:00Z"},"updateTime":"2026-02-20T10:23:56.541273886Z"}}
[debug] [2026-02-20T10:33:43.265Z] [delete-default-us-central1-cleanupUserData] Retrying task index 0
[debug] [2026-02-20T10:33:43.266Z] Checked if tokens are valid: true, expires at: 1771585909769
[debug] [2026-02-20T10:33:43.266Z] Checked if tokens are valid: true, expires at: 1771585909769
[debug] [2026-02-20T10:33:43.266Z] >>> [apiv2][query] GET https://cloudfunctions.googleapis.com/v1/operations/cHJvamVjdHMvdGhldmlzYW1hbmFnZXItYmVhODAvbG9jYXRpb25zL3VzLWNlbnRyYWwxL29wZXJhdGlvbnMvb3BlcmF0aW9uLTE3NzE1ODMwMzY0NTktNjRiM2VkMTk0MGJhNC1iZThhMDc1MS1mMGFjYTYyOA [none]
[debug] [2026-02-20T10:33:44.064Z] <<< [apiv2][status] GET https://cloudfunctions.googleapis.com/v1/operations/cHJvamVjdHMvdGhldmlzYW1hbmFnZXItYmVhODAvbG9jYXRpb25zL3VzLWNlbnRyYWwxL29wZXJhdGlvbnMvb3BlcmF0aW9uLTE3NzE1ODMwMzY0NTktNjRiM2VkMTk0MGJhNC1iZThhMDc1MS1mMGFjYTYyOA 200
[debug] [2026-02-20T10:33:44.064Z] <<< [apiv2][body] GET https://cloudfunctions.googleapis.com/v1/operations/cHJvamVjdHMvdGhldmlzYW1hbmFnZXItYmVhODAvbG9jYXRpb25zL3VzLWNlbnRyYWwxL29wZXJhdGlvbnMvb3BlcmF0aW9uLTE3NzE1ODMwMzY0NTktNjRiM2VkMTk0MGJhNC1iZThhMDc1MS1mMGFjYTYyOA {"name":"operations/cHJvamVjdHMvdGhldmlzYW1hbmFnZXItYmVhODAvbG9jYXRpb25zL3VzLWNlbnRyYWwxL29wZXJhdGlvbnMvb3BlcmF0aW9uLTE3NzE1ODMwMzY0NTktNjRiM2VkMTk0MGJhNC1iZThhMDc1MS1mMGFjYTYyOA","metadata":{"@type":"type.googleapis.com/google.cloud.functions.v1.OperationMetadataV1","target":"projects/thevisamanager-bea80/locations/us-central1/functions/cleanupUserData","type":"DELETE_FUNCTION","request":{"@type":"type.googleapis.com/google.cloud.functions.v1.CloudFunction","name":"projects/thevisamanager-bea80/locations/us-central1/functions/cleanupUserData","httpsTrigger":{},"updateTime":"1970-01-01T00:00:00Z"},"updateTime":"2026-02-20T10:23:56.541273886Z"}}
[debug] [2026-02-20T10:33:54.073Z] [delete-default-us-central1-cleanupUserData] Retrying task index 0
[debug] [2026-02-20T10:33:54.092Z] Checked if tokens are valid: true, expires at: 1771585909769
[debug] [2026-02-20T10:33:54.093Z] Checked if tokens are valid: true, expires at: 1771585909769
[debug] [2026-02-20T10:33:54.093Z] >>> [apiv2][query] GET https://cloudfunctions.googleapis.com/v1/operations/cHJvamVjdHMvdGhldmlzYW1hbmFnZXItYmVhODAvbG9jYXRpb25zL3VzLWNlbnRyYWwxL29wZXJhdGlvbnMvb3BlcmF0aW9uLTE3NzE1ODMwMzY0NTktNjRiM2VkMTk0MGJhNC1iZThhMDc1MS1mMGFjYTYyOA [none]
[debug] [2026-02-20T10:33:54.762Z] <<< [apiv2][status] GET https://cloudfunctions.googleapis.com/v1/operations/cHJvamVjdHMvdGhldmlzYW1hbmFnZXItYmVhODAvbG9jYXRpb25zL3VzLWNlbnRyYWwxL29wZXJhdGlvbnMvb3BlcmF0aW9uLTE3NzE1ODMwMzY0NTktNjRiM2VkMTk0MGJhNC1iZThhMDc1MS1mMGFjYTYyOA 200
[debug] [2026-02-20T10:33:54.762Z] <<< [apiv2][body] GET https://cloudfunctions.googleapis.com/v1/operations/cHJvamVjdHMvdGhldmlzYW1hbmFnZXItYmVhODAvbG9jYXRpb25zL3VzLWNlbnRyYWwxL29wZXJhdGlvbnMvb3BlcmF0aW9uLTE3NzE1ODMwMzY0NTktNjRiM2VkMTk0MGJhNC1iZThhMDc1MS1mMGFjYTYyOA {"name":"operations/cHJvamVjdHMvdGhldmlzYW1hbmFnZXItYmVhODAvbG9jYXRpb25zL3VzLWNlbnRyYWwxL29wZXJhdGlvbnMvb3BlcmF0aW9uLTE3NzE1ODMwMzY0NTktNjRiM2VkMTk0MGJhNC1iZThhMDc1MS1mMGFjYTYyOA","metadata":{"@type":"type.googleapis.com/google.cloud.functions.v1.OperationMetadataV1","target":"projects/thevisamanager-bea80/locations/us-central1/functions/cleanupUserData","type":"DELETE_FUNCTION","request":{"@type":"type.googleapis.com/google.cloud.functions.v1.CloudFunction","name":"projects/thevisamanager-bea80/locations/us-central1/functions/cleanupUserData","httpsTrigger":{},"updateTime":"1970-01-01T00:00:00Z"},"updateTime":"2026-02-20T10:23:56.541273886Z"}}
[debug] [2026-02-20T10:34:04.777Z] [delete-default-us-central1-cleanupUserData] Retrying task index 0
[debug] [2026-02-20T10:34:04.778Z] Checked if tokens are valid: true, expires at: 1771585909769
[debug] [2026-02-20T10:34:04.778Z] Checked if tokens are valid: true, expires at: 1771585909769
[debug] [2026-02-20T10:34:04.778Z] >>> [apiv2][query] GET https://cloudfunctions.googleapis.com/v1/operations/cHJvamVjdHMvdGhldmlzYW1hbmFnZXItYmVhODAvbG9jYXRpb25zL3VzLWNlbnRyYWwxL29wZXJhdGlvbnMvb3BlcmF0aW9uLTE3NzE1ODMwMzY0NTktNjRiM2VkMTk0MGJhNC1iZThhMDc1MS1mMGFjYTYyOA [none]
[debug] [2026-02-20T10:34:05.512Z] <<< [apiv2][status] GET https://cloudfunctions.googleapis.com/v1/operations/cHJvamVjdHMvdGhldmlzYW1hbmFnZXItYmVhODAvbG9jYXRpb25zL3VzLWNlbnRyYWwxL29wZXJhdGlvbnMvb3BlcmF0aW9uLTE3NzE1ODMwMzY0NTktNjRiM2VkMTk0MGJhNC1iZThhMDc1MS1mMGFjYTYyOA 200
[debug] [2026-02-20T10:34:05.512Z] <<< [apiv2][body] GET https://cloudfunctions.googleapis.com/v1/operations/cHJvamVjdHMvdGhldmlzYW1hbmFnZXItYmVhODAvbG9jYXRpb25zL3VzLWNlbnRyYWwxL29wZXJhdGlvbnMvb3BlcmF0aW9uLTE3NzE1ODMwMzY0NTktNjRiM2VkMTk0MGJhNC1iZThhMDc1MS1mMGFjYTYyOA {"name":"operations/cHJvamVjdHMvdGhldmlzYW1hbmFnZXItYmVhODAvbG9jYXRpb25zL3VzLWNlbnRyYWwxL29wZXJhdGlvbnMvb3BlcmF0aW9uLTE3NzE1ODMwMzY0NTktNjRiM2VkMTk0MGJhNC1iZThhMDc1MS1mMGFjYTYyOA","metadata":{"@type":"type.googleapis.com/google.cloud.functions.v1.OperationMetadataV1","target":"projects/thevisamanager-bea80/locations/us-central1/functions/cleanupUserData","type":"DELETE_FUNCTION","request":{"@type":"type.googleapis.com/google.cloud.functions.v1.CloudFunction","name":"projects/thevisamanager-bea80/locations/us-central1/functions/cleanupUserData","httpsTrigger":{},"updateTime":"1970-01-01T00:00:00Z"},"updateTime":"2026-02-20T10:23:56.541273886Z"}}
[debug] [2026-02-20T10:34:15.520Z] [delete-default-us-central1-cleanupUserData] Retrying task index 0
[debug] [2026-02-20T10:34:15.521Z] Checked if tokens are valid: true, expires at: 1771585909769
[debug] [2026-02-20T10:34:15.521Z] Checked if tokens are valid: true, expires at: 1771585909769
[debug] [2026-02-20T10:34:15.521Z] >>> [apiv2][query] GET https://cloudfunctions.googleapis.com/v1/operations/cHJvamVjdHMvdGhldmlzYW1hbmFnZXItYmVhODAvbG9jYXRpb25zL3VzLWNlbnRyYWwxL29wZXJhdGlvbnMvb3BlcmF0aW9uLTE3NzE1ODMwMzY0NTktNjRiM2VkMTk0MGJhNC1iZThhMDc1MS1mMGFjYTYyOA [none]
[debug] [2026-02-20T10:34:16.362Z] <<< [apiv2][status] GET https://cloudfunctions.googleapis.com/v1/operations/cHJvamVjdHMvdGhldmlzYW1hbmFnZXItYmVhODAvbG9jYXRpb25zL3VzLWNlbnRyYWwxL29wZXJhdGlvbnMvb3BlcmF0aW9uLTE3NzE1ODMwMzY0NTktNjRiM2VkMTk0MGJhNC1iZThhMDc1MS1mMGFjYTYyOA 200
[debug] [2026-02-20T10:34:16.362Z] <<< [apiv2][body] GET https://cloudfunctions.googleapis.com/v1/operations/cHJvamVjdHMvdGhldmlzYW1hbmFnZXItYmVhODAvbG9jYXRpb25zL3VzLWNlbnRyYWwxL29wZXJhdGlvbnMvb3BlcmF0aW9uLTE3NzE1ODMwMzY0NTktNjRiM2VkMTk0MGJhNC1iZThhMDc1MS1mMGFjYTYyOA {"name":"operations/cHJvamVjdHMvdGhldmlzYW1hbmFnZXItYmVhODAvbG9jYXRpb25zL3VzLWNlbnRyYWwxL29wZXJhdGlvbnMvb3BlcmF0aW9uLTE3NzE1ODMwMzY0NTktNjRiM2VkMTk0MGJhNC1iZThhMDc1MS1mMGFjYTYyOA","metadata":{"@type":"type.googleapis.com/google.cloud.functions.v1.OperationMetadataV1","target":"projects/thevisamanager-bea80/locations/us-central1/functions/cleanupUserData","type":"DELETE_FUNCTION","request":{"@type":"type.googleapis.com/google.cloud.functions.v1.CloudFunction","name":"projects/thevisamanager-bea80/locations/us-central1/functions/cleanupUserData","httpsTrigger":{},"updateTime":"1970-01-01T00:00:00Z"},"updateTime":"2026-02-20T10:23:56.541273886Z"}}
[debug] [2026-02-20T10:34:26.376Z] [delete-default-us-central1-cleanupUserData] Retrying task index 0
[debug] [2026-02-20T10:34:26.377Z] Checked if tokens are valid: true, expires at: 1771585909769
[debug] [2026-02-20T10:34:26.377Z] Checked if tokens are valid: true, expires at: 1771585909769
[debug] [2026-02-20T10:34:26.377Z] >>> [apiv2][query] GET https://cloudfunctions.googleapis.com/v1/operations/cHJvamVjdHMvdGhldmlzYW1hbmFnZXItYmVhODAvbG9jYXRpb25zL3VzLWNlbnRyYWwxL29wZXJhdGlvbnMvb3BlcmF0aW9uLTE3NzE1ODMwMzY0NTktNjRiM2VkMTk0MGJhNC1iZThhMDc1MS1mMGFjYTYyOA [none]
[debug] [2026-02-20T10:34:27.070Z] <<< [apiv2][status] GET https://cloudfunctions.googleapis.com/v1/operations/cHJvamVjdHMvdGhldmlzYW1hbmFnZXItYmVhODAvbG9jYXRpb25zL3VzLWNlbnRyYWwxL29wZXJhdGlvbnMvb3BlcmF0aW9uLTE3NzE1ODMwMzY0NTktNjRiM2VkMTk0MGJhNC1iZThhMDc1MS1mMGFjYTYyOA 200
[debug] [2026-02-20T10:34:27.070Z] <<< [apiv2][body] GET https://cloudfunctions.googleapis.com/v1/operations/cHJvamVjdHMvdGhldmlzYW1hbmFnZXItYmVhODAvbG9jYXRpb25zL3VzLWNlbnRyYWwxL29wZXJhdGlvbnMvb3BlcmF0aW9uLTE3NzE1ODMwMzY0NTktNjRiM2VkMTk0MGJhNC1iZThhMDc1MS1mMGFjYTYyOA {"name":"operations/cHJvamVjdHMvdGhldmlzYW1hbmFnZXItYmVhODAvbG9jYXRpb25zL3VzLWNlbnRyYWwxL29wZXJhdGlvbnMvb3BlcmF0aW9uLTE3NzE1ODMwMzY0NTktNjRiM2VkMTk0MGJhNC1iZThhMDc1MS1mMGFjYTYyOA","metadata":{"@type":"type.googleapis.com/google.cloud.functions.v1.OperationMetadataV1","target":"projects/thevisamanager-bea80/locations/us-central1/functions/cleanupUserData","type":"DELETE_FUNCTION","request":{"@type":"type.googleapis.com/google.cloud.functions.v1.CloudFunction","name":"projects/thevisamanager-bea80/locations/us-central1/functions/cleanupUserData","httpsTrigger":{},"updateTime":"1970-01-01T00:00:00Z"},"updateTime":"2026-02-20T10:23:56.541273886Z"}}
[debug] [2026-02-20T10:34:37.073Z] [delete-default-us-central1-cleanupUserData] Retrying task index 0
[debug] [2026-02-20T10:34:37.074Z] Checked if tokens are valid: true, expires at: 1771585909769
[debug] [2026-02-20T10:34:37.074Z] Checked if tokens are valid: true, expires at: 1771585909769
[debug] [2026-02-20T10:34:37.074Z] >>> [apiv2][query] GET https://cloudfunctions.googleapis.com/v1/operations/cHJvamVjdHMvdGhldmlzYW1hbmFnZXItYmVhODAvbG9jYXRpb25zL3VzLWNlbnRyYWwxL29wZXJhdGlvbnMvb3BlcmF0aW9uLTE3NzE1ODMwMzY0NTktNjRiM2VkMTk0MGJhNC1iZThhMDc1MS1mMGFjYTYyOA [none]
[debug] [2026-02-20T10:34:37.777Z] <<< [apiv2][status] GET https://cloudfunctions.googleapis.com/v1/operations/cHJvamVjdHMvdGhldmlzYW1hbmFnZXItYmVhODAvbG9jYXRpb25zL3VzLWNlbnRyYWwxL29wZXJhdGlvbnMvb3BlcmF0aW9uLTE3NzE1ODMwMzY0NTktNjRiM2VkMTk0MGJhNC1iZThhMDc1MS1mMGFjYTYyOA 200
[debug] [2026-02-20T10:34:37.777Z] <<< [apiv2][body] GET https://cloudfunctions.googleapis.com/v1/operations/cHJvamVjdHMvdGhldmlzYW1hbmFnZXItYmVhODAvbG9jYXRpb25zL3VzLWNlbnRyYWwxL29wZXJhdGlvbnMvb3BlcmF0aW9uLTE3NzE1ODMwMzY0NTktNjRiM2VkMTk0MGJhNC1iZThhMDc1MS1mMGFjYTYyOA {"name":"operations/cHJvamVjdHMvdGhldmlzYW1hbmFnZXItYmVhODAvbG9jYXRpb25zL3VzLWNlbnRyYWwxL29wZXJhdGlvbnMvb3BlcmF0aW9uLTE3NzE1ODMwMzY0NTktNjRiM2VkMTk0MGJhNC1iZThhMDc1MS1mMGFjYTYyOA","metadata":{"@type":"type.googleapis.com/google.cloud.functions.v1.OperationMetadataV1","target":"projects/thevisamanager-bea80/locations/us-central1/functions/cleanupUserData","type":"DELETE_FUNCTION","request":{"@type":"type.googleapis.com/google.cloud.functions.v1.CloudFunction","name":"projects/thevisamanager-bea80/locations/us-central1/functions/cleanupUserData","httpsTrigger":{},"updateTime":"1970-01-01T00:00:00Z"},"updateTime":"2026-02-20T10:23:56.541273886Z"}}
[debug] [2026-02-20T10:34:47.789Z] [delete-default-us-central1-cleanupUserData] Retrying task index 0
[debug] [2026-02-20T10:34:47.790Z] Checked if tokens are valid: true, expires at: 1771585909769
[debug] [2026-02-20T10:34:47.790Z] Checked if tokens are valid: true, expires at: 1771585909769
[debug] [2026-02-20T10:34:47.791Z] >>> [apiv2][query] GET https://cloudfunctions.googleapis.com/v1/operations/cHJvamVjdHMvdGhldmlzYW1hbmFnZXItYmVhODAvbG9jYXRpb25zL3VzLWNlbnRyYWwxL29wZXJhdGlvbnMvb3BlcmF0aW9uLTE3NzE1ODMwMzY0NTktNjRiM2VkMTk0MGJhNC1iZThhMDc1MS1mMGFjYTYyOA [none]
[debug] [2026-02-20T10:34:48.425Z] <<< [apiv2][status] GET https://cloudfunctions.googleapis.com/v1/operations/cHJvamVjdHMvdGhldmlzYW1hbmFnZXItYmVhODAvbG9jYXRpb25zL3VzLWNlbnRyYWwxL29wZXJhdGlvbnMvb3BlcmF0aW9uLTE3NzE1ODMwMzY0NTktNjRiM2VkMTk0MGJhNC1iZThhMDc1MS1mMGFjYTYyOA 200
[debug] [2026-02-20T10:34:48.425Z] <<< [apiv2][body] GET https://cloudfunctions.googleapis.com/v1/operations/cHJvamVjdHMvdGhldmlzYW1hbmFnZXItYmVhODAvbG9jYXRpb25zL3VzLWNlbnRyYWwxL29wZXJhdGlvbnMvb3BlcmF0aW9uLTE3NzE1ODMwMzY0NTktNjRiM2VkMTk0MGJhNC1iZThhMDc1MS1mMGFjYTYyOA {"name":"operations/cHJvamVjdHMvdGhldmlzYW1hbmFnZXItYmVhODAvbG9jYXRpb25zL3VzLWNlbnRyYWwxL29wZXJhdGlvbnMvb3BlcmF0aW9uLTE3NzE1ODMwMzY0NTktNjRiM2VkMTk0MGJhNC1iZThhMDc1MS1mMGFjYTYyOA","metadata":{"@type":"type.googleapis.com/google.cloud.functions.v1.OperationMetadataV1","target":"projects/thevisamanager-bea80/locations/us-central1/functions/cleanupUserData","type":"DELETE_FUNCTION","request":{"@type":"type.googleapis.com/google.cloud.functions.v1.CloudFunction","name":"projects/thevisamanager-bea80/locations/us-central1/functions/cleanupUserData","httpsTrigger":{},"updateTime":"1970-01-01T00:00:00Z"},"updateTime":"2026-02-20T10:23:56.541273886Z"}}
[debug] [2026-02-20T10:34:58.438Z] [delete-default-us-central1-cleanupUserData] Retrying task index 0
[debug] [2026-02-20T10:34:58.440Z] Checked if tokens are valid: true, expires at: 1771585909769
[debug] [2026-02-20T10:34:58.440Z] Checked if tokens are valid: true, expires at: 1771585909769
[debug] [2026-02-20T10:34:58.440Z] >>> [apiv2][query] GET https://cloudfunctions.googleapis.com/v1/operations/cHJvamVjdHMvdGhldmlzYW1hbmFnZXItYmVhODAvbG9jYXRpb25zL3VzLWNlbnRyYWwxL29wZXJhdGlvbnMvb3BlcmF0aW9uLTE3NzE1ODMwMzY0NTktNjRiM2VkMTk0MGJhNC1iZThhMDc1MS1mMGFjYTYyOA [none]
[debug] [2026-02-20T10:34:59.168Z] <<< [apiv2][status] GET https://cloudfunctions.googleapis.com/v1/operations/cHJvamVjdHMvdGhldmlzYW1hbmFnZXItYmVhODAvbG9jYXRpb25zL3VzLWNlbnRyYWwxL29wZXJhdGlvbnMvb3BlcmF0aW9uLTE3NzE1ODMwMzY0NTktNjRiM2VkMTk0MGJhNC1iZThhMDc1MS1mMGFjYTYyOA 200
[debug] [2026-02-20T10:34:59.168Z] <<< [apiv2][body] GET https://cloudfunctions.googleapis.com/v1/operations/cHJvamVjdHMvdGhldmlzYW1hbmFnZXItYmVhODAvbG9jYXRpb25zL3VzLWNlbnRyYWwxL29wZXJhdGlvbnMvb3BlcmF0aW9uLTE3NzE1ODMwMzY0NTktNjRiM2VkMTk0MGJhNC1iZThhMDc1MS1mMGFjYTYyOA {"name":"operations/cHJvamVjdHMvdGhldmlzYW1hbmFnZXItYmVhODAvbG9jYXRpb25zL3VzLWNlbnRyYWwxL29wZXJhdGlvbnMvb3BlcmF0aW9uLTE3NzE1ODMwMzY0NTktNjRiM2VkMTk0MGJhNC1iZThhMDc1MS1mMGFjYTYyOA","metadata":{"@type":"type.googleapis.com/google.cloud.functions.v1.OperationMetadataV1","target":"projects/thevisamanager-bea80/locations/us-central1/functions/cleanupUserData","type":"DELETE_FUNCTION","request":{"@type":"type.googleapis.com/google.cloud.functions.v1.CloudFunction","name":"projects/thevisamanager-bea80/locations/us-central1/functions/cleanupUserData","httpsTrigger":{},"updateTime":"1970-01-01T00:00:00Z"},"updateTime":"2026-02-20T10:23:56.541273886Z"}}
[debug] [2026-02-20T10:35:09.180Z] [delete-default-us-central1-cleanupUserData] Retrying task index 0
[debug] [2026-02-20T10:35:09.181Z] Checked if tokens are valid: true, expires at: 1771585909769
[debug] [2026-02-20T10:35:09.181Z] Checked if tokens are valid: true, expires at: 1771585909769
[debug] [2026-02-20T10:35:09.181Z] >>> [apiv2][query] GET https://cloudfunctions.googleapis.com/v1/operations/cHJvamVjdHMvdGhldmlzYW1hbmFnZXItYmVhODAvbG9jYXRpb25zL3VzLWNlbnRyYWwxL29wZXJhdGlvbnMvb3BlcmF0aW9uLTE3NzE1ODMwMzY0NTktNjRiM2VkMTk0MGJhNC1iZThhMDc1MS1mMGFjYTYyOA [none]
[debug] [2026-02-20T10:35:09.919Z] <<< [apiv2][status] GET https://cloudfunctions.googleapis.com/v1/operations/cHJvamVjdHMvdGhldmlzYW1hbmFnZXItYmVhODAvbG9jYXRpb25zL3VzLWNlbnRyYWwxL29wZXJhdGlvbnMvb3BlcmF0aW9uLTE3NzE1ODMwMzY0NTktNjRiM2VkMTk0MGJhNC1iZThhMDc1MS1mMGFjYTYyOA 200
[debug] [2026-02-20T10:35:09.919Z] <<< [apiv2][body] GET https://cloudfunctions.googleapis.com/v1/operations/cHJvamVjdHMvdGhldmlzYW1hbmFnZXItYmVhODAvbG9jYXRpb25zL3VzLWNlbnRyYWwxL29wZXJhdGlvbnMvb3BlcmF0aW9uLTE3NzE1ODMwMzY0NTktNjRiM2VkMTk0MGJhNC1iZThhMDc1MS1mMGFjYTYyOA {"name":"operations/cHJvamVjdHMvdGhldmlzYW1hbmFnZXItYmVhODAvbG9jYXRpb25zL3VzLWNlbnRyYWwxL29wZXJhdGlvbnMvb3BlcmF0aW9uLTE3NzE1ODMwMzY0NTktNjRiM2VkMTk0MGJhNC1iZThhMDc1MS1mMGFjYTYyOA","metadata":{"@type":"type.googleapis.com/google.cloud.functions.v1.OperationMetadataV1","target":"projects/thevisamanager-bea80/locations/us-central1/functions/cleanupUserData","type":"DELETE_FUNCTION","request":{"@type":"type.googleapis.com/google.cloud.functions.v1.CloudFunction","name":"projects/thevisamanager-bea80/locations/us-central1/functions/cleanupUserData","httpsTrigger":{},"updateTime":"1970-01-01T00:00:00Z"},"updateTime":"2026-02-20T10:23:56.541273886Z"}}
[debug] [2026-02-20T10:35:19.921Z] [delete-default-us-central1-cleanupUserData] Retrying task index 0
[debug] [2026-02-20T10:35:19.923Z] Checked if tokens are valid: true, expires at: 1771585909769
[debug] [2026-02-20T10:35:19.923Z] Checked if tokens are valid: true, expires at: 1771585909769
[debug] [2026-02-20T10:35:19.923Z] >>> [apiv2][query] GET https://cloudfunctions.googleapis.com/v1/operations/cHJvamVjdHMvdGhldmlzYW1hbmFnZXItYmVhODAvbG9jYXRpb25zL3VzLWNlbnRyYWwxL29wZXJhdGlvbnMvb3BlcmF0aW9uLTE3NzE1ODMwMzY0NTktNjRiM2VkMTk0MGJhNC1iZThhMDc1MS1mMGFjYTYyOA [none]
[debug] [2026-02-20T10:35:20.670Z] <<< [apiv2][status] GET https://cloudfunctions.googleapis.com/v1/operations/cHJvamVjdHMvdGhldmlzYW1hbmFnZXItYmVhODAvbG9jYXRpb25zL3VzLWNlbnRyYWwxL29wZXJhdGlvbnMvb3BlcmF0aW9uLTE3NzE1ODMwMzY0NTktNjRiM2VkMTk0MGJhNC1iZThhMDc1MS1mMGFjYTYyOA 200
[debug] [2026-02-20T10:35:20.671Z] <<< [apiv2][body] GET https://cloudfunctions.googleapis.com/v1/operations/cHJvamVjdHMvdGhldmlzYW1hbmFnZXItYmVhODAvbG9jYXRpb25zL3VzLWNlbnRyYWwxL29wZXJhdGlvbnMvb3BlcmF0aW9uLTE3NzE1ODMwMzY0NTktNjRiM2VkMTk0MGJhNC1iZThhMDc1MS1mMGFjYTYyOA {"name":"operations/cHJvamVjdHMvdGhldmlzYW1hbmFnZXItYmVhODAvbG9jYXRpb25zL3VzLWNlbnRyYWwxL29wZXJhdGlvbnMvb3BlcmF0aW9uLTE3NzE1ODMwMzY0NTktNjRiM2VkMTk0MGJhNC1iZThhMDc1MS1mMGFjYTYyOA","metadata":{"@type":"type.googleapis.com/google.cloud.functions.v1.OperationMetadataV1","target":"projects/thevisamanager-bea80/locations/us-central1/functions/cleanupUserData","type":"DELETE_FUNCTION","request":{"@type":"type.googleapis.com/google.cloud.functions.v1.CloudFunction","name":"projects/thevisamanager-bea80/locations/us-central1/functions/cleanupUserData","httpsTrigger":{},"updateTime":"1970-01-01T00:00:00Z"},"updateTime":"2026-02-20T10:23:56.541273886Z"}}
[debug] [2026-02-20T10:35:30.673Z] [delete-default-us-central1-cleanupUserData] Retrying task index 0
[debug] [2026-02-20T10:35:30.673Z] Checked if tokens are valid: true, expires at: 1771585909769
[debug] [2026-02-20T10:35:30.674Z] Checked if tokens are valid: true, expires at: 1771585909769
[debug] [2026-02-20T10:35:30.674Z] >>> [apiv2][query] GET https://cloudfunctions.googleapis.com/v1/operations/cHJvamVjdHMvdGhldmlzYW1hbmFnZXItYmVhODAvbG9jYXRpb25zL3VzLWNlbnRyYWwxL29wZXJhdGlvbnMvb3BlcmF0aW9uLTE3NzE1ODMwMzY0NTktNjRiM2VkMTk0MGJhNC1iZThhMDc1MS1mMGFjYTYyOA [none]
[debug] [2026-02-20T10:35:31.424Z] <<< [apiv2][status] GET https://cloudfunctions.googleapis.com/v1/operations/cHJvamVjdHMvdGhldmlzYW1hbmFnZXItYmVhODAvbG9jYXRpb25zL3VzLWNlbnRyYWwxL29wZXJhdGlvbnMvb3BlcmF0aW9uLTE3NzE1ODMwMzY0NTktNjRiM2VkMTk0MGJhNC1iZThhMDc1MS1mMGFjYTYyOA 200
[debug] [2026-02-20T10:35:31.424Z] <<< [apiv2][body] GET https://cloudfunctions.googleapis.com/v1/operations/cHJvamVjdHMvdGhldmlzYW1hbmFnZXItYmVhODAvbG9jYXRpb25zL3VzLWNlbnRyYWwxL29wZXJhdGlvbnMvb3BlcmF0aW9uLTE3NzE1ODMwMzY0NTktNjRiM2VkMTk0MGJhNC1iZThhMDc1MS1mMGFjYTYyOA {"name":"operations/cHJvamVjdHMvdGhldmlzYW1hbmFnZXItYmVhODAvbG9jYXRpb25zL3VzLWNlbnRyYWwxL29wZXJhdGlvbnMvb3BlcmF0aW9uLTE3NzE1ODMwMzY0NTktNjRiM2VkMTk0MGJhNC1iZThhMDc1MS1mMGFjYTYyOA","metadata":{"@type":"type.googleapis.com/google.cloud.functions.v1.OperationMetadataV1","target":"projects/thevisamanager-bea80/locations/us-central1/functions/cleanupUserData","type":"DELETE_FUNCTION","request":{"@type":"type.googleapis.com/google.cloud.functions.v1.CloudFunction","name":"projects/thevisamanager-bea80/locations/us-central1/functions/cleanupUserData","httpsTrigger":{},"updateTime":"1970-01-01T00:00:00Z"},"updateTime":"2026-02-20T10:23:56.541273886Z"}}
[debug] [2026-02-20T10:35:41.434Z] [delete-default-us-central1-cleanupUserData] Retrying task index 0
[debug] [2026-02-20T10:35:41.434Z] Checked if tokens are valid: true, expires at: 1771585909769
[debug] [2026-02-20T10:35:41.434Z] Checked if tokens are valid: true, expires at: 1771585909769
[debug] [2026-02-20T10:35:41.435Z] >>> [apiv2][query] GET https://cloudfunctions.googleapis.com/v1/operations/cHJvamVjdHMvdGhldmlzYW1hbmFnZXItYmVhODAvbG9jYXRpb25zL3VzLWNlbnRyYWwxL29wZXJhdGlvbnMvb3BlcmF0aW9uLTE3NzE1ODMwMzY0NTktNjRiM2VkMTk0MGJhNC1iZThhMDc1MS1mMGFjYTYyOA [none]
[debug] [2026-02-20T10:35:42.176Z] <<< [apiv2][status] GET https://cloudfunctions.googleapis.com/v1/operations/cHJvamVjdHMvdGhldmlzYW1hbmFnZXItYmVhODAvbG9jYXRpb25zL3VzLWNlbnRyYWwxL29wZXJhdGlvbnMvb3BlcmF0aW9uLTE3NzE1ODMwMzY0NTktNjRiM2VkMTk0MGJhNC1iZThhMDc1MS1mMGFjYTYyOA 200
[debug] [2026-02-20T10:35:42.176Z] <<< [apiv2][body] GET https://cloudfunctions.googleapis.com/v1/operations/cHJvamVjdHMvdGhldmlzYW1hbmFnZXItYmVhODAvbG9jYXRpb25zL3VzLWNlbnRyYWwxL29wZXJhdGlvbnMvb3BlcmF0aW9uLTE3NzE1ODMwMzY0NTktNjRiM2VkMTk0MGJhNC1iZThhMDc1MS1mMGFjYTYyOA {"name":"operations/cHJvamVjdHMvdGhldmlzYW1hbmFnZXItYmVhODAvbG9jYXRpb25zL3VzLWNlbnRyYWwxL29wZXJhdGlvbnMvb3BlcmF0aW9uLTE3NzE1ODMwMzY0NTktNjRiM2VkMTk0MGJhNC1iZThhMDc1MS1mMGFjYTYyOA","metadata":{"@type":"type.googleapis.com/google.cloud.functions.v1.OperationMetadataV1","target":"projects/thevisamanager-bea80/locations/us-central1/functions/cleanupUserData","type":"DELETE_FUNCTION","request":{"@type":"type.googleapis.com/google.cloud.functions.v1.CloudFunction","name":"projects/thevisamanager-bea80/locations/us-central1/functions/cleanupUserData","httpsTrigger":{},"updateTime":"1970-01-01T00:00:00Z"},"updateTime":"2026-02-20T10:23:56.541273886Z"}}
[debug] [2026-02-20T10:35:52.188Z] [delete-default-us-central1-cleanupUserData] Retrying task index 0
[debug] [2026-02-20T10:35:52.189Z] Checked if tokens are valid: true, expires at: 1771585909769
[debug] [2026-02-20T10:35:52.189Z] Checked if tokens are valid: true, expires at: 1771585909769
[debug] [2026-02-20T10:35:52.190Z] >>> [apiv2][query] GET https://cloudfunctions.googleapis.com/v1/operations/cHJvamVjdHMvdGhldmlzYW1hbmFnZXItYmVhODAvbG9jYXRpb25zL3VzLWNlbnRyYWwxL29wZXJhdGlvbnMvb3BlcmF0aW9uLTE3NzE1ODMwMzY0NTktNjRiM2VkMTk0MGJhNC1iZThhMDc1MS1mMGFjYTYyOA [none]
[debug] [2026-02-20T10:35:52.899Z] <<< [apiv2][status] GET https://cloudfunctions.googleapis.com/v1/operations/cHJvamVjdHMvdGhldmlzYW1hbmFnZXItYmVhODAvbG9jYXRpb25zL3VzLWNlbnRyYWwxL29wZXJhdGlvbnMvb3BlcmF0aW9uLTE3NzE1ODMwMzY0NTktNjRiM2VkMTk0MGJhNC1iZThhMDc1MS1mMGFjYTYyOA 200
[debug] [2026-02-20T10:35:52.899Z] <<< [apiv2][body] GET https://cloudfunctions.googleapis.com/v1/operations/cHJvamVjdHMvdGhldmlzYW1hbmFnZXItYmVhODAvbG9jYXRpb25zL3VzLWNlbnRyYWwxL29wZXJhdGlvbnMvb3BlcmF0aW9uLTE3NzE1ODMwMzY0NTktNjRiM2VkMTk0MGJhNC1iZThhMDc1MS1mMGFjYTYyOA {"name":"operations/cHJvamVjdHMvdGhldmlzYW1hbmFnZXItYmVhODAvbG9jYXRpb25zL3VzLWNlbnRyYWwxL29wZXJhdGlvbnMvb3BlcmF0aW9uLTE3NzE1ODMwMzY0NTktNjRiM2VkMTk0MGJhNC1iZThhMDc1MS1mMGFjYTYyOA","metadata":{"@type":"type.googleapis.com/google.cloud.functions.v1.OperationMetadataV1","target":"projects/thevisamanager-bea80/locations/us-central1/functions/cleanupUserData","type":"DELETE_FUNCTION","request":{"@type":"type.googleapis.com/google.cloud.functions.v1.CloudFunction","name":"projects/thevisamanager-bea80/locations/us-central1/functions/cleanupUserData","httpsTrigger":{},"updateTime":"1970-01-01T00:00:00Z"},"updateTime":"2026-02-20T10:23:56.541273886Z"}}
[debug] [2026-02-20T10:36:02.908Z] [delete-default-us-central1-cleanupUserData] Retrying task index 0
[debug] [2026-02-20T10:36:02.908Z] Checked if tokens are valid: true, expires at: 1771585909769
[debug] [2026-02-20T10:36:02.908Z] Checked if tokens are valid: true, expires at: 1771585909769
[debug] [2026-02-20T10:36:02.909Z] >>> [apiv2][query] GET https://cloudfunctions.googleapis.com/v1/operations/cHJvamVjdHMvdGhldmlzYW1hbmFnZXItYmVhODAvbG9jYXRpb25zL3VzLWNlbnRyYWwxL29wZXJhdGlvbnMvb3BlcmF0aW9uLTE3NzE1ODMwMzY0NTktNjRiM2VkMTk0MGJhNC1iZThhMDc1MS1mMGFjYTYyOA [none]
[debug] [2026-02-20T10:36:03.680Z] <<< [apiv2][status] GET https://cloudfunctions.googleapis.com/v1/operations/cHJvamVjdHMvdGhldmlzYW1hbmFnZXItYmVhODAvbG9jYXRpb25zL3VzLWNlbnRyYWwxL29wZXJhdGlvbnMvb3BlcmF0aW9uLTE3NzE1ODMwMzY0NTktNjRiM2VkMTk0MGJhNC1iZThhMDc1MS1mMGFjYTYyOA 200
[debug] [2026-02-20T10:36:03.680Z] <<< [apiv2][body] GET https://cloudfunctions.googleapis.com/v1/operations/cHJvamVjdHMvdGhldmlzYW1hbmFnZXItYmVhODAvbG9jYXRpb25zL3VzLWNlbnRyYWwxL29wZXJhdGlvbnMvb3BlcmF0aW9uLTE3NzE1ODMwMzY0NTktNjRiM2VkMTk0MGJhNC1iZThhMDc1MS1mMGFjYTYyOA {"name":"operations/cHJvamVjdHMvdGhldmlzYW1hbmFnZXItYmVhODAvbG9jYXRpb25zL3VzLWNlbnRyYWwxL29wZXJhdGlvbnMvb3BlcmF0aW9uLTE3NzE1ODMwMzY0NTktNjRiM2VkMTk0MGJhNC1iZThhMDc1MS1mMGFjYTYyOA","metadata":{"@type":"type.googleapis.com/google.cloud.functions.v1.OperationMetadataV1","target":"projects/thevisamanager-bea80/locations/us-central1/functions/cleanupUserData","type":"DELETE_FUNCTION","request":{"@type":"type.googleapis.com/google.cloud.functions.v1.CloudFunction","name":"projects/thevisamanager-bea80/locations/us-central1/functions/cleanupUserData","httpsTrigger":{},"updateTime":"1970-01-01T00:00:00Z"},"updateTime":"2026-02-20T10:23:56.541273886Z"}}
[debug] [2026-02-20T10:36:13.687Z] [delete-default-us-central1-cleanupUserData] Retrying task index 0
[debug] [2026-02-20T10:36:13.688Z] Checked if tokens are valid: true, expires at: 1771585909769
[debug] [2026-02-20T10:36:13.688Z] Checked if tokens are valid: true, expires at: 1771585909769
[debug] [2026-02-20T10:36:13.688Z] >>> [apiv2][query] GET https://cloudfunctions.googleapis.com/v1/operations/cHJvamVjdHMvdGhldmlzYW1hbmFnZXItYmVhODAvbG9jYXRpb25zL3VzLWNlbnRyYWwxL29wZXJhdGlvbnMvb3BlcmF0aW9uLTE3NzE1ODMwMzY0NTktNjRiM2VkMTk0MGJhNC1iZThhMDc1MS1mMGFjYTYyOA [none]
[debug] [2026-02-20T10:36:14.432Z] <<< [apiv2][status] GET https://cloudfunctions.googleapis.com/v1/operations/cHJvamVjdHMvdGhldmlzYW1hbmFnZXItYmVhODAvbG9jYXRpb25zL3VzLWNlbnRyYWwxL29wZXJhdGlvbnMvb3BlcmF0aW9uLTE3NzE1ODMwMzY0NTktNjRiM2VkMTk0MGJhNC1iZThhMDc1MS1mMGFjYTYyOA 200
[debug] [2026-02-20T10:36:14.432Z] <<< [apiv2][body] GET https://cloudfunctions.googleapis.com/v1/operations/cHJvamVjdHMvdGhldmlzYW1hbmFnZXItYmVhODAvbG9jYXRpb25zL3VzLWNlbnRyYWwxL29wZXJhdGlvbnMvb3BlcmF0aW9uLTE3NzE1ODMwMzY0NTktNjRiM2VkMTk0MGJhNC1iZThhMDc1MS1mMGFjYTYyOA {"name":"operations/cHJvamVjdHMvdGhldmlzYW1hbmFnZXItYmVhODAvbG9jYXRpb25zL3VzLWNlbnRyYWwxL29wZXJhdGlvbnMvb3BlcmF0aW9uLTE3NzE1ODMwMzY0NTktNjRiM2VkMTk0MGJhNC1iZThhMDc1MS1mMGFjYTYyOA","metadata":{"@type":"type.googleapis.com/google.cloud.functions.v1.OperationMetadataV1","target":"projects/thevisamanager-bea80/locations/us-central1/functions/cleanupUserData","type":"DELETE_FUNCTION","request":{"@type":"type.googleapis.com/google.cloud.functions.v1.CloudFunction","name":"projects/thevisamanager-bea80/locations/us-central1/functions/cleanupUserData","httpsTrigger":{},"updateTime":"1970-01-01T00:00:00Z"},"updateTime":"2026-02-20T10:23:56.541273886Z"}}
[debug] [2026-02-20T10:36:24.433Z] [delete-default-us-central1-cleanupUserData] Retrying task index 0
[debug] [2026-02-20T10:36:24.433Z] Checked if tokens are valid: true, expires at: 1771585909769
[debug] [2026-02-20T10:36:24.433Z] Checked if tokens are valid: true, expires at: 1771585909769
[debug] [2026-02-20T10:36:24.434Z] >>> [apiv2][query] GET https://cloudfunctions.googleapis.com/v1/operations/cHJvamVjdHMvdGhldmlzYW1hbmFnZXItYmVhODAvbG9jYXRpb25zL3VzLWNlbnRyYWwxL29wZXJhdGlvbnMvb3BlcmF0aW9uLTE3NzE1ODMwMzY0NTktNjRiM2VkMTk0MGJhNC1iZThhMDc1MS1mMGFjYTYyOA [none]
[debug] [2026-02-20T10:36:25.084Z] <<< [apiv2][status] GET https://cloudfunctions.googleapis.com/v1/operations/cHJvamVjdHMvdGhldmlzYW1hbmFnZXItYmVhODAvbG9jYXRpb25zL3VzLWNlbnRyYWwxL29wZXJhdGlvbnMvb3BlcmF0aW9uLTE3NzE1ODMwMzY0NTktNjRiM2VkMTk0MGJhNC1iZThhMDc1MS1mMGFjYTYyOA 200
[debug] [2026-02-20T10:36:25.084Z] <<< [apiv2][body] GET https://cloudfunctions.googleapis.com/v1/operations/cHJvamVjdHMvdGhldmlzYW1hbmFnZXItYmVhODAvbG9jYXRpb25zL3VzLWNlbnRyYWwxL29wZXJhdGlvbnMvb3BlcmF0aW9uLTE3NzE1ODMwMzY0NTktNjRiM2VkMTk0MGJhNC1iZThhMDc1MS1mMGFjYTYyOA {"name":"operations/cHJvamVjdHMvdGhldmlzYW1hbmFnZXItYmVhODAvbG9jYXRpb25zL3VzLWNlbnRyYWwxL29wZXJhdGlvbnMvb3BlcmF0aW9uLTE3NzE1ODMwMzY0NTktNjRiM2VkMTk0MGJhNC1iZThhMDc1MS1mMGFjYTYyOA","metadata":{"@type":"type.googleapis.com/google.cloud.functions.v1.OperationMetadataV1","target":"projects/thevisamanager-bea80/locations/us-central1/functions/cleanupUserData","type":"DELETE_FUNCTION","request":{"@type":"type.googleapis.com/google.cloud.functions.v1.CloudFunction","name":"projects/thevisamanager-bea80/locations/us-central1/functions/cleanupUserData","httpsTrigger":{},"updateTime":"1970-01-01T00:00:00Z"},"updateTime":"2026-02-20T10:23:56.541273886Z"}}
[debug] [2026-02-20T10:36:35.094Z] [delete-default-us-central1-cleanupUserData] Retrying task index 0
[debug] [2026-02-20T10:36:35.095Z] Checked if tokens are valid: true, expires at: 1771585909769
[debug] [2026-02-20T10:36:35.095Z] Checked if tokens are valid: true, expires at: 1771585909769
[debug] [2026-02-20T10:36:35.095Z] >>> [apiv2][query] GET https://cloudfunctions.googleapis.com/v1/operations/cHJvamVjdHMvdGhldmlzYW1hbmFnZXItYmVhODAvbG9jYXRpb25zL3VzLWNlbnRyYWwxL29wZXJhdGlvbnMvb3BlcmF0aW9uLTE3NzE1ODMwMzY0NTktNjRiM2VkMTk0MGJhNC1iZThhMDc1MS1mMGFjYTYyOA [none]
[debug] [2026-02-20T10:36:35.797Z] <<< [apiv2][status] GET https://cloudfunctions.googleapis.com/v1/operations/cHJvamVjdHMvdGhldmlzYW1hbmFnZXItYmVhODAvbG9jYXRpb25zL3VzLWNlbnRyYWwxL29wZXJhdGlvbnMvb3BlcmF0aW9uLTE3NzE1ODMwMzY0NTktNjRiM2VkMTk0MGJhNC1iZThhMDc1MS1mMGFjYTYyOA 200
[debug] [2026-02-20T10:36:35.798Z] <<< [apiv2][body] GET https://cloudfunctions.googleapis.com/v1/operations/cHJvamVjdHMvdGhldmlzYW1hbmFnZXItYmVhODAvbG9jYXRpb25zL3VzLWNlbnRyYWwxL29wZXJhdGlvbnMvb3BlcmF0aW9uLTE3NzE1ODMwMzY0NTktNjRiM2VkMTk0MGJhNC1iZThhMDc1MS1mMGFjYTYyOA {"name":"operations/cHJvamVjdHMvdGhldmlzYW1hbmFnZXItYmVhODAvbG9jYXRpb25zL3VzLWNlbnRyYWwxL29wZXJhdGlvbnMvb3BlcmF0aW9uLTE3NzE1ODMwMzY0NTktNjRiM2VkMTk0MGJhNC1iZThhMDc1MS1mMGFjYTYyOA","metadata":{"@type":"type.googleapis.com/google.cloud.functions.v1.OperationMetadataV1","target":"projects/thevisamanager-bea80/locations/us-central1/functions/cleanupUserData","type":"DELETE_FUNCTION","request":{"@type":"type.googleapis.com/google.cloud.functions.v1.CloudFunction","name":"projects/thevisamanager-bea80/locations/us-central1/functions/cleanupUserData","httpsTrigger":{},"updateTime":"1970-01-01T00:00:00Z"},"updateTime":"2026-02-20T10:23:56.541273886Z"}}
[debug] [2026-02-20T10:36:45.802Z] [delete-default-us-central1-cleanupUserData] Retrying task index 0
[debug] [2026-02-20T10:36:45.824Z] Checked if tokens are valid: true, expires at: 1771585909769
[debug] [2026-02-20T10:36:45.824Z] Checked if tokens are valid: true, expires at: 1771585909769
[debug] [2026-02-20T10:36:45.824Z] >>> [apiv2][query] GET https://cloudfunctions.googleapis.com/v1/operations/cHJvamVjdHMvdGhldmlzYW1hbmFnZXItYmVhODAvbG9jYXRpb25zL3VzLWNlbnRyYWwxL29wZXJhdGlvbnMvb3BlcmF0aW9uLTE3NzE1ODMwMzY0NTktNjRiM2VkMTk0MGJhNC1iZThhMDc1MS1mMGFjYTYyOA [none]
[debug] [2026-02-20T10:36:46.584Z] <<< [apiv2][status] GET https://cloudfunctions.googleapis.com/v1/operations/cHJvamVjdHMvdGhldmlzYW1hbmFnZXItYmVhODAvbG9jYXRpb25zL3VzLWNlbnRyYWwxL29wZXJhdGlvbnMvb3BlcmF0aW9uLTE3NzE1ODMwMzY0NTktNjRiM2VkMTk0MGJhNC1iZThhMDc1MS1mMGFjYTYyOA 200
[debug] [2026-02-20T10:36:46.584Z] <<< [apiv2][body] GET https://cloudfunctions.googleapis.com/v1/operations/cHJvamVjdHMvdGhldmlzYW1hbmFnZXItYmVhODAvbG9jYXRpb25zL3VzLWNlbnRyYWwxL29wZXJhdGlvbnMvb3BlcmF0aW9uLTE3NzE1ODMwMzY0NTktNjRiM2VkMTk0MGJhNC1iZThhMDc1MS1mMGFjYTYyOA {"name":"operations/cHJvamVjdHMvdGhldmlzYW1hbmFnZXItYmVhODAvbG9jYXRpb25zL3VzLWNlbnRyYWwxL29wZXJhdGlvbnMvb3BlcmF0aW9uLTE3NzE1ODMwMzY0NTktNjRiM2VkMTk0MGJhNC1iZThhMDc1MS1mMGFjYTYyOA","metadata":{"@type":"type.googleapis.com/google.cloud.functions.v1.OperationMetadataV1","target":"projects/thevisamanager-bea80/locations/us-central1/functions/cleanupUserData","type":"DELETE_FUNCTION","request":{"@type":"type.googleapis.com/google.cloud.functions.v1.CloudFunction","name":"projects/thevisamanager-bea80/locations/us-central1/functions/cleanupUserData","httpsTrigger":{},"updateTime":"1970-01-01T00:00:00Z"},"updateTime":"2026-02-20T10:23:56.541273886Z"}}
[debug] [2026-02-20T10:36:56.591Z] [delete-default-us-central1-cleanupUserData] Retrying task index 0
[debug] [2026-02-20T10:36:56.592Z] Checked if tokens are valid: true, expires at: 1771585909769
[debug] [2026-02-20T10:36:56.592Z] Checked if tokens are valid: true, expires at: 1771585909769
[debug] [2026-02-20T10:36:56.592Z] >>> [apiv2][query] GET https://cloudfunctions.googleapis.com/v1/operations/cHJvamVjdHMvdGhldmlzYW1hbmFnZXItYmVhODAvbG9jYXRpb25zL3VzLWNlbnRyYWwxL29wZXJhdGlvbnMvb3BlcmF0aW9uLTE3NzE1ODMwMzY0NTktNjRiM2VkMTk0MGJhNC1iZThhMDc1MS1mMGFjYTYyOA [none]
[debug] [2026-02-20T10:36:57.295Z] <<< [apiv2][status] GET https://cloudfunctions.googleapis.com/v1/operations/cHJvamVjdHMvdGhldmlzYW1hbmFnZXItYmVhODAvbG9jYXRpb25zL3VzLWNlbnRyYWwxL29wZXJhdGlvbnMvb3BlcmF0aW9uLTE3NzE1ODMwMzY0NTktNjRiM2VkMTk0MGJhNC1iZThhMDc1MS1mMGFjYTYyOA 200
[debug] [2026-02-20T10:36:57.295Z] <<< [apiv2][body] GET https://cloudfunctions.googleapis.com/v1/operations/cHJvamVjdHMvdGhldmlzYW1hbmFnZXItYmVhODAvbG9jYXRpb25zL3VzLWNlbnRyYWwxL29wZXJhdGlvbnMvb3BlcmF0aW9uLTE3NzE1ODMwMzY0NTktNjRiM2VkMTk0MGJhNC1iZThhMDc1MS1mMGFjYTYyOA {"name":"operations/cHJvamVjdHMvdGhldmlzYW1hbmFnZXItYmVhODAvbG9jYXRpb25zL3VzLWNlbnRyYWwxL29wZXJhdGlvbnMvb3BlcmF0aW9uLTE3NzE1ODMwMzY0NTktNjRiM2VkMTk0MGJhNC1iZThhMDc1MS1mMGFjYTYyOA","metadata":{"@type":"type.googleapis.com/google.cloud.functions.v1.OperationMetadataV1","target":"projects/thevisamanager-bea80/locations/us-central1/functions/cleanupUserData","type":"DELETE_FUNCTION","request":{"@type":"type.googleapis.com/google.cloud.functions.v1.CloudFunction","name":"projects/thevisamanager-bea80/locations/us-central1/functions/cleanupUserData","httpsTrigger":{},"updateTime":"1970-01-01T00:00:00Z"},"updateTime":"2026-02-20T10:23:56.541273886Z"}}
[debug] [2026-02-20T10:37:07.302Z] [delete-default-us-central1-cleanupUserData] Retrying task index 0
[debug] [2026-02-20T10:37:07.303Z] Checked if tokens are valid: true, expires at: 1771585909769
[debug] [2026-02-20T10:37:07.303Z] Checked if tokens are valid: true, expires at: 1771585909769
[debug] [2026-02-20T10:37:07.303Z] >>> [apiv2][query] GET https://cloudfunctions.googleapis.com/v1/operations/cHJvamVjdHMvdGhldmlzYW1hbmFnZXItYmVhODAvbG9jYXRpb25zL3VzLWNlbnRyYWwxL29wZXJhdGlvbnMvb3BlcmF0aW9uLTE3NzE1ODMwMzY0NTktNjRiM2VkMTk0MGJhNC1iZThhMDc1MS1mMGFjYTYyOA [none]
[debug] [2026-02-20T10:37:07.991Z] <<< [apiv2][status] GET https://cloudfunctions.googleapis.com/v1/operations/cHJvamVjdHMvdGhldmlzYW1hbmFnZXItYmVhODAvbG9jYXRpb25zL3VzLWNlbnRyYWwxL29wZXJhdGlvbnMvb3BlcmF0aW9uLTE3NzE1ODMwMzY0NTktNjRiM2VkMTk0MGJhNC1iZThhMDc1MS1mMGFjYTYyOA 200
[debug] [2026-02-20T10:37:07.991Z] <<< [apiv2][body] GET https://cloudfunctions.googleapis.com/v1/operations/cHJvamVjdHMvdGhldmlzYW1hbmFnZXItYmVhODAvbG9jYXRpb25zL3VzLWNlbnRyYWwxL29wZXJhdGlvbnMvb3BlcmF0aW9uLTE3NzE1ODMwMzY0NTktNjRiM2VkMTk0MGJhNC1iZThhMDc1MS1mMGFjYTYyOA {"name":"operations/cHJvamVjdHMvdGhldmlzYW1hbmFnZXItYmVhODAvbG9jYXRpb25zL3VzLWNlbnRyYWwxL29wZXJhdGlvbnMvb3BlcmF0aW9uLTE3NzE1ODMwMzY0NTktNjRiM2VkMTk0MGJhNC1iZThhMDc1MS1mMGFjYTYyOA","metadata":{"@type":"type.googleapis.com/google.cloud.functions.v1.OperationMetadataV1","target":"projects/thevisamanager-bea80/locations/us-central1/functions/cleanupUserData","type":"DELETE_FUNCTION","request":{"@type":"type.googleapis.com/google.cloud.functions.v1.CloudFunction","name":"projects/thevisamanager-bea80/locations/us-central1/functions/cleanupUserData","httpsTrigger":{},"updateTime":"1970-01-01T00:00:00Z"},"updateTime":"2026-02-20T10:23:56.541273886Z"}}
[debug] [2026-02-20T10:37:18.003Z] [delete-default-us-central1-cleanupUserData] Retrying task index 0
[debug] [2026-02-20T10:37:18.003Z] Checked if tokens are valid: true, expires at: 1771585909769
[debug] [2026-02-20T10:37:18.003Z] Checked if tokens are valid: true, expires at: 1771585909769
[debug] [2026-02-20T10:37:18.004Z] >>> [apiv2][query] GET https://cloudfunctions.googleapis.com/v1/operations/cHJvamVjdHMvdGhldmlzYW1hbmFnZXItYmVhODAvbG9jYXRpb25zL3VzLWNlbnRyYWwxL29wZXJhdGlvbnMvb3BlcmF0aW9uLTE3NzE1ODMwMzY0NTktNjRiM2VkMTk0MGJhNC1iZThhMDc1MS1mMGFjYTYyOA [none]
[debug] [2026-02-20T10:37:18.738Z] <<< [apiv2][status] GET https://cloudfunctions.googleapis.com/v1/operations/cHJvamVjdHMvdGhldmlzYW1hbmFnZXItYmVhODAvbG9jYXRpb25zL3VzLWNlbnRyYWwxL29wZXJhdGlvbnMvb3BlcmF0aW9uLTE3NzE1ODMwMzY0NTktNjRiM2VkMTk0MGJhNC1iZThhMDc1MS1mMGFjYTYyOA 200
[debug] [2026-02-20T10:37:18.739Z] <<< [apiv2][body] GET https://cloudfunctions.googleapis.com/v1/operations/cHJvamVjdHMvdGhldmlzYW1hbmFnZXItYmVhODAvbG9jYXRpb25zL3VzLWNlbnRyYWwxL29wZXJhdGlvbnMvb3BlcmF0aW9uLTE3NzE1ODMwMzY0NTktNjRiM2VkMTk0MGJhNC1iZThhMDc1MS1mMGFjYTYyOA {"name":"operations/cHJvamVjdHMvdGhldmlzYW1hbmFnZXItYmVhODAvbG9jYXRpb25zL3VzLWNlbnRyYWwxL29wZXJhdGlvbnMvb3BlcmF0aW9uLTE3NzE1ODMwMzY0NTktNjRiM2VkMTk0MGJhNC1iZThhMDc1MS1mMGFjYTYyOA","metadata":{"@type":"type.googleapis.com/google.cloud.functions.v1.OperationMetadataV1","target":"projects/thevisamanager-bea80/locations/us-central1/functions/cleanupUserData","type":"DELETE_FUNCTION","request":{"@type":"type.googleapis.com/google.cloud.functions.v1.CloudFunction","name":"projects/thevisamanager-bea80/locations/us-central1/functions/cleanupUserData","httpsTrigger":{},"updateTime":"1970-01-01T00:00:00Z"},"updateTime":"2026-02-20T10:23:56.541273886Z"}}
[debug] [2026-02-20T10:37:28.741Z] [delete-default-us-central1-cleanupUserData] Retrying task index 0
[debug] [2026-02-20T10:37:28.742Z] Checked if tokens are valid: true, expires at: 1771585909769
[debug] [2026-02-20T10:37:28.742Z] Checked if tokens are valid: true, expires at: 1771585909769
[debug] [2026-02-20T10:37:28.743Z] >>> [apiv2][query] GET https://cloudfunctions.googleapis.com/v1/operations/cHJvamVjdHMvdGhldmlzYW1hbmFnZXItYmVhODAvbG9jYXRpb25zL3VzLWNlbnRyYWwxL29wZXJhdGlvbnMvb3BlcmF0aW9uLTE3NzE1ODMwMzY0NTktNjRiM2VkMTk0MGJhNC1iZThhMDc1MS1mMGFjYTYyOA [none]
[debug] [2026-02-20T10:37:29.493Z] <<< [apiv2][status] GET https://cloudfunctions.googleapis.com/v1/operations/cHJvamVjdHMvdGhldmlzYW1hbmFnZXItYmVhODAvbG9jYXRpb25zL3VzLWNlbnRyYWwxL29wZXJhdGlvbnMvb3BlcmF0aW9uLTE3NzE1ODMwMzY0NTktNjRiM2VkMTk0MGJhNC1iZThhMDc1MS1mMGFjYTYyOA 200
[debug] [2026-02-20T10:37:29.494Z] <<< [apiv2][body] GET https://cloudfunctions.googleapis.com/v1/operations/cHJvamVjdHMvdGhldmlzYW1hbmFnZXItYmVhODAvbG9jYXRpb25zL3VzLWNlbnRyYWwxL29wZXJhdGlvbnMvb3BlcmF0aW9uLTE3NzE1ODMwMzY0NTktNjRiM2VkMTk0MGJhNC1iZThhMDc1MS1mMGFjYTYyOA {"name":"operations/cHJvamVjdHMvdGhldmlzYW1hbmFnZXItYmVhODAvbG9jYXRpb25zL3VzLWNlbnRyYWwxL29wZXJhdGlvbnMvb3BlcmF0aW9uLTE3NzE1ODMwMzY0NTktNjRiM2VkMTk0MGJhNC1iZThhMDc1MS1mMGFjYTYyOA","metadata":{"@type":"type.googleapis.com/google.cloud.functions.v1.OperationMetadataV1","target":"projects/thevisamanager-bea80/locations/us-central1/functions/cleanupUserData","type":"DELETE_FUNCTION","request":{"@type":"type.googleapis.com/google.cloud.functions.v1.CloudFunction","name":"projects/thevisamanager-bea80/locations/us-central1/functions/cleanupUserData","httpsTrigger":{},"updateTime":"1970-01-01T00:00:00Z"},"updateTime":"2026-02-20T10:23:56.541273886Z"}}
[debug] [2026-02-20T10:37:39.505Z] [delete-default-us-central1-cleanupUserData] Retrying task index 0
[debug] [2026-02-20T10:37:39.505Z] Checked if tokens are valid: true, expires at: 1771585909769
[debug] [2026-02-20T10:37:39.505Z] Checked if tokens are valid: true, expires at: 1771585909769
[debug] [2026-02-20T10:37:39.505Z] >>> [apiv2][query] GET https://cloudfunctions.googleapis.com/v1/operations/cHJvamVjdHMvdGhldmlzYW1hbmFnZXItYmVhODAvbG9jYXRpb25zL3VzLWNlbnRyYWwxL29wZXJhdGlvbnMvb3BlcmF0aW9uLTE3NzE1ODMwMzY0NTktNjRiM2VkMTk0MGJhNC1iZThhMDc1MS1mMGFjYTYyOA [none]
[debug] [2026-02-20T10:37:40.245Z] <<< [apiv2][status] GET https://cloudfunctions.googleapis.com/v1/operations/cHJvamVjdHMvdGhldmlzYW1hbmFnZXItYmVhODAvbG9jYXRpb25zL3VzLWNlbnRyYWwxL29wZXJhdGlvbnMvb3BlcmF0aW9uLTE3NzE1ODMwMzY0NTktNjRiM2VkMTk0MGJhNC1iZThhMDc1MS1mMGFjYTYyOA 200
[debug] [2026-02-20T10:37:40.245Z] <<< [apiv2][body] GET https://cloudfunctions.googleapis.com/v1/operations/cHJvamVjdHMvdGhldmlzYW1hbmFnZXItYmVhODAvbG9jYXRpb25zL3VzLWNlbnRyYWwxL29wZXJhdGlvbnMvb3BlcmF0aW9uLTE3NzE1ODMwMzY0NTktNjRiM2VkMTk0MGJhNC1iZThhMDc1MS1mMGFjYTYyOA {"name":"operations/cHJvamVjdHMvdGhldmlzYW1hbmFnZXItYmVhODAvbG9jYXRpb25zL3VzLWNlbnRyYWwxL29wZXJhdGlvbnMvb3BlcmF0aW9uLTE3NzE1ODMwMzY0NTktNjRiM2VkMTk0MGJhNC1iZThhMDc1MS1mMGFjYTYyOA","metadata":{"@type":"type.googleapis.com/google.cloud.functions.v1.OperationMetadataV1","target":"projects/thevisamanager-bea80/locations/us-central1/functions/cleanupUserData","type":"DELETE_FUNCTION","request":{"@type":"type.googleapis.com/google.cloud.functions.v1.CloudFunction","name":"projects/thevisamanager-bea80/locations/us-central1/functions/cleanupUserData","httpsTrigger":{},"updateTime":"1970-01-01T00:00:00Z"},"updateTime":"2026-02-20T10:23:56.541273886Z"}}
[debug] [2026-02-20T10:37:50.252Z] [delete-default-us-central1-cleanupUserData] Retrying task index 0
[debug] [2026-02-20T10:37:50.253Z] Checked if tokens are valid: true, expires at: 1771585909769
[debug] [2026-02-20T10:37:50.253Z] Checked if tokens are valid: true, expires at: 1771585909769
[debug] [2026-02-20T10:37:50.253Z] >>> [apiv2][query] GET https://cloudfunctions.googleapis.com/v1/operations/cHJvamVjdHMvdGhldmlzYW1hbmFnZXItYmVhODAvbG9jYXRpb25zL3VzLWNlbnRyYWwxL29wZXJhdGlvbnMvb3BlcmF0aW9uLTE3NzE1ODMwMzY0NTktNjRiM2VkMTk0MGJhNC1iZThhMDc1MS1mMGFjYTYyOA [none]
[debug] [2026-02-20T10:37:50.893Z] <<< [apiv2][status] GET https://cloudfunctions.googleapis.com/v1/operations/cHJvamVjdHMvdGhldmlzYW1hbmFnZXItYmVhODAvbG9jYXRpb25zL3VzLWNlbnRyYWwxL29wZXJhdGlvbnMvb3BlcmF0aW9uLTE3NzE1ODMwMzY0NTktNjRiM2VkMTk0MGJhNC1iZThhMDc1MS1mMGFjYTYyOA 200
[debug] [2026-02-20T10:37:50.893Z] <<< [apiv2][body] GET https://cloudfunctions.googleapis.com/v1/operations/cHJvamVjdHMvdGhldmlzYW1hbmFnZXItYmVhODAvbG9jYXRpb25zL3VzLWNlbnRyYWwxL29wZXJhdGlvbnMvb3BlcmF0aW9uLTE3NzE1ODMwMzY0NTktNjRiM2VkMTk0MGJhNC1iZThhMDc1MS1mMGFjYTYyOA {"name":"operations/cHJvamVjdHMvdGhldmlzYW1hbmFnZXItYmVhODAvbG9jYXRpb25zL3VzLWNlbnRyYWwxL29wZXJhdGlvbnMvb3BlcmF0aW9uLTE3NzE1ODMwMzY0NTktNjRiM2VkMTk0MGJhNC1iZThhMDc1MS1mMGFjYTYyOA","metadata":{"@type":"type.googleapis.com/google.cloud.functions.v1.OperationMetadataV1","target":"projects/thevisamanager-bea80/locations/us-central1/functions/cleanupUserData","type":"DELETE_FUNCTION","request":{"@type":"type.googleapis.com/google.cloud.functions.v1.CloudFunction","name":"projects/thevisamanager-bea80/locations/us-central1/functions/cleanupUserData","httpsTrigger":{},"updateTime":"1970-01-01T00:00:00Z"},"updateTime":"2026-02-20T10:23:56.541273886Z"}}
[debug] [2026-02-20T10:38:00.898Z] [delete-default-us-central1-cleanupUserData] Retrying task index 0
[debug] [2026-02-20T10:38:00.899Z] Checked if tokens are valid: true, expires at: 1771585909769
[debug] [2026-02-20T10:38:00.899Z] Checked if tokens are valid: true, expires at: 1771585909769
[debug] [2026-02-20T10:38:00.899Z] >>> [apiv2][query] GET https://cloudfunctions.googleapis.com/v1/operations/cHJvamVjdHMvdGhldmlzYW1hbmFnZXItYmVhODAvbG9jYXRpb25zL3VzLWNlbnRyYWwxL29wZXJhdGlvbnMvb3BlcmF0aW9uLTE3NzE1ODMwMzY0NTktNjRiM2VkMTk0MGJhNC1iZThhMDc1MS1mMGFjYTYyOA [none]
[debug] [2026-02-20T10:38:01.748Z] <<< [apiv2][status] GET https://cloudfunctions.googleapis.com/v1/operations/cHJvamVjdHMvdGhldmlzYW1hbmFnZXItYmVhODAvbG9jYXRpb25zL3VzLWNlbnRyYWwxL29wZXJhdGlvbnMvb3BlcmF0aW9uLTE3NzE1ODMwMzY0NTktNjRiM2VkMTk0MGJhNC1iZThhMDc1MS1mMGFjYTYyOA 200
[debug] [2026-02-20T10:38:01.749Z] <<< [apiv2][body] GET https://cloudfunctions.googleapis.com/v1/operations/cHJvamVjdHMvdGhldmlzYW1hbmFnZXItYmVhODAvbG9jYXRpb25zL3VzLWNlbnRyYWwxL29wZXJhdGlvbnMvb3BlcmF0aW9uLTE3NzE1ODMwMzY0NTktNjRiM2VkMTk0MGJhNC1iZThhMDc1MS1mMGFjYTYyOA {"name":"operations/cHJvamVjdHMvdGhldmlzYW1hbmFnZXItYmVhODAvbG9jYXRpb25zL3VzLWNlbnRyYWwxL29wZXJhdGlvbnMvb3BlcmF0aW9uLTE3NzE1ODMwMzY0NTktNjRiM2VkMTk0MGJhNC1iZThhMDc1MS1mMGFjYTYyOA","metadata":{"@type":"type.googleapis.com/google.cloud.functions.v1.OperationMetadataV1","target":"projects/thevisamanager-bea80/locations/us-central1/functions/cleanupUserData","type":"DELETE_FUNCTION","request":{"@type":"type.googleapis.com/google.cloud.functions.v1.CloudFunction","name":"projects/thevisamanager-bea80/locations/us-central1/functions/cleanupUserData","httpsTrigger":{},"updateTime":"1970-01-01T00:00:00Z"},"updateTime":"2026-02-20T10:23:56.541273886Z"}}
[debug] [2026-02-20T10:38:11.751Z] [delete-default-us-central1-cleanupUserData] Retrying task index 0
[debug] [2026-02-20T10:38:11.751Z] Checked if tokens are valid: true, expires at: 1771585909769
[debug] [2026-02-20T10:38:11.751Z] Checked if tokens are valid: true, expires at: 1771585909769
[debug] [2026-02-20T10:38:11.751Z] >>> [apiv2][query] GET https://cloudfunctions.googleapis.com/v1/operations/cHJvamVjdHMvdGhldmlzYW1hbmFnZXItYmVhODAvbG9jYXRpb25zL3VzLWNlbnRyYWwxL29wZXJhdGlvbnMvb3BlcmF0aW9uLTE3NzE1ODMwMzY0NTktNjRiM2VkMTk0MGJhNC1iZThhMDc1MS1mMGFjYTYyOA [none]
[debug] [2026-02-20T10:38:12.501Z] <<< [apiv2][status] GET https://cloudfunctions.googleapis.com/v1/operations/cHJvamVjdHMvdGhldmlzYW1hbmFnZXItYmVhODAvbG9jYXRpb25zL3VzLWNlbnRyYWwxL29wZXJhdGlvbnMvb3BlcmF0aW9uLTE3NzE1ODMwMzY0NTktNjRiM2VkMTk0MGJhNC1iZThhMDc1MS1mMGFjYTYyOA 200
[debug] [2026-02-20T10:38:12.501Z] <<< [apiv2][body] GET https://cloudfunctions.googleapis.com/v1/operations/cHJvamVjdHMvdGhldmlzYW1hbmFnZXItYmVhODAvbG9jYXRpb25zL3VzLWNlbnRyYWwxL29wZXJhdGlvbnMvb3BlcmF0aW9uLTE3NzE1ODMwMzY0NTktNjRiM2VkMTk0MGJhNC1iZThhMDc1MS1mMGFjYTYyOA {"name":"operations/cHJvamVjdHMvdGhldmlzYW1hbmFnZXItYmVhODAvbG9jYXRpb25zL3VzLWNlbnRyYWwxL29wZXJhdGlvbnMvb3BlcmF0aW9uLTE3NzE1ODMwMzY0NTktNjRiM2VkMTk0MGJhNC1iZThhMDc1MS1mMGFjYTYyOA","metadata":{"@type":"type.googleapis.com/google.cloud.functions.v1.OperationMetadataV1","target":"projects/thevisamanager-bea80/locations/us-central1/functions/cleanupUserData","type":"DELETE_FUNCTION","request":{"@type":"type.googleapis.com/google.cloud.functions.v1.CloudFunction","name":"projects/thevisamanager-bea80/locations/us-central1/functions/cleanupUserData","httpsTrigger":{},"updateTime":"1970-01-01T00:00:00Z"},"updateTime":"2026-02-20T10:23:56.541273886Z"}}
[debug] [2026-02-20T10:38:22.505Z] [delete-default-us-central1-cleanupUserData] Retrying task index 0
[debug] [2026-02-20T10:38:22.505Z] Checked if tokens are valid: true, expires at: 1771585909769
[debug] [2026-02-20T10:38:22.506Z] Checked if tokens are valid: true, expires at: 1771585909769
[debug] [2026-02-20T10:38:22.507Z] >>> [apiv2][query] GET https://cloudfunctions.googleapis.com/v1/operations/cHJvamVjdHMvdGhldmlzYW1hbmFnZXItYmVhODAvbG9jYXRpb25zL3VzLWNlbnRyYWwxL29wZXJhdGlvbnMvb3BlcmF0aW9uLTE3NzE1ODMwMzY0NTktNjRiM2VkMTk0MGJhNC1iZThhMDc1MS1mMGFjYTYyOA [none]
[debug] [2026-02-20T10:38:23.355Z] <<< [apiv2][status] GET https://cloudfunctions.googleapis.com/v1/operations/cHJvamVjdHMvdGhldmlzYW1hbmFnZXItYmVhODAvbG9jYXRpb25zL3VzLWNlbnRyYWwxL29wZXJhdGlvbnMvb3BlcmF0aW9uLTE3NzE1ODMwMzY0NTktNjRiM2VkMTk0MGJhNC1iZThhMDc1MS1mMGFjYTYyOA 200
[debug] [2026-02-20T10:38:23.355Z] <<< [apiv2][body] GET https://cloudfunctions.googleapis.com/v1/operations/cHJvamVjdHMvdGhldmlzYW1hbmFnZXItYmVhODAvbG9jYXRpb25zL3VzLWNlbnRyYWwxL29wZXJhdGlvbnMvb3BlcmF0aW9uLTE3NzE1ODMwMzY0NTktNjRiM2VkMTk0MGJhNC1iZThhMDc1MS1mMGFjYTYyOA {"name":"operations/cHJvamVjdHMvdGhldmlzYW1hbmFnZXItYmVhODAvbG9jYXRpb25zL3VzLWNlbnRyYWwxL29wZXJhdGlvbnMvb3BlcmF0aW9uLTE3NzE1ODMwMzY0NTktNjRiM2VkMTk0MGJhNC1iZThhMDc1MS1mMGFjYTYyOA","metadata":{"@type":"type.googleapis.com/google.cloud.functions.v1.OperationMetadataV1","target":"projects/thevisamanager-bea80/locations/us-central1/functions/cleanupUserData","type":"DELETE_FUNCTION","request":{"@type":"type.googleapis.com/google.cloud.functions.v1.CloudFunction","name":"projects/thevisamanager-bea80/locations/us-central1/functions/cleanupUserData","httpsTrigger":{},"updateTime":"1970-01-01T00:00:00Z"},"updateTime":"2026-02-20T10:23:56.541273886Z"}}
[debug] [2026-02-20T10:38:33.357Z] [delete-default-us-central1-cleanupUserData] Retrying task index 0
[debug] [2026-02-20T10:38:33.359Z] Checked if tokens are valid: true, expires at: 1771585909769
[debug] [2026-02-20T10:38:33.359Z] Checked if tokens are valid: true, expires at: 1771585909769
[debug] [2026-02-20T10:38:33.359Z] >>> [apiv2][query] GET https://cloudfunctions.googleapis.com/v1/operations/cHJvamVjdHMvdGhldmlzYW1hbmFnZXItYmVhODAvbG9jYXRpb25zL3VzLWNlbnRyYWwxL29wZXJhdGlvbnMvb3BlcmF0aW9uLTE3NzE1ODMwMzY0NTktNjRiM2VkMTk0MGJhNC1iZThhMDc1MS1mMGFjYTYyOA [none]
[debug] [2026-02-20T10:38:34.048Z] <<< [apiv2][status] GET https://cloudfunctions.googleapis.com/v1/operations/cHJvamVjdHMvdGhldmlzYW1hbmFnZXItYmVhODAvbG9jYXRpb25zL3VzLWNlbnRyYWwxL29wZXJhdGlvbnMvb3BlcmF0aW9uLTE3NzE1ODMwMzY0NTktNjRiM2VkMTk0MGJhNC1iZThhMDc1MS1mMGFjYTYyOA 200
[debug] [2026-02-20T10:38:34.048Z] <<< [apiv2][body] GET https://cloudfunctions.googleapis.com/v1/operations/cHJvamVjdHMvdGhldmlzYW1hbmFnZXItYmVhODAvbG9jYXRpb25zL3VzLWNlbnRyYWwxL29wZXJhdGlvbnMvb3BlcmF0aW9uLTE3NzE1ODMwMzY0NTktNjRiM2VkMTk0MGJhNC1iZThhMDc1MS1mMGFjYTYyOA {"name":"operations/cHJvamVjdHMvdGhldmlzYW1hbmFnZXItYmVhODAvbG9jYXRpb25zL3VzLWNlbnRyYWwxL29wZXJhdGlvbnMvb3BlcmF0aW9uLTE3NzE1ODMwMzY0NTktNjRiM2VkMTk0MGJhNC1iZThhMDc1MS1mMGFjYTYyOA","metadata":{"@type":"type.googleapis.com/google.cloud.functions.v1.OperationMetadataV1","target":"projects/thevisamanager-bea80/locations/us-central1/functions/cleanupUserData","type":"DELETE_FUNCTION","request":{"@type":"type.googleapis.com/google.cloud.functions.v1.CloudFunction","name":"projects/thevisamanager-bea80/locations/us-central1/functions/cleanupUserData","httpsTrigger":{},"updateTime":"1970-01-01T00:00:00Z"},"updateTime":"2026-02-20T10:23:56.541273886Z"}}
[debug] [2026-02-20T10:38:44.055Z] [delete-default-us-central1-cleanupUserData] Retrying task index 0
[debug] [2026-02-20T10:38:44.056Z] Checked if tokens are valid: true, expires at: 1771585909769
[debug] [2026-02-20T10:38:44.057Z] Checked if tokens are valid: true, expires at: 1771585909769
[debug] [2026-02-20T10:38:44.057Z] >>> [apiv2][query] GET https://cloudfunctions.googleapis.com/v1/operations/cHJvamVjdHMvdGhldmlzYW1hbmFnZXItYmVhODAvbG9jYXRpb25zL3VzLWNlbnRyYWwxL29wZXJhdGlvbnMvb3BlcmF0aW9uLTE3NzE1ODMwMzY0NTktNjRiM2VkMTk0MGJhNC1iZThhMDc1MS1mMGFjYTYyOA [none]
[debug] [2026-02-20T10:38:44.857Z] <<< [apiv2][status] GET https://cloudfunctions.googleapis.com/v1/operations/cHJvamVjdHMvdGhldmlzYW1hbmFnZXItYmVhODAvbG9jYXRpb25zL3VzLWNlbnRyYWwxL29wZXJhdGlvbnMvb3BlcmF0aW9uLTE3NzE1ODMwMzY0NTktNjRiM2VkMTk0MGJhNC1iZThhMDc1MS1mMGFjYTYyOA 200
[debug] [2026-02-20T10:38:44.858Z] <<< [apiv2][body] GET https://cloudfunctions.googleapis.com/v1/operations/cHJvamVjdHMvdGhldmlzYW1hbmFnZXItYmVhODAvbG9jYXRpb25zL3VzLWNlbnRyYWwxL29wZXJhdGlvbnMvb3BlcmF0aW9uLTE3NzE1ODMwMzY0NTktNjRiM2VkMTk0MGJhNC1iZThhMDc1MS1mMGFjYTYyOA {"name":"operations/cHJvamVjdHMvdGhldmlzYW1hbmFnZXItYmVhODAvbG9jYXRpb25zL3VzLWNlbnRyYWwxL29wZXJhdGlvbnMvb3BlcmF0aW9uLTE3NzE1ODMwMzY0NTktNjRiM2VkMTk0MGJhNC1iZThhMDc1MS1mMGFjYTYyOA","metadata":{"@type":"type.googleapis.com/google.cloud.functions.v1.OperationMetadataV1","target":"projects/thevisamanager-bea80/locations/us-central1/functions/cleanupUserData","type":"DELETE_FUNCTION","request":{"@type":"type.googleapis.com/google.cloud.functions.v1.CloudFunction","name":"projects/thevisamanager-bea80/locations/us-central1/functions/cleanupUserData","httpsTrigger":{},"updateTime":"1970-01-01T00:00:00Z"},"updateTime":"2026-02-20T10:23:56.541273886Z"}}
[debug] [2026-02-20T10:41:42.165Z] [delete-default-us-central1-cleanupUserData] Retrying task index 0
[debug] [2026-02-20T10:41:42.166Z] Checked if tokens are valid: true, expires at: 1771585909769
[debug] [2026-02-20T10:41:42.166Z] Checked if tokens are valid: true, expires at: 1771585909769
[debug] [2026-02-20T10:41:42.166Z] >>> [apiv2][query] GET https://cloudfunctions.googleapis.com/v1/operations/cHJvamVjdHMvdGhldmlzYW1hbmFnZXItYmVhODAvbG9jYXRpb25zL3VzLWNlbnRyYWwxL29wZXJhdGlvbnMvb3BlcmF0aW9uLTE3NzE1ODMwMzY0NTktNjRiM2VkMTk0MGJhNC1iZThhMDc1MS1mMGFjYTYyOA [none]
[debug] [2026-02-20T10:41:42.903Z] <<< [apiv2][status] GET https://cloudfunctions.googleapis.com/v1/operations/cHJvamVjdHMvdGhldmlzYW1hbmFnZXItYmVhODAvbG9jYXRpb25zL3VzLWNlbnRyYWwxL29wZXJhdGlvbnMvb3BlcmF0aW9uLTE3NzE1ODMwMzY0NTktNjRiM2VkMTk0MGJhNC1iZThhMDc1MS1mMGFjYTYyOA 200
[debug] [2026-02-20T10:41:42.903Z] <<< [apiv2][body] GET https://cloudfunctions.googleapis.com/v1/operations/cHJvamVjdHMvdGhldmlzYW1hbmFnZXItYmVhODAvbG9jYXRpb25zL3VzLWNlbnRyYWwxL29wZXJhdGlvbnMvb3BlcmF0aW9uLTE3NzE1ODMwMzY0NTktNjRiM2VkMTk0MGJhNC1iZThhMDc1MS1mMGFjYTYyOA {"name":"operations/cHJvamVjdHMvdGhldmlzYW1hbmFnZXItYmVhODAvbG9jYXRpb25zL3VzLWNlbnRyYWwxL29wZXJhdGlvbnMvb3BlcmF0aW9uLTE3NzE1ODMwMzY0NTktNjRiM2VkMTk0MGJhNC1iZThhMDc1MS1mMGFjYTYyOA","metadata":{"@type":"type.googleapis.com/google.cloud.functions.v1.OperationMetadataV1","target":"projects/thevisamanager-bea80/locations/us-central1/functions/cleanupUserData","type":"DELETE_FUNCTION","request":{"@type":"type.googleapis.com/google.cloud.functions.v1.CloudFunction","name":"projects/thevisamanager-bea80/locations/us-central1/functions/cleanupUserData","httpsTrigger":{},"updateTime":"1970-01-01T00:00:00Z"},"updateTime":"2026-02-20T10:23:56.541273886Z"}}
[debug] [2026-02-20T10:41:52.917Z] [delete-default-us-central1-cleanupUserData] Retrying task index 0
[debug] [2026-02-20T10:41:52.919Z] Checked if tokens are valid: true, expires at: 1771585909769
[debug] [2026-02-20T10:41:52.919Z] Checked if tokens are valid: true, expires at: 1771585909769
[debug] [2026-02-20T10:41:52.919Z] >>> [apiv2][query] GET https://cloudfunctions.googleapis.com/v1/operations/cHJvamVjdHMvdGhldmlzYW1hbmFnZXItYmVhODAvbG9jYXRpb25zL3VzLWNlbnRyYWwxL29wZXJhdGlvbnMvb3BlcmF0aW9uLTE3NzE1ODMwMzY0NTktNjRiM2VkMTk0MGJhNC1iZThhMDc1MS1mMGFjYTYyOA [none]
[debug] [2026-02-20T10:41:53.698Z] <<< [apiv2][status] GET https://cloudfunctions.googleapis.com/v1/operations/cHJvamVjdHMvdGhldmlzYW1hbmFnZXItYmVhODAvbG9jYXRpb25zL3VzLWNlbnRyYWwxL29wZXJhdGlvbnMvb3BlcmF0aW9uLTE3NzE1ODMwMzY0NTktNjRiM2VkMTk0MGJhNC1iZThhMDc1MS1mMGFjYTYyOA 200
[debug] [2026-02-20T10:41:53.698Z] <<< [apiv2][body] GET https://cloudfunctions.googleapis.com/v1/operations/cHJvamVjdHMvdGhldmlzYW1hbmFnZXItYmVhODAvbG9jYXRpb25zL3VzLWNlbnRyYWwxL29wZXJhdGlvbnMvb3BlcmF0aW9uLTE3NzE1ODMwMzY0NTktNjRiM2VkMTk0MGJhNC1iZThhMDc1MS1mMGFjYTYyOA {"name":"operations/cHJvamVjdHMvdGhldmlzYW1hbmFnZXItYmVhODAvbG9jYXRpb25zL3VzLWNlbnRyYWwxL29wZXJhdGlvbnMvb3BlcmF0aW9uLTE3NzE1ODMwMzY0NTktNjRiM2VkMTk0MGJhNC1iZThhMDc1MS1mMGFjYTYyOA","metadata":{"@type":"type.googleapis.com/google.cloud.functions.v1.OperationMetadataV1","target":"projects/thevisamanager-bea80/locations/us-central1/functions/cleanupUserData","type":"DELETE_FUNCTION","request":{"@type":"type.googleapis.com/google.cloud.functions.v1.CloudFunction","name":"projects/thevisamanager-bea80/locations/us-central1/functions/cleanupUserData","httpsTrigger":{},"updateTime":"1970-01-01T00:00:00Z"},"updateTime":"2026-02-20T10:23:56.541273886Z"}}
[debug] [2026-02-20T10:42:03.698Z] [delete-default-us-central1-cleanupUserData] Retrying task index 0
[debug] [2026-02-20T10:42:03.699Z] Checked if tokens are valid: true, expires at: 1771585909769
[debug] [2026-02-20T10:42:03.699Z] Checked if tokens are valid: true, expires at: 1771585909769
[debug] [2026-02-20T10:42:03.699Z] >>> [apiv2][query] GET https://cloudfunctions.googleapis.com/v1/operations/cHJvamVjdHMvdGhldmlzYW1hbmFnZXItYmVhODAvbG9jYXRpb25zL3VzLWNlbnRyYWwxL29wZXJhdGlvbnMvb3BlcmF0aW9uLTE3NzE1ODMwMzY0NTktNjRiM2VkMTk0MGJhNC1iZThhMDc1MS1mMGFjYTYyOA [none]
[debug] [2026-02-20T10:42:04.440Z] <<< [apiv2][status] GET https://cloudfunctions.googleapis.com/v1/operations/cHJvamVjdHMvdGhldmlzYW1hbmFnZXItYmVhODAvbG9jYXRpb25zL3VzLWNlbnRyYWwxL29wZXJhdGlvbnMvb3BlcmF0aW9uLTE3NzE1ODMwMzY0NTktNjRiM2VkMTk0MGJhNC1iZThhMDc1MS1mMGFjYTYyOA 200
[debug] [2026-02-20T10:42:04.440Z] <<< [apiv2][body] GET https://cloudfunctions.googleapis.com/v1/operations/cHJvamVjdHMvdGhldmlzYW1hbmFnZXItYmVhODAvbG9jYXRpb25zL3VzLWNlbnRyYWwxL29wZXJhdGlvbnMvb3BlcmF0aW9uLTE3NzE1ODMwMzY0NTktNjRiM2VkMTk0MGJhNC1iZThhMDc1MS1mMGFjYTYyOA {"name":"operations/cHJvamVjdHMvdGhldmlzYW1hbmFnZXItYmVhODAvbG9jYXRpb25zL3VzLWNlbnRyYWwxL29wZXJhdGlvbnMvb3BlcmF0aW9uLTE3NzE1ODMwMzY0NTktNjRiM2VkMTk0MGJhNC1iZThhMDc1MS1mMGFjYTYyOA","metadata":{"@type":"type.googleapis.com/google.cloud.functions.v1.OperationMetadataV1","target":"projects/thevisamanager-bea80/locations/us-central1/functions/cleanupUserData","type":"DELETE_FUNCTION","request":{"@type":"type.googleapis.com/google.cloud.functions.v1.CloudFunction","name":"projects/thevisamanager-bea80/locations/us-central1/functions/cleanupUserData","httpsTrigger":{},"updateTime":"1970-01-01T00:00:00Z"},"updateTime":"2026-02-20T10:23:56.541273886Z"}}
[debug] [2026-02-20T10:42:14.454Z] [delete-default-us-central1-cleanupUserData] Retrying task index 0
[debug] [2026-02-20T10:42:14.456Z] Checked if tokens are valid: true, expires at: 1771585909769
[debug] [2026-02-20T10:42:14.456Z] Checked if tokens are valid: true, expires at: 1771585909769
[debug] [2026-02-20T10:42:14.456Z] >>> [apiv2][query] GET https://cloudfunctions.googleapis.com/v1/operations/cHJvamVjdHMvdGhldmlzYW1hbmFnZXItYmVhODAvbG9jYXRpb25zL3VzLWNlbnRyYWwxL29wZXJhdGlvbnMvb3BlcmF0aW9uLTE3NzE1ODMwMzY0NTktNjRiM2VkMTk0MGJhNC1iZThhMDc1MS1mMGFjYTYyOA [none]
[debug] [2026-02-20T10:42:15.187Z] <<< [apiv2][status] GET https://cloudfunctions.googleapis.com/v1/operations/cHJvamVjdHMvdGhldmlzYW1hbmFnZXItYmVhODAvbG9jYXRpb25zL3VzLWNlbnRyYWwxL29wZXJhdGlvbnMvb3BlcmF0aW9uLTE3NzE1ODMwMzY0NTktNjRiM2VkMTk0MGJhNC1iZThhMDc1MS1mMGFjYTYyOA 200
[debug] [2026-02-20T10:42:15.188Z] <<< [apiv2][body] GET https://cloudfunctions.googleapis.com/v1/operations/cHJvamVjdHMvdGhldmlzYW1hbmFnZXItYmVhODAvbG9jYXRpb25zL3VzLWNlbnRyYWwxL29wZXJhdGlvbnMvb3BlcmF0aW9uLTE3NzE1ODMwMzY0NTktNjRiM2VkMTk0MGJhNC1iZThhMDc1MS1mMGFjYTYyOA {"name":"operations/cHJvamVjdHMvdGhldmlzYW1hbmFnZXItYmVhODAvbG9jYXRpb25zL3VzLWNlbnRyYWwxL29wZXJhdGlvbnMvb3BlcmF0aW9uLTE3NzE1ODMwMzY0NTktNjRiM2VkMTk0MGJhNC1iZThhMDc1MS1mMGFjYTYyOA","metadata":{"@type":"type.googleapis.com/google.cloud.functions.v1.OperationMetadataV1","target":"projects/thevisamanager-bea80/locations/us-central1/functions/cleanupUserData","type":"DELETE_FUNCTION","request":{"@type":"type.googleapis.com/google.cloud.functions.v1.CloudFunction","name":"projects/thevisamanager-bea80/locations/us-central1/functions/cleanupUserData","httpsTrigger":{},"updateTime":"1970-01-01T00:00:00Z"},"updateTime":"2026-02-20T10:23:56.541273886Z"}}
[debug] [2026-02-20T10:42:25.201Z] [delete-default-us-central1-cleanupUserData] Retrying task index 0
[debug] [2026-02-20T10:42:25.202Z] Checked if tokens are valid: true, expires at: 1771585909769
[debug] [2026-02-20T10:42:25.202Z] Checked if tokens are valid: true, expires at: 1771585909769
[debug] [2026-02-20T10:42:25.202Z] >>> [apiv2][query] GET https://cloudfunctions.googleapis.com/v1/operations/cHJvamVjdHMvdGhldmlzYW1hbmFnZXItYmVhODAvbG9jYXRpb25zL3VzLWNlbnRyYWwxL29wZXJhdGlvbnMvb3BlcmF0aW9uLTE3NzE1ODMwMzY0NTktNjRiM2VkMTk0MGJhNC1iZThhMDc1MS1mMGFjYTYyOA [none]
[debug] [2026-02-20T10:42:25.889Z] <<< [apiv2][status] GET https://cloudfunctions.googleapis.com/v1/operations/cHJvamVjdHMvdGhldmlzYW1hbmFnZXItYmVhODAvbG9jYXRpb25zL3VzLWNlbnRyYWwxL29wZXJhdGlvbnMvb3BlcmF0aW9uLTE3NzE1ODMwMzY0NTktNjRiM2VkMTk0MGJhNC1iZThhMDc1MS1mMGFjYTYyOA 200
[debug] [2026-02-20T10:42:25.889Z] <<< [apiv2][body] GET https://cloudfunctions.googleapis.com/v1/operations/cHJvamVjdHMvdGhldmlzYW1hbmFnZXItYmVhODAvbG9jYXRpb25zL3VzLWNlbnRyYWwxL29wZXJhdGlvbnMvb3BlcmF0aW9uLTE3NzE1ODMwMzY0NTktNjRiM2VkMTk0MGJhNC1iZThhMDc1MS1mMGFjYTYyOA {"name":"operations/cHJvamVjdHMvdGhldmlzYW1hbmFnZXItYmVhODAvbG9jYXRpb25zL3VzLWNlbnRyYWwxL29wZXJhdGlvbnMvb3BlcmF0aW9uLTE3NzE1ODMwMzY0NTktNjRiM2VkMTk0MGJhNC1iZThhMDc1MS1mMGFjYTYyOA","metadata":{"@type":"type.googleapis.com/google.cloud.functions.v1.OperationMetadataV1","target":"projects/thevisamanager-bea80/locations/us-central1/functions/cleanupUserData","type":"DELETE_FUNCTION","request":{"@type":"type.googleapis.com/google.cloud.functions.v1.CloudFunction","name":"projects/thevisamanager-bea80/locations/us-central1/functions/cleanupUserData","httpsTrigger":{},"updateTime":"1970-01-01T00:00:00Z"},"updateTime":"2026-02-20T10:23:56.541273886Z"}}
[debug] [2026-02-20T10:42:35.901Z] [delete-default-us-central1-cleanupUserData] Retrying task index 0
[debug] [2026-02-20T10:42:35.902Z] Checked if tokens are valid: true, expires at: 1771585909769
[debug] [2026-02-20T10:42:35.902Z] Checked if tokens are valid: true, expires at: 1771585909769
[debug] [2026-02-20T10:42:35.902Z] >>> [apiv2][query] GET https://cloudfunctions.googleapis.com/v1/operations/cHJvamVjdHMvdGhldmlzYW1hbmFnZXItYmVhODAvbG9jYXRpb25zL3VzLWNlbnRyYWwxL29wZXJhdGlvbnMvb3BlcmF0aW9uLTE3NzE1ODMwMzY0NTktNjRiM2VkMTk0MGJhNC1iZThhMDc1MS1mMGFjYTYyOA [none]
[debug] [2026-02-20T10:42:36.588Z] <<< [apiv2][status] GET https://cloudfunctions.googleapis.com/v1/operations/cHJvamVjdHMvdGhldmlzYW1hbmFnZXItYmVhODAvbG9jYXRpb25zL3VzLWNlbnRyYWwxL29wZXJhdGlvbnMvb3BlcmF0aW9uLTE3NzE1ODMwMzY0NTktNjRiM2VkMTk0MGJhNC1iZThhMDc1MS1mMGFjYTYyOA 200
[debug] [2026-02-20T10:42:36.588Z] <<< [apiv2][body] GET https://cloudfunctions.googleapis.com/v1/operations/cHJvamVjdHMvdGhldmlzYW1hbmFnZXItYmVhODAvbG9jYXRpb25zL3VzLWNlbnRyYWwxL29wZXJhdGlvbnMvb3BlcmF0aW9uLTE3NzE1ODMwMzY0NTktNjRiM2VkMTk0MGJhNC1iZThhMDc1MS1mMGFjYTYyOA {"name":"operations/cHJvamVjdHMvdGhldmlzYW1hbmFnZXItYmVhODAvbG9jYXRpb25zL3VzLWNlbnRyYWwxL29wZXJhdGlvbnMvb3BlcmF0aW9uLTE3NzE1ODMwMzY0NTktNjRiM2VkMTk0MGJhNC1iZThhMDc1MS1mMGFjYTYyOA","metadata":{"@type":"type.googleapis.com/google.cloud.functions.v1.OperationMetadataV1","target":"projects/thevisamanager-bea80/locations/us-central1/functions/cleanupUserData","type":"DELETE_FUNCTION","request":{"@type":"type.googleapis.com/google.cloud.functions.v1.CloudFunction","name":"projects/thevisamanager-bea80/locations/us-central1/functions/cleanupUserData","httpsTrigger":{},"updateTime":"1970-01-01T00:00:00Z"},"updateTime":"2026-02-20T10:23:56.541273886Z"}}
[debug] [2026-02-20T10:42:46.596Z] [delete-default-us-central1-cleanupUserData] Retrying task index 0
[debug] [2026-02-20T10:42:46.597Z] Checked if tokens are valid: true, expires at: 1771585909769
[debug] [2026-02-20T10:42:46.597Z] Checked if tokens are valid: true, expires at: 1771585909769
[debug] [2026-02-20T10:42:46.597Z] >>> [apiv2][query] GET https://cloudfunctions.googleapis.com/v1/operations/cHJvamVjdHMvdGhldmlzYW1hbmFnZXItYmVhODAvbG9jYXRpb25zL3VzLWNlbnRyYWwxL29wZXJhdGlvbnMvb3BlcmF0aW9uLTE3NzE1ODMwMzY0NTktNjRiM2VkMTk0MGJhNC1iZThhMDc1MS1mMGFjYTYyOA [none]
[debug] [2026-02-20T10:42:47.343Z] <<< [apiv2][status] GET https://cloudfunctions.googleapis.com/v1/operations/cHJvamVjdHMvdGhldmlzYW1hbmFnZXItYmVhODAvbG9jYXRpb25zL3VzLWNlbnRyYWwxL29wZXJhdGlvbnMvb3BlcmF0aW9uLTE3NzE1ODMwMzY0NTktNjRiM2VkMTk0MGJhNC1iZThhMDc1MS1mMGFjYTYyOA 200
[debug] [2026-02-20T10:42:47.343Z] <<< [apiv2][body] GET https://cloudfunctions.googleapis.com/v1/operations/cHJvamVjdHMvdGhldmlzYW1hbmFnZXItYmVhODAvbG9jYXRpb25zL3VzLWNlbnRyYWwxL29wZXJhdGlvbnMvb3BlcmF0aW9uLTE3NzE1ODMwMzY0NTktNjRiM2VkMTk0MGJhNC1iZThhMDc1MS1mMGFjYTYyOA {"name":"operations/cHJvamVjdHMvdGhldmlzYW1hbmFnZXItYmVhODAvbG9jYXRpb25zL3VzLWNlbnRyYWwxL29wZXJhdGlvbnMvb3BlcmF0aW9uLTE3NzE1ODMwMzY0NTktNjRiM2VkMTk0MGJhNC1iZThhMDc1MS1mMGFjYTYyOA","metadata":{"@type":"type.googleapis.com/google.cloud.functions.v1.OperationMetadataV1","target":"projects/thevisamanager-bea80/locations/us-central1/functions/cleanupUserData","type":"DELETE_FUNCTION","request":{"@type":"type.googleapis.com/google.cloud.functions.v1.CloudFunction","name":"projects/thevisamanager-bea80/locations/us-central1/functions/cleanupUserData","httpsTrigger":{},"updateTime":"1970-01-01T00:00:00Z"},"updateTime":"2026-02-20T10:23:56.541273886Z"}}
[debug] [2026-02-20T10:42:57.357Z] [delete-default-us-central1-cleanupUserData] Retrying task index 0
[debug] [2026-02-20T10:42:57.357Z] Checked if tokens are valid: true, expires at: 1771585909769
[debug] [2026-02-20T10:42:57.357Z] Checked if tokens are valid: true, expires at: 1771585909769
[debug] [2026-02-20T10:42:57.357Z] >>> [apiv2][query] GET https://cloudfunctions.googleapis.com/v1/operations/cHJvamVjdHMvdGhldmlzYW1hbmFnZXItYmVhODAvbG9jYXRpb25zL3VzLWNlbnRyYWwxL29wZXJhdGlvbnMvb3BlcmF0aW9uLTE3NzE1ODMwMzY0NTktNjRiM2VkMTk0MGJhNC1iZThhMDc1MS1mMGFjYTYyOA [none]
[debug] [2026-02-20T10:42:58.093Z] <<< [apiv2][status] GET https://cloudfunctions.googleapis.com/v1/operations/cHJvamVjdHMvdGhldmlzYW1hbmFnZXItYmVhODAvbG9jYXRpb25zL3VzLWNlbnRyYWwxL29wZXJhdGlvbnMvb3BlcmF0aW9uLTE3NzE1ODMwMzY0NTktNjRiM2VkMTk0MGJhNC1iZThhMDc1MS1mMGFjYTYyOA 200
[debug] [2026-02-20T10:42:58.093Z] <<< [apiv2][body] GET https://cloudfunctions.googleapis.com/v1/operations/cHJvamVjdHMvdGhldmlzYW1hbmFnZXItYmVhODAvbG9jYXRpb25zL3VzLWNlbnRyYWwxL29wZXJhdGlvbnMvb3BlcmF0aW9uLTE3NzE1ODMwMzY0NTktNjRiM2VkMTk0MGJhNC1iZThhMDc1MS1mMGFjYTYyOA {"name":"operations/cHJvamVjdHMvdGhldmlzYW1hbmFnZXItYmVhODAvbG9jYXRpb25zL3VzLWNlbnRyYWwxL29wZXJhdGlvbnMvb3BlcmF0aW9uLTE3NzE1ODMwMzY0NTktNjRiM2VkMTk0MGJhNC1iZThhMDc1MS1mMGFjYTYyOA","metadata":{"@type":"type.googleapis.com/google.cloud.functions.v1.OperationMetadataV1","target":"projects/thevisamanager-bea80/locations/us-central1/functions/cleanupUserData","type":"DELETE_FUNCTION","request":{"@type":"type.googleapis.com/google.cloud.functions.v1.CloudFunction","name":"projects/thevisamanager-bea80/locations/us-central1/functions/cleanupUserData","httpsTrigger":{},"updateTime":"1970-01-01T00:00:00Z"},"updateTime":"2026-02-20T10:23:56.541273886Z"}}
[debug] [2026-02-20T10:43:08.103Z] [delete-default-us-central1-cleanupUserData] Retrying task index 0
[debug] [2026-02-20T10:43:08.107Z] Checked if tokens are valid: true, expires at: 1771585909769
[debug] [2026-02-20T10:43:08.107Z] Checked if tokens are valid: true, expires at: 1771585909769
[debug] [2026-02-20T10:43:08.107Z] >>> [apiv2][query] GET https://cloudfunctions.googleapis.com/v1/operations/cHJvamVjdHMvdGhldmlzYW1hbmFnZXItYmVhODAvbG9jYXRpb25zL3VzLWNlbnRyYWwxL29wZXJhdGlvbnMvb3BlcmF0aW9uLTE3NzE1ODMwMzY0NTktNjRiM2VkMTk0MGJhNC1iZThhMDc1MS1mMGFjYTYyOA [none]
[debug] [2026-02-20T10:43:08.762Z] <<< [apiv2][status] GET https://cloudfunctions.googleapis.com/v1/operations/cHJvamVjdHMvdGhldmlzYW1hbmFnZXItYmVhODAvbG9jYXRpb25zL3VzLWNlbnRyYWwxL29wZXJhdGlvbnMvb3BlcmF0aW9uLTE3NzE1ODMwMzY0NTktNjRiM2VkMTk0MGJhNC1iZThhMDc1MS1mMGFjYTYyOA 200
[debug] [2026-02-20T10:43:08.763Z] <<< [apiv2][body] GET https://cloudfunctions.googleapis.com/v1/operations/cHJvamVjdHMvdGhldmlzYW1hbmFnZXItYmVhODAvbG9jYXRpb25zL3VzLWNlbnRyYWwxL29wZXJhdGlvbnMvb3BlcmF0aW9uLTE3NzE1ODMwMzY0NTktNjRiM2VkMTk0MGJhNC1iZThhMDc1MS1mMGFjYTYyOA {"name":"operations/cHJvamVjdHMvdGhldmlzYW1hbmFnZXItYmVhODAvbG9jYXRpb25zL3VzLWNlbnRyYWwxL29wZXJhdGlvbnMvb3BlcmF0aW9uLTE3NzE1ODMwMzY0NTktNjRiM2VkMTk0MGJhNC1iZThhMDc1MS1mMGFjYTYyOA","metadata":{"@type":"type.googleapis.com/google.cloud.functions.v1.OperationMetadataV1","target":"projects/thevisamanager-bea80/locations/us-central1/functions/cleanupUserData","type":"DELETE_FUNCTION","request":{"@type":"type.googleapis.com/google.cloud.functions.v1.CloudFunction","name":"projects/thevisamanager-bea80/locations/us-central1/functions/cleanupUserData","httpsTrigger":{},"updateTime":"1970-01-01T00:00:00Z"},"updateTime":"2026-02-20T10:23:56.541273886Z"}}
[debug] [2026-02-20T10:43:18.770Z] [delete-default-us-central1-cleanupUserData] Retrying task index 0
[debug] [2026-02-20T10:43:18.773Z] Checked if tokens are valid: true, expires at: 1771585909769
[debug] [2026-02-20T10:43:18.773Z] Checked if tokens are valid: true, expires at: 1771585909769
[debug] [2026-02-20T10:43:18.773Z] >>> [apiv2][query] GET https://cloudfunctions.googleapis.com/v1/operations/cHJvamVjdHMvdGhldmlzYW1hbmFnZXItYmVhODAvbG9jYXRpb25zL3VzLWNlbnRyYWwxL29wZXJhdGlvbnMvb3BlcmF0aW9uLTE3NzE1ODMwMzY0NTktNjRiM2VkMTk0MGJhNC1iZThhMDc1MS1mMGFjYTYyOA [none]
[debug] [2026-02-20T10:43:19.495Z] <<< [apiv2][status] GET https://cloudfunctions.googleapis.com/v1/operations/cHJvamVjdHMvdGhldmlzYW1hbmFnZXItYmVhODAvbG9jYXRpb25zL3VzLWNlbnRyYWwxL29wZXJhdGlvbnMvb3BlcmF0aW9uLTE3NzE1ODMwMzY0NTktNjRiM2VkMTk0MGJhNC1iZThhMDc1MS1mMGFjYTYyOA 200
[debug] [2026-02-20T10:43:19.495Z] <<< [apiv2][body] GET https://cloudfunctions.googleapis.com/v1/operations/cHJvamVjdHMvdGhldmlzYW1hbmFnZXItYmVhODAvbG9jYXRpb25zL3VzLWNlbnRyYWwxL29wZXJhdGlvbnMvb3BlcmF0aW9uLTE3NzE1ODMwMzY0NTktNjRiM2VkMTk0MGJhNC1iZThhMDc1MS1mMGFjYTYyOA {"name":"operations/cHJvamVjdHMvdGhldmlzYW1hbmFnZXItYmVhODAvbG9jYXRpb25zL3VzLWNlbnRyYWwxL29wZXJhdGlvbnMvb3BlcmF0aW9uLTE3NzE1ODMwMzY0NTktNjRiM2VkMTk0MGJhNC1iZThhMDc1MS1mMGFjYTYyOA","metadata":{"@type":"type.googleapis.com/google.cloud.functions.v1.OperationMetadataV1","target":"projects/thevisamanager-bea80/locations/us-central1/functions/cleanupUserData","type":"DELETE_FUNCTION","request":{"@type":"type.googleapis.com/google.cloud.functions.v1.CloudFunction","name":"projects/thevisamanager-bea80/locations/us-central1/functions/cleanupUserData","httpsTrigger":{},"updateTime":"1970-01-01T00:00:00Z"},"updateTime":"2026-02-20T10:23:56.541273886Z"}}
[debug] [2026-02-20T10:43:29.502Z] [delete-default-us-central1-cleanupUserData] Retrying task index 0
[debug] [2026-02-20T10:43:29.503Z] Checked if tokens are valid: true, expires at: 1771585909769
[debug] [2026-02-20T10:43:29.503Z] Checked if tokens are valid: true, expires at: 1771585909769
[debug] [2026-02-20T10:43:29.503Z] >>> [apiv2][query] GET https://cloudfunctions.googleapis.com/v1/operations/cHJvamVjdHMvdGhldmlzYW1hbmFnZXItYmVhODAvbG9jYXRpb25zL3VzLWNlbnRyYWwxL29wZXJhdGlvbnMvb3BlcmF0aW9uLTE3NzE1ODMwMzY0NTktNjRiM2VkMTk0MGJhNC1iZThhMDc1MS1mMGFjYTYyOA [none]
[debug] [2026-02-20T10:43:30.250Z] <<< [apiv2][status] GET https://cloudfunctions.googleapis.com/v1/operations/cHJvamVjdHMvdGhldmlzYW1hbmFnZXItYmVhODAvbG9jYXRpb25zL3VzLWNlbnRyYWwxL29wZXJhdGlvbnMvb3BlcmF0aW9uLTE3NzE1ODMwMzY0NTktNjRiM2VkMTk0MGJhNC1iZThhMDc1MS1mMGFjYTYyOA 200
[debug] [2026-02-20T10:43:30.250Z] <<< [apiv2][body] GET https://cloudfunctions.googleapis.com/v1/operations/cHJvamVjdHMvdGhldmlzYW1hbmFnZXItYmVhODAvbG9jYXRpb25zL3VzLWNlbnRyYWwxL29wZXJhdGlvbnMvb3BlcmF0aW9uLTE3NzE1ODMwMzY0NTktNjRiM2VkMTk0MGJhNC1iZThhMDc1MS1mMGFjYTYyOA {"name":"operations/cHJvamVjdHMvdGhldmlzYW1hbmFnZXItYmVhODAvbG9jYXRpb25zL3VzLWNlbnRyYWwxL29wZXJhdGlvbnMvb3BlcmF0aW9uLTE3NzE1ODMwMzY0NTktNjRiM2VkMTk0MGJhNC1iZThhMDc1MS1mMGFjYTYyOA","metadata":{"@type":"type.googleapis.com/google.cloud.functions.v1.OperationMetadataV1","target":"projects/thevisamanager-bea80/locations/us-central1/functions/cleanupUserData","type":"DELETE_FUNCTION","request":{"@type":"type.googleapis.com/google.cloud.functions.v1.CloudFunction","name":"projects/thevisamanager-bea80/locations/us-central1/functions/cleanupUserData","httpsTrigger":{},"updateTime":"1970-01-01T00:00:00Z"},"updateTime":"2026-02-20T10:23:56.541273886Z"}}
[debug] [2026-02-20T10:43:40.261Z] [delete-default-us-central1-cleanupUserData] Retrying task index 0
[debug] [2026-02-20T10:43:40.261Z] Checked if tokens are valid: true, expires at: 1771585909769
[debug] [2026-02-20T10:43:40.262Z] Checked if tokens are valid: true, expires at: 1771585909769
[debug] [2026-02-20T10:43:40.262Z] >>> [apiv2][query] GET https://cloudfunctions.googleapis.com/v1/operations/cHJvamVjdHMvdGhldmlzYW1hbmFnZXItYmVhODAvbG9jYXRpb25zL3VzLWNlbnRyYWwxL29wZXJhdGlvbnMvb3BlcmF0aW9uLTE3NzE1ODMwMzY0NTktNjRiM2VkMTk0MGJhNC1iZThhMDc1MS1mMGFjYTYyOA [none]
[debug] [2026-02-20T10:43:41.003Z] <<< [apiv2][status] GET https://cloudfunctions.googleapis.com/v1/operations/cHJvamVjdHMvdGhldmlzYW1hbmFnZXItYmVhODAvbG9jYXRpb25zL3VzLWNlbnRyYWwxL29wZXJhdGlvbnMvb3BlcmF0aW9uLTE3NzE1ODMwMzY0NTktNjRiM2VkMTk0MGJhNC1iZThhMDc1MS1mMGFjYTYyOA 200
[debug] [2026-02-20T10:43:41.003Z] <<< [apiv2][body] GET https://cloudfunctions.googleapis.com/v1/operations/cHJvamVjdHMvdGhldmlzYW1hbmFnZXItYmVhODAvbG9jYXRpb25zL3VzLWNlbnRyYWwxL29wZXJhdGlvbnMvb3BlcmF0aW9uLTE3NzE1ODMwMzY0NTktNjRiM2VkMTk0MGJhNC1iZThhMDc1MS1mMGFjYTYyOA {"name":"operations/cHJvamVjdHMvdGhldmlzYW1hbmFnZXItYmVhODAvbG9jYXRpb25zL3VzLWNlbnRyYWwxL29wZXJhdGlvbnMvb3BlcmF0aW9uLTE3NzE1ODMwMzY0NTktNjRiM2VkMTk0MGJhNC1iZThhMDc1MS1mMGFjYTYyOA","metadata":{"@type":"type.googleapis.com/google.cloud.functions.v1.OperationMetadataV1","target":"projects/thevisamanager-bea80/locations/us-central1/functions/cleanupUserData","type":"DELETE_FUNCTION","request":{"@type":"type.googleapis.com/google.cloud.functions.v1.CloudFunction","name":"projects/thevisamanager-bea80/locations/us-central1/functions/cleanupUserData","httpsTrigger":{},"updateTime":"1970-01-01T00:00:00Z"},"updateTime":"2026-02-20T10:23:56.541273886Z"}}
[debug] [2026-02-20T10:43:51.006Z] [delete-default-us-central1-cleanupUserData] Retrying task index 0
[debug] [2026-02-20T10:43:51.007Z] Checked if tokens are valid: true, expires at: 1771585909769
[debug] [2026-02-20T10:43:51.007Z] Checked if tokens are valid: true, expires at: 1771585909769
[debug] [2026-02-20T10:43:51.007Z] >>> [apiv2][query] GET https://cloudfunctions.googleapis.com/v1/operations/cHJvamVjdHMvdGhldmlzYW1hbmFnZXItYmVhODAvbG9jYXRpb25zL3VzLWNlbnRyYWwxL29wZXJhdGlvbnMvb3BlcmF0aW9uLTE3NzE1ODMwMzY0NTktNjRiM2VkMTk0MGJhNC1iZThhMDc1MS1mMGFjYTYyOA [none]
[debug] [2026-02-20T10:43:51.855Z] <<< [apiv2][status] GET https://cloudfunctions.googleapis.com/v1/operations/cHJvamVjdHMvdGhldmlzYW1hbmFnZXItYmVhODAvbG9jYXRpb25zL3VzLWNlbnRyYWwxL29wZXJhdGlvbnMvb3BlcmF0aW9uLTE3NzE1ODMwMzY0NTktNjRiM2VkMTk0MGJhNC1iZThhMDc1MS1mMGFjYTYyOA 200
[debug] [2026-02-20T10:43:51.855Z] <<< [apiv2][body] GET https://cloudfunctions.googleapis.com/v1/operations/cHJvamVjdHMvdGhldmlzYW1hbmFnZXItYmVhODAvbG9jYXRpb25zL3VzLWNlbnRyYWwxL29wZXJhdGlvbnMvb3BlcmF0aW9uLTE3NzE1ODMwMzY0NTktNjRiM2VkMTk0MGJhNC1iZThhMDc1MS1mMGFjYTYyOA {"name":"operations/cHJvamVjdHMvdGhldmlzYW1hbmFnZXItYmVhODAvbG9jYXRpb25zL3VzLWNlbnRyYWwxL29wZXJhdGlvbnMvb3BlcmF0aW9uLTE3NzE1ODMwMzY0NTktNjRiM2VkMTk0MGJhNC1iZThhMDc1MS1mMGFjYTYyOA","metadata":{"@type":"type.googleapis.com/google.cloud.functions.v1.OperationMetadataV1","target":"projects/thevisamanager-bea80/locations/us-central1/functions/cleanupUserData","type":"DELETE_FUNCTION","request":{"@type":"type.googleapis.com/google.cloud.functions.v1.CloudFunction","name":"projects/thevisamanager-bea80/locations/us-central1/functions/cleanupUserData","httpsTrigger":{},"updateTime":"1970-01-01T00:00:00Z"},"updateTime":"2026-02-20T10:23:56.541273886Z"}}
[debug] [2026-02-20T10:44:01.857Z] [delete-default-us-central1-cleanupUserData] Retrying task index 0
[debug] [2026-02-20T10:44:01.858Z] Checked if tokens are valid: true, expires at: 1771585909769
[debug] [2026-02-20T10:44:01.858Z] Checked if tokens are valid: true, expires at: 1771585909769
[debug] [2026-02-20T10:44:01.858Z] >>> [apiv2][query] GET https://cloudfunctions.googleapis.com/v1/operations/cHJvamVjdHMvdGhldmlzYW1hbmFnZXItYmVhODAvbG9jYXRpb25zL3VzLWNlbnRyYWwxL29wZXJhdGlvbnMvb3BlcmF0aW9uLTE3NzE1ODMwMzY0NTktNjRiM2VkMTk0MGJhNC1iZThhMDc1MS1mMGFjYTYyOA [none]
[debug] [2026-02-20T10:44:02.606Z] <<< [apiv2][status] GET https://cloudfunctions.googleapis.com/v1/operations/cHJvamVjdHMvdGhldmlzYW1hbmFnZXItYmVhODAvbG9jYXRpb25zL3VzLWNlbnRyYWwxL29wZXJhdGlvbnMvb3BlcmF0aW9uLTE3NzE1ODMwMzY0NTktNjRiM2VkMTk0MGJhNC1iZThhMDc1MS1mMGFjYTYyOA 200
[debug] [2026-02-20T10:44:02.606Z] <<< [apiv2][body] GET https://cloudfunctions.googleapis.com/v1/operations/cHJvamVjdHMvdGhldmlzYW1hbmFnZXItYmVhODAvbG9jYXRpb25zL3VzLWNlbnRyYWwxL29wZXJhdGlvbnMvb3BlcmF0aW9uLTE3NzE1ODMwMzY0NTktNjRiM2VkMTk0MGJhNC1iZThhMDc1MS1mMGFjYTYyOA {"name":"operations/cHJvamVjdHMvdGhldmlzYW1hbmFnZXItYmVhODAvbG9jYXRpb25zL3VzLWNlbnRyYWwxL29wZXJhdGlvbnMvb3BlcmF0aW9uLTE3NzE1ODMwMzY0NTktNjRiM2VkMTk0MGJhNC1iZThhMDc1MS1mMGFjYTYyOA","metadata":{"@type":"type.googleapis.com/google.cloud.functions.v1.OperationMetadataV1","target":"projects/thevisamanager-bea80/locations/us-central1/functions/cleanupUserData","type":"DELETE_FUNCTION","request":{"@type":"type.googleapis.com/google.cloud.functions.v1.CloudFunction","name":"projects/thevisamanager-bea80/locations/us-central1/functions/cleanupUserData","httpsTrigger":{},"updateTime":"1970-01-01T00:00:00Z"},"updateTime":"2026-02-20T10:23:56.541273886Z"}}
[debug] [2026-02-20T10:44:12.621Z] [delete-default-us-central1-cleanupUserData] Retrying task index 0
[debug] [2026-02-20T10:44:12.622Z] Checked if tokens are valid: true, expires at: 1771585909769
[debug] [2026-02-20T10:44:12.622Z] Checked if tokens are valid: true, expires at: 1771585909769
[debug] [2026-02-20T10:44:12.622Z] >>> [apiv2][query] GET https://cloudfunctions.googleapis.com/v1/operations/cHJvamVjdHMvdGhldmlzYW1hbmFnZXItYmVhODAvbG9jYXRpb25zL3VzLWNlbnRyYWwxL29wZXJhdGlvbnMvb3BlcmF0aW9uLTE3NzE1ODMwMzY0NTktNjRiM2VkMTk0MGJhNC1iZThhMDc1MS1mMGFjYTYyOA [none]
[debug] [2026-02-20T10:44:13.359Z] <<< [apiv2][status] GET https://cloudfunctions.googleapis.com/v1/operations/cHJvamVjdHMvdGhldmlzYW1hbmFnZXItYmVhODAvbG9jYXRpb25zL3VzLWNlbnRyYWwxL29wZXJhdGlvbnMvb3BlcmF0aW9uLTE3NzE1ODMwMzY0NTktNjRiM2VkMTk0MGJhNC1iZThhMDc1MS1mMGFjYTYyOA 200
[debug] [2026-02-20T10:44:13.359Z] <<< [apiv2][body] GET https://cloudfunctions.googleapis.com/v1/operations/cHJvamVjdHMvdGhldmlzYW1hbmFnZXItYmVhODAvbG9jYXRpb25zL3VzLWNlbnRyYWwxL29wZXJhdGlvbnMvb3BlcmF0aW9uLTE3NzE1ODMwMzY0NTktNjRiM2VkMTk0MGJhNC1iZThhMDc1MS1mMGFjYTYyOA {"name":"operations/cHJvamVjdHMvdGhldmlzYW1hbmFnZXItYmVhODAvbG9jYXRpb25zL3VzLWNlbnRyYWwxL29wZXJhdGlvbnMvb3BlcmF0aW9uLTE3NzE1ODMwMzY0NTktNjRiM2VkMTk0MGJhNC1iZThhMDc1MS1mMGFjYTYyOA","metadata":{"@type":"type.googleapis.com/google.cloud.functions.v1.OperationMetadataV1","target":"projects/thevisamanager-bea80/locations/us-central1/functions/cleanupUserData","type":"DELETE_FUNCTION","request":{"@type":"type.googleapis.com/google.cloud.functions.v1.CloudFunction","name":"projects/thevisamanager-bea80/locations/us-central1/functions/cleanupUserData","httpsTrigger":{},"updateTime":"1970-01-01T00:00:00Z"},"updateTime":"2026-02-20T10:23:56.541273886Z"}}
[debug] [2026-02-20T10:44:23.372Z] [delete-default-us-central1-cleanupUserData] Retrying task index 0
[debug] [2026-02-20T10:44:23.373Z] Checked if tokens are valid: true, expires at: 1771585909769
[debug] [2026-02-20T10:44:23.373Z] Checked if tokens are valid: true, expires at: 1771585909769
[debug] [2026-02-20T10:44:23.373Z] >>> [apiv2][query] GET https://cloudfunctions.googleapis.com/v1/operations/cHJvamVjdHMvdGhldmlzYW1hbmFnZXItYmVhODAvbG9jYXRpb25zL3VzLWNlbnRyYWwxL29wZXJhdGlvbnMvb3BlcmF0aW9uLTE3NzE1ODMwMzY0NTktNjRiM2VkMTk0MGJhNC1iZThhMDc1MS1mMGFjYTYyOA [none]
[debug] [2026-02-20T10:44:24.079Z] <<< [apiv2][status] GET https://cloudfunctions.googleapis.com/v1/operations/cHJvamVjdHMvdGhldmlzYW1hbmFnZXItYmVhODAvbG9jYXRpb25zL3VzLWNlbnRyYWwxL29wZXJhdGlvbnMvb3BlcmF0aW9uLTE3NzE1ODMwMzY0NTktNjRiM2VkMTk0MGJhNC1iZThhMDc1MS1mMGFjYTYyOA 200
[debug] [2026-02-20T10:44:24.080Z] <<< [apiv2][body] GET https://cloudfunctions.googleapis.com/v1/operations/cHJvamVjdHMvdGhldmlzYW1hbmFnZXItYmVhODAvbG9jYXRpb25zL3VzLWNlbnRyYWwxL29wZXJhdGlvbnMvb3BlcmF0aW9uLTE3NzE1ODMwMzY0NTktNjRiM2VkMTk0MGJhNC1iZThhMDc1MS1mMGFjYTYyOA {"name":"operations/cHJvamVjdHMvdGhldmlzYW1hbmFnZXItYmVhODAvbG9jYXRpb25zL3VzLWNlbnRyYWwxL29wZXJhdGlvbnMvb3BlcmF0aW9uLTE3NzE1ODMwMzY0NTktNjRiM2VkMTk0MGJhNC1iZThhMDc1MS1mMGFjYTYyOA","metadata":{"@type":"type.googleapis.com/google.cloud.functions.v1.OperationMetadataV1","target":"projects/thevisamanager-bea80/locations/us-central1/functions/cleanupUserData","type":"DELETE_FUNCTION","request":{"@type":"type.googleapis.com/google.cloud.functions.v1.CloudFunction","name":"projects/thevisamanager-bea80/locations/us-central1/functions/cleanupUserData","httpsTrigger":{},"updateTime":"1970-01-01T00:00:00Z"},"updateTime":"2026-02-20T10:23:56.541273886Z"}}
[debug] [2026-02-20T10:44:34.084Z] [delete-default-us-central1-cleanupUserData] Retrying task index 0
[debug] [2026-02-20T10:44:34.085Z] Checked if tokens are valid: true, expires at: 1771585909769
[debug] [2026-02-20T10:44:34.085Z] Checked if tokens are valid: true, expires at: 1771585909769
[debug] [2026-02-20T10:44:34.086Z] >>> [apiv2][query] GET https://cloudfunctions.googleapis.com/v1/operations/cHJvamVjdHMvdGhldmlzYW1hbmFnZXItYmVhODAvbG9jYXRpb25zL3VzLWNlbnRyYWwxL29wZXJhdGlvbnMvb3BlcmF0aW9uLTE3NzE1ODMwMzY0NTktNjRiM2VkMTk0MGJhNC1iZThhMDc1MS1mMGFjYTYyOA [none]
[debug] [2026-02-20T10:44:34.863Z] <<< [apiv2][status] GET https://cloudfunctions.googleapis.com/v1/operations/cHJvamVjdHMvdGhldmlzYW1hbmFnZXItYmVhODAvbG9jYXRpb25zL3VzLWNlbnRyYWwxL29wZXJhdGlvbnMvb3BlcmF0aW9uLTE3NzE1ODMwMzY0NTktNjRiM2VkMTk0MGJhNC1iZThhMDc1MS1mMGFjYTYyOA 200
[debug] [2026-02-20T10:44:34.863Z] <<< [apiv2][body] GET https://cloudfunctions.googleapis.com/v1/operations/cHJvamVjdHMvdGhldmlzYW1hbmFnZXItYmVhODAvbG9jYXRpb25zL3VzLWNlbnRyYWwxL29wZXJhdGlvbnMvb3BlcmF0aW9uLTE3NzE1ODMwMzY0NTktNjRiM2VkMTk0MGJhNC1iZThhMDc1MS1mMGFjYTYyOA {"name":"operations/cHJvamVjdHMvdGhldmlzYW1hbmFnZXItYmVhODAvbG9jYXRpb25zL3VzLWNlbnRyYWwxL29wZXJhdGlvbnMvb3BlcmF0aW9uLTE3NzE1ODMwMzY0NTktNjRiM2VkMTk0MGJhNC1iZThhMDc1MS1mMGFjYTYyOA","metadata":{"@type":"type.googleapis.com/google.cloud.functions.v1.OperationMetadataV1","target":"projects/thevisamanager-bea80/locations/us-central1/functions/cleanupUserData","type":"DELETE_FUNCTION","request":{"@type":"type.googleapis.com/google.cloud.functions.v1.CloudFunction","name":"projects/thevisamanager-bea80/locations/us-central1/functions/cleanupUserData","httpsTrigger":{},"updateTime":"1970-01-01T00:00:00Z"},"updateTime":"2026-02-20T10:23:56.541273886Z"}}
[debug] [2026-02-20T10:44:44.871Z] [delete-default-us-central1-cleanupUserData] Retrying task index 0
[debug] [2026-02-20T10:44:44.872Z] Checked if tokens are valid: true, expires at: 1771585909769
[debug] [2026-02-20T10:44:44.872Z] Checked if tokens are valid: true, expires at: 1771585909769
[debug] [2026-02-20T10:44:44.872Z] >>> [apiv2][query] GET https://cloudfunctions.googleapis.com/v1/operations/cHJvamVjdHMvdGhldmlzYW1hbmFnZXItYmVhODAvbG9jYXRpb25zL3VzLWNlbnRyYWwxL29wZXJhdGlvbnMvb3BlcmF0aW9uLTE3NzE1ODMwMzY0NTktNjRiM2VkMTk0MGJhNC1iZThhMDc1MS1mMGFjYTYyOA [none]
[debug] [2026-02-20T10:44:45.640Z] <<< [apiv2][status] GET https://cloudfunctions.googleapis.com/v1/operations/cHJvamVjdHMvdGhldmlzYW1hbmFnZXItYmVhODAvbG9jYXRpb25zL3VzLWNlbnRyYWwxL29wZXJhdGlvbnMvb3BlcmF0aW9uLTE3NzE1ODMwMzY0NTktNjRiM2VkMTk0MGJhNC1iZThhMDc1MS1mMGFjYTYyOA 200
[debug] [2026-02-20T10:44:45.640Z] <<< [apiv2][body] GET https://cloudfunctions.googleapis.com/v1/operations/cHJvamVjdHMvdGhldmlzYW1hbmFnZXItYmVhODAvbG9jYXRpb25zL3VzLWNlbnRyYWwxL29wZXJhdGlvbnMvb3BlcmF0aW9uLTE3NzE1ODMwMzY0NTktNjRiM2VkMTk0MGJhNC1iZThhMDc1MS1mMGFjYTYyOA {"name":"operations/cHJvamVjdHMvdGhldmlzYW1hbmFnZXItYmVhODAvbG9jYXRpb25zL3VzLWNlbnRyYWwxL29wZXJhdGlvbnMvb3BlcmF0aW9uLTE3NzE1ODMwMzY0NTktNjRiM2VkMTk0MGJhNC1iZThhMDc1MS1mMGFjYTYyOA","metadata":{"@type":"type.googleapis.com/google.cloud.functions.v1.OperationMetadataV1","target":"projects/thevisamanager-bea80/locations/us-central1/functions/cleanupUserData","type":"DELETE_FUNCTION","request":{"@type":"type.googleapis.com/google.cloud.functions.v1.CloudFunction","name":"projects/thevisamanager-bea80/locations/us-central1/functions/cleanupUserData","httpsTrigger":{},"updateTime":"1970-01-01T00:00:00Z"},"updateTime":"2026-02-20T10:23:56.541273886Z"}}
[debug] [2026-02-20T10:44:55.656Z] [delete-default-us-central1-cleanupUserData] Retrying task index 0
[debug] [2026-02-20T10:44:55.657Z] Checked if tokens are valid: true, expires at: 1771585909769
[debug] [2026-02-20T10:44:55.657Z] Checked if tokens are valid: true, expires at: 1771585909769
[debug] [2026-02-20T10:44:55.657Z] >>> [apiv2][query] GET https://cloudfunctions.googleapis.com/v1/operations/cHJvamVjdHMvdGhldmlzYW1hbmFnZXItYmVhODAvbG9jYXRpb25zL3VzLWNlbnRyYWwxL29wZXJhdGlvbnMvb3BlcmF0aW9uLTE3NzE1ODMwMzY0NTktNjRiM2VkMTk0MGJhNC1iZThhMDc1MS1mMGFjYTYyOA [none]
[debug] [2026-02-20T10:44:56.341Z] <<< [apiv2][status] GET https://cloudfunctions.googleapis.com/v1/operations/cHJvamVjdHMvdGhldmlzYW1hbmFnZXItYmVhODAvbG9jYXRpb25zL3VzLWNlbnRyYWwxL29wZXJhdGlvbnMvb3BlcmF0aW9uLTE3NzE1ODMwMzY0NTktNjRiM2VkMTk0MGJhNC1iZThhMDc1MS1mMGFjYTYyOA 200
[debug] [2026-02-20T10:44:56.341Z] <<< [apiv2][body] GET https://cloudfunctions.googleapis.com/v1/operations/cHJvamVjdHMvdGhldmlzYW1hbmFnZXItYmVhODAvbG9jYXRpb25zL3VzLWNlbnRyYWwxL29wZXJhdGlvbnMvb3BlcmF0aW9uLTE3NzE1ODMwMzY0NTktNjRiM2VkMTk0MGJhNC1iZThhMDc1MS1mMGFjYTYyOA {"name":"operations/cHJvamVjdHMvdGhldmlzYW1hbmFnZXItYmVhODAvbG9jYXRpb25zL3VzLWNlbnRyYWwxL29wZXJhdGlvbnMvb3BlcmF0aW9uLTE3NzE1ODMwMzY0NTktNjRiM2VkMTk0MGJhNC1iZThhMDc1MS1mMGFjYTYyOA","metadata":{"@type":"type.googleapis.com/google.cloud.functions.v1.OperationMetadataV1","target":"projects/thevisamanager-bea80/locations/us-central1/functions/cleanupUserData","type":"DELETE_FUNCTION","request":{"@type":"type.googleapis.com/google.cloud.functions.v1.CloudFunction","name":"projects/thevisamanager-bea80/locations/us-central1/functions/cleanupUserData","httpsTrigger":{},"updateTime":"1970-01-01T00:00:00Z"},"updateTime":"2026-02-20T10:23:56.541273886Z"}}
[debug] [2026-02-20T10:45:06.355Z] [delete-default-us-central1-cleanupUserData] Retrying task index 0
[debug] [2026-02-20T10:45:06.357Z] Checked if tokens are valid: true, expires at: 1771585909769
[debug] [2026-02-20T10:45:06.357Z] Checked if tokens are valid: true, expires at: 1771585909769
[debug] [2026-02-20T10:45:06.357Z] >>> [apiv2][query] GET https://cloudfunctions.googleapis.com/v1/operations/cHJvamVjdHMvdGhldmlzYW1hbmFnZXItYmVhODAvbG9jYXRpb25zL3VzLWNlbnRyYWwxL29wZXJhdGlvbnMvb3BlcmF0aW9uLTE3NzE1ODMwMzY0NTktNjRiM2VkMTk0MGJhNC1iZThhMDc1MS1mMGFjYTYyOA [none]
[debug] [2026-02-20T10:45:07.118Z] <<< [apiv2][status] GET https://cloudfunctions.googleapis.com/v1/operations/cHJvamVjdHMvdGhldmlzYW1hbmFnZXItYmVhODAvbG9jYXRpb25zL3VzLWNlbnRyYWwxL29wZXJhdGlvbnMvb3BlcmF0aW9uLTE3NzE1ODMwMzY0NTktNjRiM2VkMTk0MGJhNC1iZThhMDc1MS1mMGFjYTYyOA 200
[debug] [2026-02-20T10:45:07.118Z] <<< [apiv2][body] GET https://cloudfunctions.googleapis.com/v1/operations/cHJvamVjdHMvdGhldmlzYW1hbmFnZXItYmVhODAvbG9jYXRpb25zL3VzLWNlbnRyYWwxL29wZXJhdGlvbnMvb3BlcmF0aW9uLTE3NzE1ODMwMzY0NTktNjRiM2VkMTk0MGJhNC1iZThhMDc1MS1mMGFjYTYyOA {"name":"operations/cHJvamVjdHMvdGhldmlzYW1hbmFnZXItYmVhODAvbG9jYXRpb25zL3VzLWNlbnRyYWwxL29wZXJhdGlvbnMvb3BlcmF0aW9uLTE3NzE1ODMwMzY0NTktNjRiM2VkMTk0MGJhNC1iZThhMDc1MS1mMGFjYTYyOA","metadata":{"@type":"type.googleapis.com/google.cloud.functions.v1.OperationMetadataV1","target":"projects/thevisamanager-bea80/locations/us-central1/functions/cleanupUserData","type":"DELETE_FUNCTION","request":{"@type":"type.googleapis.com/google.cloud.functions.v1.CloudFunction","name":"projects/thevisamanager-bea80/locations/us-central1/functions/cleanupUserData","httpsTrigger":{},"updateTime":"1970-01-01T00:00:00Z"},"updateTime":"2026-02-20T10:23:56.541273886Z"}}
[debug] [2026-02-20T10:45:17.123Z] [delete-default-us-central1-cleanupUserData] Retrying task index 0
[debug] [2026-02-20T10:45:17.123Z] Checked if tokens are valid: true, expires at: 1771585909769
[debug] [2026-02-20T10:45:17.124Z] Checked if tokens are valid: true, expires at: 1771585909769
[debug] [2026-02-20T10:45:17.124Z] >>> [apiv2][query] GET https://cloudfunctions.googleapis.com/v1/operations/cHJvamVjdHMvdGhldmlzYW1hbmFnZXItYmVhODAvbG9jYXRpb25zL3VzLWNlbnRyYWwxL29wZXJhdGlvbnMvb3BlcmF0aW9uLTE3NzE1ODMwMzY0NTktNjRiM2VkMTk0MGJhNC1iZThhMDc1MS1mMGFjYTYyOA [none]
[debug] [2026-02-20T10:45:17.873Z] <<< [apiv2][status] GET https://cloudfunctions.googleapis.com/v1/operations/cHJvamVjdHMvdGhldmlzYW1hbmFnZXItYmVhODAvbG9jYXRpb25zL3VzLWNlbnRyYWwxL29wZXJhdGlvbnMvb3BlcmF0aW9uLTE3NzE1ODMwMzY0NTktNjRiM2VkMTk0MGJhNC1iZThhMDc1MS1mMGFjYTYyOA 200
[debug] [2026-02-20T10:45:17.873Z] <<< [apiv2][body] GET https://cloudfunctions.googleapis.com/v1/operations/cHJvamVjdHMvdGhldmlzYW1hbmFnZXItYmVhODAvbG9jYXRpb25zL3VzLWNlbnRyYWwxL29wZXJhdGlvbnMvb3BlcmF0aW9uLTE3NzE1ODMwMzY0NTktNjRiM2VkMTk0MGJhNC1iZThhMDc1MS1mMGFjYTYyOA {"name":"operations/cHJvamVjdHMvdGhldmlzYW1hbmFnZXItYmVhODAvbG9jYXRpb25zL3VzLWNlbnRyYWwxL29wZXJhdGlvbnMvb3BlcmF0aW9uLTE3NzE1ODMwMzY0NTktNjRiM2VkMTk0MGJhNC1iZThhMDc1MS1mMGFjYTYyOA","metadata":{"@type":"type.googleapis.com/google.cloud.functions.v1.OperationMetadataV1","target":"projects/thevisamanager-bea80/locations/us-central1/functions/cleanupUserData","type":"DELETE_FUNCTION","request":{"@type":"type.googleapis.com/google.cloud.functions.v1.CloudFunction","name":"projects/thevisamanager-bea80/locations/us-central1/functions/cleanupUserData","httpsTrigger":{},"updateTime":"1970-01-01T00:00:00Z"},"updateTime":"2026-02-20T10:23:56.541273886Z"}}
[debug] [2026-02-20T10:45:27.880Z] [delete-default-us-central1-cleanupUserData] Retrying task index 0
[debug] [2026-02-20T10:45:27.880Z] Checked if tokens are valid: true, expires at: 1771585909769
[debug] [2026-02-20T10:45:27.880Z] Checked if tokens are valid: true, expires at: 1771585909769
[debug] [2026-02-20T10:45:27.880Z] >>> [apiv2][query] GET https://cloudfunctions.googleapis.com/v1/operations/cHJvamVjdHMvdGhldmlzYW1hbmFnZXItYmVhODAvbG9jYXRpb25zL3VzLWNlbnRyYWwxL29wZXJhdGlvbnMvb3BlcmF0aW9uLTE3NzE1ODMwMzY0NTktNjRiM2VkMTk0MGJhNC1iZThhMDc1MS1mMGFjYTYyOA [none]
[debug] [2026-02-20T10:45:28.524Z] <<< [apiv2][status] GET https://cloudfunctions.googleapis.com/v1/operations/cHJvamVjdHMvdGhldmlzYW1hbmFnZXItYmVhODAvbG9jYXRpb25zL3VzLWNlbnRyYWwxL29wZXJhdGlvbnMvb3BlcmF0aW9uLTE3NzE1ODMwMzY0NTktNjRiM2VkMTk0MGJhNC1iZThhMDc1MS1mMGFjYTYyOA 200
[debug] [2026-02-20T10:45:28.525Z] <<< [apiv2][body] GET https://cloudfunctions.googleapis.com/v1/operations/cHJvamVjdHMvdGhldmlzYW1hbmFnZXItYmVhODAvbG9jYXRpb25zL3VzLWNlbnRyYWwxL29wZXJhdGlvbnMvb3BlcmF0aW9uLTE3NzE1ODMwMzY0NTktNjRiM2VkMTk0MGJhNC1iZThhMDc1MS1mMGFjYTYyOA {"name":"operations/cHJvamVjdHMvdGhldmlzYW1hbmFnZXItYmVhODAvbG9jYXRpb25zL3VzLWNlbnRyYWwxL29wZXJhdGlvbnMvb3BlcmF0aW9uLTE3NzE1ODMwMzY0NTktNjRiM2VkMTk0MGJhNC1iZThhMDc1MS1mMGFjYTYyOA","metadata":{"@type":"type.googleapis.com/google.cloud.functions.v1.OperationMetadataV1","target":"projects/thevisamanager-bea80/locations/us-central1/functions/cleanupUserData","type":"DELETE_FUNCTION","request":{"@type":"type.googleapis.com/google.cloud.functions.v1.CloudFunction","name":"projects/thevisamanager-bea80/locations/us-central1/functions/cleanupUserData","httpsTrigger":{},"updateTime":"1970-01-01T00:00:00Z"},"updateTime":"2026-02-20T10:23:56.541273886Z"}}
